material_id,formula,band_gap,formation_energy_per_atom,energy_above_hull,is_metal,is_stable,nsites,density,nelements,elements,chemsys,key
mp-862690,Ac,0.0,0.0,0.0,True,True,4,8.17018178829182,1,['Ac'],Ac,Ac
mp-1183080,Ac3Ag,0.0,0.077761538124995,0.213340028749996,True,False,4,8.698073655591466,2,"['Ac', 'Ag']",Ac-Ag,Ac3Ag
mp-865950,AcAg3,0.0,-0.200376441875,0.0,True,True,8,9.089635386684668,2,"['Ac', 'Ag']",Ac-Ag,AcAg3
mp-866199,AcAg,0.0,-0.271156981250001,0.0,True,True,2,9.03733750389757,2,"['Ac', 'Ag']",Ac-Ag,AcAg
mp-3239788,AcAl2Ag3,0.0,-0.337201183749996,0.0,True,True,6,7.950443007195883,3,"['Ac', 'Ag', 'Al']",Ac-Ag-Al,AcAl2Ag3
mp-862972,AcAgAu2,0.0,-0.602281895625004,0.023172729999998,True,False,4,12.407549241985503,3,"['Ac', 'Ag', 'Au']",Ac-Ag-Au,AcAgAu2
mp-3244905,CaAcAg4,0.0,-0.294891646249998,0.0,True,True,6,7.782143571130657,3,"['Ac', 'Ag', 'Ca']",Ac-Ag-Ca,CaAcAg4
mp-3249812,CaAc(Cd2Ag)2,0.0,-0.315743264687501,0.003182173750001,True,False,8,7.792921277769284,4,"['Ac', 'Ag', 'Ca', 'Cd']",Ac-Ag-Ca-Cd,CaAc(Cd2Ag)2
mp-3248316,CaAcInAg,0.0,-0.441899988125001,0.0,True,True,4,6.727271887947662,4,"['Ac', 'Ag', 'Ca', 'In']",Ac-Ag-Ca-In,CaAcInAg
mp-3251931,Ca2Ac(AgPb)3,0.0,-0.498767525833329,0.0,True,True,9,8.526256959157461,4,"['Ac', 'Ag', 'Ca', 'Pb']",Ac-Ag-Ca-Pb,Ca2Ac(AgPb)3
mp-3252595,Ca2Ac(AgSn)3,0.0,-0.603231314722219,0.0,True,True,9,7.008268041126782,4,"['Ac', 'Ag', 'Ca', 'Sn']",Ac-Ag-Ca-Sn,Ca2Ac(AgSn)3
mp-3275813,Ac2Cd19Ag3,0.0,-0.208453525,0.0,True,True,24,8.966818973361523,3,"['Ac', 'Ag', 'Cd']",Ac-Ag-Cd,Ac2Cd19Ag3
mp-867338,AcCdAg2,0.0,-0.214142074374997,0.050266774166651,True,False,4,9.14743964790949,3,"['Ac', 'Ag', 'Cd']",Ac-Ag-Cd,AcCdAg2
mp-3241142,Ac(CdAg2)2,0.0,-0.238772168214284,0.0,True,True,7,9.637717117525096,3,"['Ac', 'Ag', 'Cd']",Ac-Ag-Cd,Ac(CdAg2)2
mp-3327087,AcCdAg5,0.0,-0.20821773607143,0.0,True,True,7,9.771980402165504,3,"['Ac', 'Ag', 'Cd']",Ac-Ag-Cd,AcCdAg5
mp-3329072,AcCd3Ag2,0.0,-0.285298031249998,0.0,True,True,6,9.07153183133033,3,"['Ac', 'Ag', 'Cd']",Ac-Ag-Cd,AcCd3Ag2
mp-3241049,Ac2CdAgSn2,0.0,-0.655370230000002,0.0,True,True,6,8.328906808632853,4,"['Ac', 'Ag', 'Cd', 'Sn']",Ac-Ag-Cd-Sn,Ac2CdAgSn2
mp-3241282,AcCe(AgSn)2,0.0,-0.591082684583336,0.0,True,True,6,8.181745809699468,4,"['Ac', 'Ag', 'Ce', 'Sn']",Ac-Ag-Ce-Sn,AcCe(AgSn)2
mp-3251859,AcCr2AgO8,1.8889,-2.130085076041666,0.0,False,True,12,5.759673551306803,4,"['Ac', 'Ag', 'Cr', 'O']",Ac-Ag-Cr-O,AcCr2AgO8
mp-3230423,Ac3In3CuAg2,0.0,-0.454179645833335,0.0,True,True,9,8.831711781607128,4,"['Ac', 'Ag', 'Cu', 'In']",Ac-Ag-Cu-In,Ac3In3CuAg2
mp-3240463,AcDy(AgPb)2,0.0,-0.53970770041666,0.0,True,True,6,10.314138868307973,4,"['Ac', 'Ag', 'Dy', 'Pb']",Ac-Ag-Dy-Pb,AcDy(AgPb)2
mp-3241187,AcDy(AgSn)2,0.0,-0.672941792083335,0.0,True,True,6,8.82759365871917,4,"['Ac', 'Ag', 'Dy', 'Sn']",Ac-Ag-Dy-Sn,AcDy(AgSn)2
mp-3240518,AcEr(AgPb)2,0.0,-0.51836231180556,0.0,True,True,6,10.44939407618602,4,"['Ac', 'Ag', 'Er', 'Pb']",Ac-Ag-Er-Pb,AcEr(AgPb)2
mp-3221867,AcEu2(AgSn)4,0.0,-0.533874450681816,0.0,True,True,11,8.395222950897235,4,"['Ac', 'Ag', 'Eu', 'Sn']",Ac-Ag-Eu-Sn,AcEu2(AgSn)4
mp-3245124,AcGa3Ag,0.0,-0.537059058500003,0.0,True,True,5,8.360881832423436,3,"['Ac', 'Ag', 'Ga']",Ac-Ag-Ga,AcGa3Ag
mp-3248401,AcIn2GaAg,0.0,-0.517803434499995,0.0,True,True,5,8.491860855411662,4,"['Ac', 'Ag', 'Ga', 'In']",Ac-Ag-Ga-In,AcIn2GaAg
mp-3248972,AcGaSiAg2,0.0,-0.446966702499997,0.0,True,True,5,8.349744187216924,4,"['Ac', 'Ag', 'Ga', 'Si']",Ac-Ag-Ga-Si,AcGaSiAg2
mp-3239740,AcPr(AgGe)2,0.0,-0.679783206527777,0.0,True,True,6,8.174973339899388,4,"['Ac', 'Ag', 'Ge', 'Pr']",Ac-Ag-Ge-Pr,AcPr(AgGe)2
mp-862873,AcAgHg2,0.0,-0.398351831124948,0.016145468749996,True,False,4,11.341115452937505,3,"['Ac', 'Ag', 'Hg']",Ac-Ag-Hg,AcAgHg2
mp-3240418,Ac2Ag3Hg,0.0,-0.384879436249998,0.0,True,True,6,9.80367668625913,3,"['Ac', 'Ag', 'Hg']",Ac-Ag-Hg,Ac2Ag3Hg
mp-3327460,Ac2AgHg3,0.0,-0.506527945416669,0.0,True,True,6,11.3009573046809,3,"['Ac', 'Ag', 'Hg']",Ac-Ag-Hg,Ac2AgHg3
mp-3329184,AcAg4Hg,0.0,-0.238810862500002,0.0,True,True,6,10.852847358547413,3,"['Ac', 'Ag', 'Hg']",Ac-Ag-Hg,AcAg4Hg
mp-3248132,AcNd(AgHg)2,0.0,-0.448524633333339,0.0,True,True,6,10.55120161217802,4,"['Ac', 'Ag', 'Hg', 'Nd']",Ac-Ag-Hg-Nd,AcNd(AgHg)2
mp-3248242,AcPr(AgHg)2,0.0,-0.444791472361113,0.0,True,True,6,10.41795578161647,4,"['Ac', 'Ag', 'Hg', 'Pr']",Ac-Ag-Hg-Pr,AcPr(AgHg)2
mp-3253233,AcSm(AgHg)2,0.0,-0.446789028750004,0.0,True,True,6,10.739638327136367,4,"['Ac', 'Ag', 'Hg', 'Sm']",Ac-Ag-Hg-Sm,AcSm(AgHg)2
mp-1183121,AcInAg2,0.0,-0.327194329374997,0.019408126874985,True,False,4,9.178970004926356,3,"['Ac', 'Ag', 'In']",Ac-Ag-In,AcInAg2
mp-3223804,Ac2InAg2,0.0,-0.406585140999993,0.0,True,True,10,8.716202346734129,3,"['Ac', 'Ag', 'In']",Ac-Ag-In,Ac2InAg2
mp-3223844,Ac5InAg4,0.0,-0.328673996750006,0.0,True,True,10,8.632760992762677,3,"['Ac', 'Ag', 'In']",Ac-Ag-In,Ac5InAg4
mp-3328400,AcIn3Ag,0.0,-0.4809885205,0.0,True,True,5,8.39313320462995,3,"['Ac', 'Ag', 'In']",Ac-Ag-In,AcIn3Ag
mp-3337711,AcInAg5,0.0,-0.237594698928571,0.0,True,True,7,9.76513947381576,3,"['Ac', 'Ag', 'In']",Ac-Ag-In,AcInAg5
mp-3222634,Ac2Pr(InAg)3,0.0,-0.480995810185182,0.0,True,True,9,8.588981452433286,4,"['Ac', 'Ag', 'In', 'Pr']",Ac-Ag-In-Pr,Ac2Pr(InAg)3
mp-861724,Ac2AgIr,0.0,-0.413285237500005,0.087117584479166,True,False,4,11.36726437762304,3,"['Ac', 'Ag', 'Ir']",Ac-Ag-Ir,Ac2AgIr
mp-3319464,Ac8AgIr6,0.0,-0.6473877316666701,0.0,True,True,15,11.772674591838957,3,"['Ac', 'Ag', 'Ir']",Ac-Ag-Ir,Ac8AgIr6
mp-3223817,Ac4Mg4AgIr3,0.0,-0.517264362083333,0.0,True,True,12,9.335093234487577,4,"['Ac', 'Ag', 'Ir', 'Mg']",Ac-Ag-Ir-Mg,Ac4Mg4AgIr3
mp-3248866,Li2AcAg2,0.0,-0.206635194166665,0.0,True,True,5,6.448742987419983,3,"['Ac', 'Ag', 'Li']",Ac-Ag-Li,Li2AcAg2
mp-3252144,Li2AcAgP2,0.7343000000000001,-0.9672343869642832,0.0,False,True,6,5.862458470066714,4,"['Ac', 'Ag', 'Li', 'P']",Ac-Ag-Li-P,Li2AcAgP2
mp-3223354,Ac2MgAg2,0.0,-0.254001253999996,0.0,True,True,10,7.580888635682156,3,"['Ac', 'Ag', 'Mg']",Ac-Ag-Mg,Ac2MgAg2
mp-3245065,Ac3Mg3Si2Ag,0.1063,-0.461810926944445,0.0,False,True,9,6.224629521128738,4,"['Ac', 'Ag', 'Mg', 'Si']",Ac-Ag-Mg-Si,Ac3Mg3Si2Ag
mp-3250488,Ac3Mg3AgSn2,0.045299999999999,-0.561689434722217,0.0,False,True,9,6.719903441242956,4,"['Ac', 'Ag', 'Mg', 'Sn']",Ac-Ag-Mg-Sn,Ac3Mg3AgSn2
mp-3244548,AcAg(MoO4)2,2.9618,-2.389751371041669,0.0,False,True,12,6.223763150232194,4,"['Ac', 'Ag', 'Mo', 'O']",Ac-Ag-Mo-O,AcAg(MoO4)2
mp-3248526,AcNd(AgPb)2,0.0,-0.574369019166672,0.0,True,True,6,9.8306871443746,4,"['Ac', 'Ag', 'Nd', 'Pb']",Ac-Ag-Nd-Pb,AcNd(AgPb)2
mp-3244939,AcAgO2,2.9261,-2.344701114999999,0.0,False,True,4,7.193143285436924,3,"['Ac', 'Ag', 'O']",Ac-Ag-O,AcAgO2
mp-1183065,AcAg2Pb,0.0,-0.311332194375005,0.0,True,True,4,10.336094994848548,3,"['Ac', 'Ag', 'Pb']",Ac-Ag-Pb,AcAg2Pb
mp-1183076,Ac2AgPb,0.0,-0.480278042500003,0.0,True,True,4,9.490475602624924,3,"['Ac', 'Ag', 'Pb']",Ac-Ag-Pb,Ac2AgPb
mp-3241434,AcTb(AgPb)2,0.0,-0.548983986249998,0.0,True,True,6,10.250021015968656,4,"['Ac', 'Ag', 'Pb', 'Tb']",Ac-Ag-Pb-Tb,AcTb(AgPb)2
mp-3253261,AcPmAg4,0.0,-0.304567442499996,0.0,True,True,6,8.848380396443428,3,"['Ac', 'Ag', 'Pm']",Ac-Ag-Pm,AcPmAg4
mp-3240405,AcPr(AgSn)2,0.0,-0.68826252152778,0.0,True,True,6,8.225524397551059,4,"['Ac', 'Ag', 'Pr', 'Sn']",Ac-Ag-Pr-Sn,AcPr(AgSn)2
mp-3241068,AcSc(AgSn)2,0.0,-0.594899043749999,0.0,True,True,6,7.952133129166467,4,"['Ac', 'Ag', 'Sc', 'Sn']",Ac-Ag-Sc-Sn,AcSc(AgSn)2
mp-3253421,AcSmAg4,0.0,-0.303299624583331,0.0,True,True,6,8.968100794889226,3,"['Ac', 'Ag', 'Sm']",Ac-Ag-Sm,AcSmAg4
mp-862890,AcAg2Sn,0.0,-0.356571924374996,0.044957207812501,True,False,4,9.245002062933622,3,"['Ac', 'Ag', 'Sn']",Ac-Ag-Sn,AcAg2Sn
mp-3329203,Ac(AgSn)2,0.0,-0.480889401499996,0.0,True,True,5,8.761096668485527,3,"['Ac', 'Ag', 'Sn']",Ac-Ag-Sn,Ac(AgSn)2
mp-3231850,SrAc2(AgSn)3,0.0,-0.630749303333333,0.0,True,True,9,7.706305332094596,4,"['Ac', 'Ag', 'Sn', 'Sr']",Ac-Ag-Sn-Sr,SrAc2(AgSn)3
mp-3231559,Ac2Th(AgSn)3,0.0,-0.6165227711111101,0.0,True,True,9,8.870810739706648,4,"['Ac', 'Ag', 'Sn', 'Th']",Ac-Ag-Sn-Th,Ac2Th(AgSn)3
mp-3230301,Ac2Tm(AgSn)3,0.0,-0.6533813955555521,0.0,True,True,9,8.830583211491959,4,"['Ac', 'Ag', 'Sn', 'Tm']",Ac-Ag-Sn-Tm,Ac2Tm(AgSn)3
mp-3241427,AcTm(AgSn)2,0.0,-0.650050572916664,0.0,True,True,6,9.003803641474633,4,"['Ac', 'Ag', 'Sn', 'Tm']",Ac-Ag-Sn-Tm,AcTm(AgSn)2
mp-3239697,AcY(AgSn)2,0.0,-0.6767224929166671,0.0,True,True,6,8.027261586252497,4,"['Ac', 'Ag', 'Sn', 'Y']",Ac-Ag-Sn-Y,AcY(AgSn)2
mp-3249793,AcYb2(AgSn)3,0.0,-0.539268572499995,0.002842464861103,True,False,9,9.17587863385195,4,"['Ac', 'Ag', 'Sn', 'Yb']",Ac-Ag-Sn-Yb,AcYb2(AgSn)3
mp-867311,AcAgTe2,0.079399999999999,-0.996231785625006,0.253250824062497,False,False,4,7.997421189399148,3,"['Ac', 'Ag', 'Te']",Ac-Ag-Te,AcAgTe2
mp-865958,AcTlAg2,0.0,-0.236608026875003,0.0,True,True,4,10.48098234080498,3,"['Ac', 'Ag', 'Tl']",Ac-Ag-Tl,AcTlAg2
mp-1183196,AcYbAg2,0.0,-0.232558955625002,0.0873005125,True,False,4,9.54547391544021,3,"['Ac', 'Ag', 'Yb']",Ac-Ag-Yb,AcYbAg2
mp-3251754,Ac2ZnAg3,0.0,-0.326332519166664,0.0,True,True,6,8.75737773683778,3,"['Ac', 'Ag', 'Zn']",Ac-Ag-Zn,Ac2ZnAg3
mp-3255924,AcAl4,0.0,-0.346737666166666,0.0,True,True,15,4.983009930115304,2,"['Ac', 'Al']",Ac-Al,AcAl4
mp-862617,AcAl3,0.0,-0.408915748125,0.0,True,True,8,5.209835997276531,2,"['Ac', 'Al']",Ac-Al,AcAl3
mp-3222016,Ac(AlAu)2,0.0,-0.8060123475000011,0.0,True,True,10,10.2886557170354,3,"['Ac', 'Al', 'Au']",Ac-Al-Au,Ac(AlAu)2
mp-3249551,AcAl3Au,0.0,-0.677730223500003,0.0,True,True,5,7.674802679212288,3,"['Ac', 'Al', 'Au']",Ac-Al-Au,AcAl3Au
mp-3282389,Ac2(AlAu2)3,0.0,-0.7975570504545431,0.0,True,True,22,12.319008594439843,3,"['Ac', 'Al', 'Au']",Ac-Al-Au,Ac2(AlAu2)3
mp-3241183,AcAl2BOs2,0.0,-0.5532056216666681,0.0,True,True,6,10.584429271402191,4,"['Ac', 'Al', 'B', 'Os']",Ac-Al-B-Os,AcAl2BOs2
mp-3241398,AcAl2BRu2,0.0,-0.6324552183333331,0.0,True,True,6,7.78911814309652,4,"['Ac', 'Al', 'B', 'Ru']",Ac-Al-B-Ru,AcAl2BRu2
mp-3247204,CaAcAlIr2,0.0,-0.758019939499996,0.0,True,True,5,10.102952938187284,4,"['Ac', 'Al', 'Ca', 'Ir']",Ac-Al-Ca-Ir,CaAcAlIr2
mp-3252344,Ac(AlCd)2,0.0,-0.380742163499999,0.0,True,True,5,6.929908951534976,3,"['Ac', 'Al', 'Cd']",Ac-Al-Cd,Ac(AlCd)2
mp-3244229,Ac3Al11Cu,0.0,-0.393423904166669,0.0,True,True,15,5.2873897233808345,3,"['Ac', 'Al', 'Cu']",Ac-Al-Cu,Ac3Al11Cu
mp-3247319,AcAl3Cu2,0.0,-0.415681257916666,0.0,True,True,6,6.527612029351441,3,"['Ac', 'Al', 'Cu']",Ac-Al-Cu,AcAl3Cu2
mp-3252747,AcEr2Al7Cu2,0.0,-0.51066877951389,0.0,True,True,12,6.4102353903776255,4,"['Ac', 'Al', 'Cu', 'Er']",Ac-Al-Cu-Er,AcEr2Al7Cu2
mp-3223411,Ac2Al6CuHg,0.0,-0.43388335925,0.0,True,True,10,6.70546776996584,4,"['Ac', 'Al', 'Cu', 'Hg']",Ac-Al-Cu-Hg,Ac2Al6CuHg
mp-3245418,AcPa2Al7Cu2,0.0,-0.385983483958327,0.0,True,True,12,7.288638738917849,4,"['Ac', 'Al', 'Cu', 'Pa']",Ac-Al-Cu-Pa,AcPa2Al7Cu2
mp-3252377,AcPr2Al7Cu2,0.0,-0.492402686736108,0.0,True,True,12,5.679202957276729,4,"['Ac', 'Al', 'Cu', 'Pr']",Ac-Al-Cu-Pr,AcPr2Al7Cu2
mp-3244765,AcTb2Al7Cu2,0.0,-0.522031800624998,0.0,True,True,12,6.188701943847834,4,"['Ac', 'Al', 'Cu', 'Tb']",Ac-Al-Cu-Tb,AcTb2Al7Cu2
mp-3250773,AcY2Al7Cu2,0.0,-0.517610504791666,0.0,True,True,12,5.186797630971691,4,"['Ac', 'Al', 'Cu', 'Y']",Ac-Al-Cu-Y,AcY2Al7Cu2
mp-3245830,AcEr(AlZn)2,0.0,-0.472871891805558,0.0,True,True,6,6.954708275287017,4,"['Ac', 'Al', 'Er', 'Zn']",Ac-Al-Er-Zn,AcEr(AlZn)2
mp-3251884,Ac3Al11Ga,0.0,-0.373395762166668,0.0,True,True,15,5.231467985453691,3,"['Ac', 'Al', 'Ga']",Ac-Al-Ga,Ac3Al11Ga
mp-3252019,Ac(AlGa)2,0.0,-0.5013715095000001,0.0,True,True,5,6.512281689401953,3,"['Ac', 'Al', 'Ga']",Ac-Al-Ga,Ac(AlGa)2
mp-3241240,Ac2Al3Ga,0.0,-0.546562389166666,0.0,True,True,6,6.087481066298322,3,"['Ac', 'Al', 'Ga']",Ac-Al-Ga,Ac2Al3Ga
mp-3248254,AcAlGaH,0.3299,-0.6327167515624971,0.0,False,True,4,6.792296857003947,4,"['Ac', 'Al', 'Ga', 'H']",Ac-Al-Ga-H,AcAlGaH
mp-3247883,Ac2AlGaI,0.0,-0.957288428499998,0.0,True,True,10,7.093378913564217,4,"['Ac', 'Al', 'Ga', 'I']",Ac-Al-Ga-I,Ac2AlGaI
mp-3241387,AcAl2ZnGa,0.0,-0.496597336500002,0.0,True,True,5,6.543212188759148,4,"['Ac', 'Al', 'Ga', 'Zn']",Ac-Al-Ga-Zn,AcAl2ZnGa
mp-3249231,Ac(AlGe)2,0.0,-0.500670455499999,0.0,True,True,5,5.984041749101982,3,"['Ac', 'Al', 'Ge']",Ac-Al-Ge,Ac(AlGe)2
mp-3252514,AcAlH6,3.216299999999999,-0.4375024525,0.0,False,True,8,5.117321702371893,3,"['Ac', 'Al', 'H']",Ac-Al-H,AcAlH6
mp-3253366,Ac3Al11Hg,0.0,-0.373548394666666,0.0,True,True,15,5.777821166565599,3,"['Ac', 'Al', 'Hg']",Ac-Al-Hg,Ac3Al11Hg
mp-3223281,Ac(AlHg)2,0.0,-0.436966299499999,0.0,True,True,10,9.557420560637498,3,"['Ac', 'Al', 'Hg']",Ac-Al-Hg,Ac(AlHg)2
mp-3253110,Ac2Al2I,0.0,-0.8724145875000031,0.0,True,True,10,6.475829809606867,3,"['Ac', 'Al', 'I']",Ac-Al-I,Ac2Al2I
mp-3250156,Ac4Al3IrI2,0.0,-1.0000144675,0.0,True,True,10,7.341217779070393,4,"['Ac', 'Al', 'I', 'Ir']",Ac-Al-I-Ir,Ac4Al3IrI2
mp-3246943,Ac2AlIrI,0.0,-1.124527774500001,0.0,True,True,10,8.321564470694648,4,"['Ac', 'Al', 'I', 'Ir']",Ac-Al-I-Ir,Ac2AlIrI
mp-3244337,Ac4AlOs3I2,0.0,-0.753245376500001,5.950100000973181e-05,True,False,10,9.222650354617862,4,"['Ac', 'Al', 'I', 'Os']",Ac-Al-I-Os,Ac4AlOs3I2
mp-3249153,Ac2AlOsI,0.0,-0.8337646604999971,0.0,True,True,10,8.32316280165789,4,"['Ac', 'Al', 'I', 'Os']",Ac-Al-I-Os,Ac2AlOsI
mp-3252944,Ac4Al3RuI2,0.0,-0.8690231970000011,0.0,True,True,10,6.907168628863563,4,"['Ac', 'Al', 'I', 'Ru']",Ac-Al-I-Ru,Ac4Al3RuI2
mp-3246219,Ac2Al3Ir2,0.0,-0.8047319807142881,0.0,True,True,7,9.789573800025751,3,"['Ac', 'Al', 'Ir']",Ac-Al-Ir,Ac2Al3Ir2
mp-3222905,Ac2Al3SiIr4,0.0,-0.994948679999998,0.0,True,True,10,11.46234148227961,4,"['Ac', 'Al', 'Ir', 'Si']",Ac-Al-Ir-Si,Ac2Al3SiIr4
mp-3252398,Li2AcLa2Al7,0.0,-0.445147140069442,0.0,True,True,12,4.559335558480399,4,"['Ac', 'Al', 'La', 'Li']",Ac-Al-La-Li,Li2AcLa2Al7
mp-3223475,AcLaAl5Zn3,0.0,-0.467821749750001,0.0,True,True,10,5.620716120346302,4,"['Ac', 'Al', 'La', 'Zn']",Ac-Al-La-Zn,AcLaAl5Zn3
mp-1185001,Li2AcAl,0.0,-0.116891227222225,0.020023434374998,True,False,4,4.77373933771009,3,"['Ac', 'Al', 'Li']",Ac-Al-Li,Li2AcAl
mp-3252965,Li2AcNd2Al7,0.0,-0.456730284652775,0.0,True,True,12,4.740975154651082,4,"['Ac', 'Al', 'Li', 'Nd']",Ac-Al-Li-Nd,Li2AcNd2Al7
mp-3244410,AcAl5Ni2,0.0,-0.6026030396874981,0.0,True,True,8,5.657968670820262,3,"['Ac', 'Al', 'Ni']",Ac-Al-Ni,AcAl5Ni2
mp-1183115,AcAlO3,4.1024,-3.690019421500002,0.0,False,True,5,8.728230081866649,3,"['Ac', 'Al', 'O']",Ac-Al-O,AcAlO3
mp-3247390,AcAl4Rh,0.0,-0.6761858245833321,0.0,True,True,12,6.001357748558601,3,"['Ac', 'Al', 'Rh']",Ac-Al-Rh,AcAl4Rh
mp-3250357,AcSc(AlZn)2,0.0,-0.465282300416665,0.0,True,True,6,5.774595422932223,4,"['Ac', 'Al', 'Sc', 'Zn']",Ac-Al-Sc-Zn,AcSc(AlZn)2
mp-3241395,Ac2Al3Sn,0.0,-0.580977889166665,0.0,True,True,6,6.335911914076641,3,"['Ac', 'Al', 'Sn']",Ac-Al-Sn,Ac2Al3Sn
mp-3251742,AcTm(AlZn)2,0.0,-0.474217119583334,0.0,True,True,6,7.020477615460058,4,"['Ac', 'Al', 'Tm', 'Zn']",Ac-Al-Tm-Zn,AcTm(AlZn)2
mp-3250283,AcAs2AuO8,2.5248,-1.678526818541667,0.0,False,True,12,5.664439391455314,4,"['Ac', 'As', 'Au', 'O']",Ac-As-Au-O,AcAs2AuO8
mp-3244218,Ca3AcAs3,1.396299999999999,-1.467892917857146,0.0,False,True,14,4.902864815920875,3,"['Ac', 'As', 'Ca']",Ac-As-Ca,Ca3AcAs3
mp-3229778,AcTh(CuAs2)2,0.0,-0.943628158437501,0.0,True,True,8,8.623924738866629,4,"['Ac', 'As', 'Cu', 'Th']",Ac-As-Cu-Th,AcTh(CuAs2)2
mp-3223254,AcNiAsH2,0.0,-0.8158694575000021,0.0,True,True,10,8.457981076189743,4,"['Ac', 'As', 'H', 'Ni']",Ac-As-H-Ni,AcNiAsH2
mp-3241391,Ac2AsI2,0.0,-1.773296074499995,0.0,True,True,5,6.007241798743148,3,"['Ac', 'As', 'I']",Ac-As-I,Ac2AsI2
mp-3253721,KAcAs2O7,4.3838,-2.147526740681821,0.0,False,True,11,4.498428505861366,4,"['Ac', 'As', 'K', 'O']",Ac-As-K-O,KAcAs2O7
mp-3241439,Li3AcAs2,0.9787,-1.166002090416666,0.0,False,True,6,5.375407267184081,3,"['Ac', 'As', 'Li']",Ac-As-Li,Li3AcAs2
mp-3249500,LiAcAs2O7,4.207599999999999,-2.093441617310604,0.0,False,True,11,4.287439234513124,4,"['Ac', 'As', 'Li', 'O']",Ac-As-Li-O,LiAcAs2O7
mp-3244503,Ac2AsS,0.0,-2.058766855078126,0.0,True,True,4,7.548611447539105,3,"['Ac', 'As', 'S']",Ac-As-S,Ac2AsS
mp-3248920,AcAsS,0.7661999999999991,-1.866848950937499,0.0,False,True,12,7.012539186243455,3,"['Ac', 'As', 'S']",Ac-As-S,AcAsS
mp-3252619,Sr3AcAs3,1.5091,-1.466716307857146,0.0,False,True,14,5.467726057322229,3,"['Ac', 'As', 'Sr']",Ac-As-Sr,Sr3AcAs3
mp-1183064,Ac3Au,0.0,-0.337090792708352,0.131701262916664,True,False,4,10.10750288448455,2,"['Ac', 'Au']",Ac-Au,Ac3Au
mp-867838,AcAu3,0.0,-0.771291945625002,0.0,True,True,8,13.954950191229132,2,"['Ac', 'Au']",Ac-Au,AcAu3
mp-3293869,AcAu6,0.0,-0.496074105357146,0.0,True,True,14,16.05464639508384,2,"['Ac', 'Au']",Ac-Au,AcAu6
mp-3297020,Ac7Au3,0.0,-0.5625504667499961,0.0,True,True,20,9.69663593513246,2,"['Ac', 'Au']",Ac-Au,Ac7Au3
mp-3322011,Ac3Au4,0.0,-0.90553670678571,0.0,True,True,14,12.323995133066504,2,"['Ac', 'Au']",Ac-Au,Ac3Au4
mp-866016,AcBiAu2,0.0,-0.703839425624998,0.093092230624996,True,False,4,13.065394061465993,3,"['Ac', 'Au', 'Bi']",Ac-Au-Bi,AcBiAu2
mp-3313035,Ac3Bi4Au3,0.3205,-0.9407504747499952,0.0,False,True,20,11.66640510952243,3,"['Ac', 'Au', 'Bi']",Ac-Au-Bi,Ac3Bi4Au3
mp-1183474,CaAcAu2,0.0,-0.852907361874997,0.0,True,True,4,10.178502118944015,3,"['Ac', 'Au', 'Ca']",Ac-Au-Ca,CaAcAu2
mp-3323383,Ca2Ac3Au4,0.0,-0.7990766513888921,0.0,True,True,18,9.589981575514786,3,"['Ac', 'Au', 'Ca']",Ac-Au-Ca,Ca2Ac3Au4
mp-3222358,Ac2CdAu2,0.0,-0.7942047390000081,0.0,True,True,10,10.948018468934652,3,"['Ac', 'Au', 'Cd']",Ac-Au-Cd,Ac2CdAu2
mp-1183071,AcCdAu2,0.0,-0.665137496874997,0.014088140833365,True,False,4,12.220222363644249,3,"['Ac', 'Au', 'Cd']",Ac-Au-Cd,AcCdAu2
mp-3240010,Ac(CdAu2)2,0.0,-0.5970977082142861,0.0,True,True,7,13.628055670467829,3,"['Ac', 'Au', 'Cd']",Ac-Au-Cd,Ac(CdAu2)2
mp-3328451,AcCdAu5,0.0,-0.557396293928572,0.0,True,True,7,14.801724554375662,3,"['Ac', 'Au', 'Cd']",Ac-Au-Cd,AcCdAu5
mp-3230812,Ac2La(CdAu)3,0.0,-0.7198175544444381,0.0,True,True,9,10.582265263873428,4,"['Ac', 'Au', 'Cd', 'La']",Ac-Au-Cd-La,Ac2La(CdAu)3
mp-1006278,AcEuAu2,0.0,-0.779867236875,0.0,True,True,4,11.535299055302662,3,"['Ac', 'Au', 'Eu']",Ac-Au-Eu,AcEuAu2
mp-3305259,Ac8EuAu6,0.0,-0.719062148333341,0.0,True,True,15,10.416956493892776,3,"['Ac', 'Au', 'Eu']",Ac-Au-Eu,Ac8EuAu6
mp-3222812,Ac2Ga7Au,0.0,-0.6375917185000041,0.0,True,True,10,8.75990631118312,3,"['Ac', 'Au', 'Ga']",Ac-Au-Ga,Ac2Ga7Au
mp-3253564,Ac4Ge3Au5,0.0,-0.922086385,0.0,True,True,12,11.208513557305682,3,"['Ac', 'Au', 'Ge']",Ac-Au-Ge,Ac4Ge3Au5
mp-3170960,Ac2Ge3Au,0.0,-0.835024680833332,0.0,True,True,6,9.223029174957622,3,"['Ac', 'Au', 'Ge']",Ac-Au-Ge,Ac2Ge3Au
mp-3240500,AcHo(GeAu)2,0.0,-0.935720752083336,0.0,True,True,6,11.16101265444026,4,"['Ac', 'Au', 'Ge', 'Ho']",Ac-Au-Ge-Ho,AcHo(GeAu)2
mp-3241245,AcSm(GeAu)2,0.0,-0.945437116250005,0.0,True,True,6,10.638768644157336,4,"['Ac', 'Au', 'Ge', 'Sm']",Ac-Au-Ge-Sm,AcSm(GeAu)2
mp-3240567,AcTb(GeAu)2,0.0,-0.9457398179166652,0.0,True,True,6,10.9628473632282,4,"['Ac', 'Au', 'Ge', 'Tb']",Ac-Au-Ge-Tb,AcTb(GeAu)2
mp-861966,AcHgAu2,0.0,-0.6576337837499999,0.015640561250009,True,False,4,13.529897145472034,3,"['Ac', 'Au', 'Hg']",Ac-Au-Hg,AcHgAu2
mp-862860,AcInAu2,0.0,-0.712694174374995,0.031915724351819,True,False,4,12.104970677214212,3,"['Ac', 'Au', 'In']",Ac-Au-In,AcInAu2
mp-3295430,Ac(InAu)3,0.0,-0.623612027499997,0.0,True,True,14,11.645804784105348,3,"['Ac', 'Au', 'In']",Ac-Au-In,Ac(InAu)3
mp-3300044,Ac4In3Au10,0.0,-0.767856113235291,0.0,True,True,34,13.01169193281712,3,"['Ac', 'Au', 'In']",Ac-Au-In,Ac4In3Au10
mp-865951,Ac2IrAu,0.0,-0.695376886249995,0.0,True,True,4,12.810759614228813,3,"['Ac', 'Au', 'Ir']",Ac-Au-Ir,Ac2IrAu
mp-3247660,AcLaAu4,0.0,-0.910364985416672,0.0,True,True,6,12.665721248499118,3,"['Ac', 'Au', 'La']",Ac-Au-La,AcLaAu4
mp-3246379,AcLa(SnAu)2,0.0,-0.9493196304166672,0.0,True,True,6,9.94660522537074,4,"['Ac', 'Au', 'La', 'Sn']",Ac-Au-La-Sn,AcLa(SnAu)2
mp-3249748,Ac(MgAu)2,0.0,-0.725361233500001,0.0,True,True,5,9.266874075799857,3,"['Ac', 'Au', 'Mg']",Ac-Au-Mg,Ac(MgAu)2
mp-864803,NaAcAu2,0.0,-0.659439259374991,0.004591097499996,True,False,4,10.336442678863424,3,"['Ac', 'Au', 'Na']",Ac-Au-Na,NaAcAu2
mp-3253631,AcAuO,1.0707,-2.389943118749997,0.0,False,True,6,10.78493634847983,3,"['Ac', 'Au', 'O']",Ac-Au-O,AcAuO
mp-867422,AcPbAu2,0.0,-0.6827262418750021,0.0,True,True,4,13.15963505590593,3,"['Ac', 'Au', 'Pb']",Ac-Au-Pb,AcPbAu2
mp-3223043,Ac3Yb(PbAu2)2,0.0,-0.8411212117499981,0.0,True,True,10,12.027059265033284,4,"['Ac', 'Au', 'Pb', 'Yb']",Ac-Au-Pb-Yb,Ac3Yb(PbAu2)2
mp-3248338,Ac2(PdAu)5,0.0,-0.613021562083332,0.0,True,True,12,13.64662452660132,3,"['Ac', 'Au', 'Pd']",Ac-Au-Pd,Ac2(PdAu)5
mp-3251827,AcPrAu4,0.0,-0.8778201748611041,0.0,True,True,6,12.849328319723355,3,"['Ac', 'Au', 'Pr']",Ac-Au-Pr,AcPrAu4
mp-3230398,Ac3PrAu4,0.0,-0.8843791205208331,0.0,True,True,8,11.32636806996615,3,"['Ac', 'Au', 'Pr']",Ac-Au-Pr,Ac3PrAu4
mp-3248749,AcPt2Au3,0.0,-0.6991204479166601,0.0,True,True,6,16.58897119450893,3,"['Ac', 'Au', 'Pt']",Ac-Au-Pt,AcPt2Au3
mp-862894,AcSbAu2,0.0,-0.719283556874998,0.159572761250004,True,False,4,12.074736666490756,3,"['Ac', 'Au', 'Sb']",Ac-Au-Sb,AcSbAu2
mp-3311322,Ac3Sb4Au3,0.7953,-1.071829933749995,0.0,False,True,20,10.248845521852722,3,"['Ac', 'Au', 'Sb']",Ac-Au-Sb,Ac3Sb4Au3
mp-862698,Ac2SiAu,0.0,-0.6415023025000011,0.087466920961524,True,False,4,9.576407649547766,3,"['Ac', 'Au', 'Si']",Ac-Au-Si,Ac2SiAu
mp-3241029,Ac(SiAu)2,0.0,-0.6531875495,0.0,True,True,5,10.903338491412285,3,"['Ac', 'Au', 'Si']",Ac-Au-Si,Ac(SiAu)2
mp-3306943,Ac(SiAu2)2,0.0,-0.509745694999992,0.0,True,True,28,12.78291719859198,3,"['Ac', 'Au', 'Si']",Ac-Au-Si,Ac(SiAu2)2
mp-3334067,Ac2Si3Au,0.0,-0.7761866150000001,0.0,True,True,6,8.391860406845744,3,"['Ac', 'Au', 'Si']",Ac-Au-Si,Ac2Si3Au
mp-865957,AcSnAu2,0.0,-0.7001559068750041,0.00636678781251,True,False,4,12.169529519264383,3,"['Ac', 'Au', 'Sn']",Ac-Au-Sn,AcSnAu2
mp-3223318,Ac2SnAu2,0.0,-0.901707385000008,0.0,True,True,10,10.990251608837934,3,"['Ac', 'Au', 'Sn']",Ac-Au-Sn,Ac2SnAu2
mp-3305060,Ac2Sn5Au2,0.0,-0.593613825000002,0.0,True,True,18,9.796674489478445,3,"['Ac', 'Au', 'Sn']",Ac-Au-Sn,Ac2Sn5Au2
mp-1187150,SrAcAu2,0.0,-0.8110818843749921,0.001678605342114,True,False,4,10.28175885539884,3,"['Ac', 'Au', 'Sr']",Ac-Au-Sr,SrAcAu2
mp-865952,AcTlAu2,0.0,-0.6485188643749991,0.0,True,True,4,13.191265708046576,3,"['Ac', 'Au', 'Tl']",Ac-Au-Tl,AcTlAu2
mp-1183185,AcYbAu2,0.0,-0.8039132281249971,0.113419525416638,True,False,4,12.741248470333032,3,"['Ac', 'Au', 'Yb']",Ac-Au-Yb,AcYbAu2
mp-3335247,Ac3YbAu4,0.0,-0.8743338784374971,0.0,True,True,8,11.835846512166698,3,"['Ac', 'Au', 'Yb']",Ac-Au-Yb,Ac3YbAu4
mp-861734,AcZnAu2,0.0,-0.544362240624998,0.11837836576921,True,False,4,11.940258234504109,3,"['Ac', 'Au', 'Zn']",Ac-Au-Zn,AcZnAu2
mp-1183066,Ac2ZnAu,0.0,-0.542450432499997,0.008908270597764,True,False,4,10.020648392119732,3,"['Ac', 'Au', 'Zn']",Ac-Au-Zn,Ac2ZnAu
mp-3308748,Ac2(ZnAu3)3,0.0,-0.5509109199999941,0.0,True,True,14,14.357427271589067,3,"['Ac', 'Au', 'Zn']",Ac-Au-Zn,Ac2(ZnAu3)3
mp-3329187,Ac3ZnAu2,0.0,-0.654462134583335,0.0,True,True,6,10.634148579320582,3,"['Ac', 'Au', 'Zn']",Ac-Au-Zn,Ac3ZnAu2
mp-3248850,Ac2BeB3Ir4,0.0,-0.7852327034999971,0.0,True,True,10,12.80867602289364,4,"['Ac', 'B', 'Be', 'Ir']",Ac-B-Be-Ir,Ac2BeB3Ir4
mp-3246809,Ac2BC11,0.0,-0.165770771964283,0.0,True,True,14,5.862260668606491,3,"['Ac', 'B', 'C']",Ac-B-C,Ac2BC11
mp-3251913,AcBRu2C,0.0,-0.360296266,0.0,True,True,10,9.857165296087484,4,"['Ac', 'B', 'C', 'Ru']",Ac-B-C-Ru,AcBRu2C
mp-3222099,SrAc(BC)4,0.0,-0.409593983750002,0.0,True,True,10,5.536884804844134,4,"['Ac', 'B', 'C', 'Sr']",Ac-B-C-Sr,SrAc(BC)4
mp-3249711,CaAc(BIr)4,0.0,-0.788026324750001,0.0,True,True,10,11.640653737670236,4,"['Ac', 'B', 'Ca', 'Ir']",Ac-B-Ca-Ir,CaAc(BIr)4
mp-3249929,CaAcB5Os3,0.0,-0.463519404999999,0.0,True,True,10,10.068489341328204,4,"['Ac', 'B', 'Ca', 'Os']",Ac-B-Ca-Os,CaAcB5Os3
mp-3245763,CaAc(BRu)4,0.0,-0.463872088750002,0.0,True,True,10,7.824268888309629,4,"['Ac', 'B', 'Ca', 'Ru']",Ac-B-Ca-Ru,CaAc(BRu)4
mp-3252566,AcCe(BRu)4,0.0,-0.54862590475,0.0,True,True,10,8.879027890286936,4,"['Ac', 'B', 'Ce', 'Ru']",Ac-B-Ce-Ru,AcCe(BRu)4
mp-3250383,Ac(CoB)2,0.0,-0.355101672500001,0.0,True,True,5,8.698854131240735,3,"['Ac', 'B', 'Co']",Ac-B-Co,Ac(CoB)2
mp-3248308,AcCoB2Os,0.0,-0.406103294500002,0.0,True,True,5,10.52320128858701,4,"['Ac', 'B', 'Co', 'Os']",Ac-B-Co-Os,AcCoB2Os
mp-3253258,AcCoB2Ru,0.0,-0.424571055500001,0.0,True,True,5,8.780925748799225,4,"['Ac', 'B', 'Co', 'Ru']",Ac-B-Co-Ru,AcCoB2Ru
mp-3252233,AcDy4(TcB3)2,0.0,-0.550733394807694,0.0,True,True,13,8.638406639320907,4,"['Ac', 'B', 'Dy', 'Tc']",Ac-B-Dy-Tc,AcDy4(TcB3)2
mp-3247873,AcFe(BO3)2,2.0312,-2.735350407499999,0.0,False,True,10,5.709501432489478,4,"['Ac', 'B', 'Fe', 'O']",Ac-B-Fe-O,AcFe(BO3)2
mp-3248940,AcPr3B4I5,0.0,-1.248988959999998,0.0,True,True,13,5.108901891403363,4,"['Ac', 'B', 'I', 'Pr']",Ac-B-I-Pr,AcPr3B4I5
mp-3247805,Ac2Sm2B4I5,0.0,-1.250333270192308,0.0,True,True,13,5.736888745848495,4,"['Ac', 'B', 'I', 'Sm']",Ac-B-I-Sm,Ac2Sm2B4I5
mp-3231914,AcBIrN,0.0,-1.160504987187501,0.0,True,True,8,12.140983255624796,4,"['Ac', 'B', 'Ir', 'N']",Ac-B-Ir-N,AcBIrN
mp-3246953,NaAc(BIr)4,0.0,-0.657358574750003,0.0,True,True,10,11.610937024125027,4,"['Ac', 'B', 'Ir', 'Na']",Ac-B-Ir-Na,NaAc(BIr)4
mp-3248363,AcNi2BIr,0.0,-0.534816719999997,0.0,True,True,10,11.32842269246369,4,"['Ac', 'B', 'Ir', 'Ni']",Ac-B-Ir-Ni,AcNi2BIr
mp-3249496,Ac2B4Ir3Os,0.0,-0.732784910499998,0.0,True,True,10,13.116498674585763,4,"['Ac', 'B', 'Ir', 'Os']",Ac-B-Ir-Os,Ac2B4Ir3Os
mp-3250149,Ac2B4IrOs3,0.0,-0.572289555500003,0.0,True,True,10,13.070590467060752,4,"['Ac', 'B', 'Ir', 'Os']",Ac-B-Ir-Os,Ac2B4IrOs3
mp-3251371,Ac2B4IrRu3,0.0,-0.621007147,0.0,True,True,10,10.428487114651888,4,"['Ac', 'B', 'Ir', 'Ru']",Ac-B-Ir-Ru,Ac2B4IrRu3
mp-3244362,Ac2B4Ir3Ru,0.0,-0.7483272899999971,0.0,True,True,10,12.24829579172522,4,"['Ac', 'B', 'Ir', 'Ru']",Ac-B-Ir-Ru,Ac2B4Ir3Ru
mp-3249702,SrAcB4Ir5,0.0,-0.714327899772725,0.0,True,True,11,13.450148361223286,4,"['Ac', 'B', 'Ir', 'Sr']",Ac-B-Ir-Sr,SrAcB4Ir5
mp-3244477,SrAc(BIr)4,0.0,-0.761569933750001,0.0,True,True,10,11.922820819629516,4,"['Ac', 'B', 'Ir', 'Sr']",Ac-B-Ir-Sr,SrAc(BIr)4
mp-3251125,AcYb(BIr)4,0.0,-0.7827281462500021,0.0,True,True,10,13.174825786835209,4,"['Ac', 'B', 'Ir', 'Yb']",Ac-B-Ir-Yb,AcYb(BIr)4
mp-3245902,KAcB12,0.0598,-0.437830363660714,0.0,False,True,14,4.383576616174465,3,"['Ac', 'B', 'K']",Ac-B-K,KAcB12
mp-3248987,AcLa2(BN2)2,0.0,-1.514599538611112,0.0,True,True,9,7.310270722999044,4,"['Ac', 'B', 'La', 'N']",Ac-B-La-N,AcLa2(BN2)2
mp-3222351,LiAcB2O5,5.5213,-2.988009342546298,0.0,False,True,9,5.236957176513613,4,"['Ac', 'B', 'Li', 'O']",Ac-B-Li-O,LiAcB2O5
mp-3170632,AcMg(Ni4B)2,0.0,-0.296978396458333,0.0,True,True,12,8.332711988392377,4,"['Ac', 'B', 'Mg', 'Ni']",Ac-B-Mg-Ni,AcMg(Ni4B)2
mp-3246074,AcNd2(BN2)2,0.0,-1.496329700277774,0.0,True,True,9,7.745422203504667,4,"['Ac', 'B', 'N', 'Nd']",Ac-B-N-Nd,AcNd2(BN2)2
mp-3249885,AcPr2(BN2)2,0.0,-1.469613375648148,0.0,True,True,9,7.524518372509632,4,"['Ac', 'B', 'N', 'Pr']",Ac-B-N-Pr,AcPr2(BN2)2
mp-3249263,NaAcB12,0.1462,-0.423616745535714,0.0,False,True,14,4.288931505253308,3,"['Ac', 'B', 'Na']",Ac-B-Na,NaAcB12
mp-3249983,AcNd(BRu)4,0.0,-0.5463559785000031,0.0,True,True,10,8.891995424242008,4,"['Ac', 'B', 'Nd', 'Ru']",Ac-B-Nd-Ru,AcNd(BRu)4
mp-3253154,AcNi3B,0.0,-0.381018915999999,0.0,True,True,10,9.13826967483632,3,"['Ac', 'B', 'Ni']",Ac-B-Ni,AcNi3B
mp-3245776,Ac2NiB4Os3,0.0,-0.463972879499999,0.0,True,True,10,11.950153443265544,4,"['Ac', 'B', 'Ni', 'Os']",Ac-B-Ni-Os,Ac2NiB4Os3
mp-1183052,AcBO3,0.8071,-2.475389555333333,0.7924727446666661,False,False,5,9.206878605801688,3,"['Ac', 'B', 'O']",Ac-B-O,AcBO3
mp-3303143,Ac(BO2)3,6.1073,-3.003147282249998,0.0,False,True,20,5.288819422256293,3,"['Ac', 'B', 'O']",Ac-B-O,Ac(BO2)3
mp-3313875,Ac2B4O9,6.0397,-3.112447187583333,0.0,False,True,30,6.44487258083694,3,"['Ac', 'B', 'O']",Ac-B-O,Ac2B4O9
mp-3250107,Ac2B5Os3,0.0,-0.459938638750003,0.0,True,True,10,11.738474712494323,3,"['Ac', 'B', 'Os']",Ac-B-Os,Ac2B5Os3
mp-3250312,Ac2B4OsRu3,0.0,-0.5111878000000041,0.0,True,True,10,10.39961117886456,4,"['Ac', 'B', 'Os', 'Ru']",Ac-B-Os-Ru,Ac2B4OsRu3
mp-3244236,AcB2OsRu,0.0,-0.496669170499996,0.0,True,True,10,11.285418220983422,4,"['Ac', 'B', 'Os', 'Ru']",Ac-B-Os-Ru,AcB2OsRu
mp-3222229,AcSm(BOs)4,0.0,-0.4866898907499999,0.0,True,True,10,12.67564800726444,4,"['Ac', 'B', 'Os', 'Sm']",Ac-B-Os-Sm,AcSm(BOs)4
mp-3250506,SrAcB5Os3,0.0,-0.433738439000001,0.0,True,True,10,10.416640392351008,4,"['Ac', 'B', 'Os', 'Sr']",Ac-B-Os-Sr,SrAcB5Os3
mp-3250792,AcYbB5Os3,0.0,-0.4912678115,0.053466879000012,True,False,10,11.676782151282309,4,"['Ac', 'B', 'Os', 'Yb']",Ac-B-Os-Yb,AcYbB5Os3
mp-3244280,AcPr(BRu)4,0.0,-0.540510244916669,0.0,True,True,10,8.815352940151762,4,"['Ac', 'B', 'Pr', 'Ru']",Ac-B-Pr-Ru,AcPr(BRu)4
mp-3249128,AcPr4(B3Ru)2,0.0,-0.469213949935898,0.0,True,True,13,7.770638877064813,4,"['Ac', 'B', 'Pr', 'Ru']",Ac-B-Pr-Ru,AcPr4(B3Ru)2
mp-3252626,AcPr4(TcB3)2,0.0,-0.425588873012818,0.0,True,True,13,7.5764245592719215,4,"['Ac', 'B', 'Pr', 'Tc']",Ac-B-Pr-Tc,AcPr4(TcB3)2
mp-3241454,AcBPt3,0.0,-0.914937878,0.0,True,True,5,15.574131555118347,3,"['Ac', 'B', 'Pt']",Ac-B-Pt,AcBPt3
mp-3248799,AcYbB12,0.0,-0.47916458517857,0.0,True,True,14,6.114856630227353,3,"['Ac', 'B', 'Yb']",Ac-B-Yb,AcYbB12
mp-1183337,Ba3Ac,0.0,0.113130089374999,0.113130089374999,True,False,4,4.643920725956462,2,"['Ac', 'Ba']",Ac-Ba,Ba3Ac
mp-1183364,BaAc3,0.0,0.104439201875,0.104439201875,True,False,8,7.013808351529065,2,"['Ac', 'Ba']",Ac-Ba,BaAc3
mp-3251490,Ba2AcBiO6,2.3262,-2.541931047500003,0.0,False,True,10,7.506066022625198,4,"['Ac', 'Ba', 'Bi', 'O']",Ac-Ba-Bi-O,Ba2AcBiO6
mp-3249140,BaAcC12,0.0,-0.11379485517857,0.000114161785715,True,False,14,5.001196750999846,3,"['Ac', 'Ba', 'C']",Ac-Ba-C,BaAcC12
mp-3246827,BaAcCuS3,1.7647,-1.91244109848958,0.0,False,True,12,5.410252867481789,4,"['Ac', 'Ba', 'Cu', 'S']",Ac-Ba-Cu-S,BaAcCuS3
mp-3249056,BaAcI5,3.0702,-1.878669034285711,0.0,False,True,14,4.880582314030722,3,"['Ac', 'Ba', 'I']",Ac-Ba-I,BaAcI5
mp-3248885,Ba2AcLaSi4,0.0,-0.6104345465624981,0.0,True,True,8,5.110231579601001,4,"['Ac', 'Ba', 'La', 'Si']",Ac-Ba-La-Si,Ba2AcLaSi4
mp-3248416,BaAcPt4,0.0,-0.9850350104166612,0.0,True,True,6,12.408761745359698,3,"['Ac', 'Ba', 'Pt']",Ac-Ba-Pt,BaAcPt4
mp-3251042,Ba(AcS2)2,2.8657,-2.481696698035713,0.0,False,True,14,6.180082875232928,3,"['Ac', 'Ba', 'S']",Ac-Ba-S,Ba(AcS2)2
mp-3240222,AcCe(BeSi)2,0.0,-0.529831655416667,0.0,True,True,6,5.863967004131788,4,"['Ac', 'Be', 'Ce', 'Si']",Ac-Be-Ce-Si,AcCe(BeSi)2
mp-3251730,AcBeSiIr3,0.0,-0.843399910000002,0.0,True,True,12,14.150231347735795,4,"['Ac', 'Be', 'Ir', 'Si']",Ac-Be-Ir-Si,AcBeSiIr3
mp-3247082,Ac2Be(SiIr2)3,0.0,-0.917960722708334,0.0,True,True,12,13.970959027725891,4,"['Ac', 'Be', 'Ir', 'Si']",Ac-Be-Ir-Si,Ac2Be(SiIr2)3
mp-3246320,Ac(BeN)2,0.0,-1.185738856999998,0.0,True,True,10,7.06934446587367,3,"['Ac', 'Be', 'N']",Ac-Be-N,Ac(BeN)2
mp-3245035,NaAc(BeN)4,2.3646,-1.13186113925,0.0,False,True,10,4.827950917533426,4,"['Ac', 'Be', 'N', 'Na']",Ac-Be-N-Na,NaAc(BeN)4
mp-3245563,AcPm(BeSi)2,0.0,-0.5438076699999971,0.0,True,True,6,5.993920035538342,4,"['Ac', 'Be', 'Pm', 'Si']",Ac-Be-Pm-Si,AcPm(BeSi)2
mp-3249280,AcBi2BrO4,1.4566,-2.111627536250001,0.0,False,True,8,8.525115329402622,4,"['Ac', 'Bi', 'Br', 'O']",Ac-Bi-Br-O,AcBi2BrO4
mp-3246624,AcBi2ClO4,1.5251,-2.1444026893750032,0.0,False,True,8,8.338819877422464,4,"['Ac', 'Bi', 'Cl', 'O']",Ac-Bi-Cl-O,AcBi2ClO4
mp-3247252,AcBi2IO4,1.4735,-2.045791292499999,0.0,False,True,8,8.545432575218724,4,"['Ac', 'Bi', 'I', 'O']",Ac-Bi-I-O,AcBi2IO4
mp-3249723,AcLaBiN,0.137399999999999,-1.455759349062496,0.0,False,True,8,8.291238705835063,4,"['Ac', 'Bi', 'La', 'N']",Ac-Bi-La-N,AcLaBiN
mp-3244886,Li3AcBi2,0.5495999999999991,-0.8717983879166691,0.0,False,True,6,7.086361299094096,3,"['Ac', 'Bi', 'Li']",Ac-Bi-Li,Li3AcBi2
mp-3252409,Ac2BiN,0.1911,-1.3743453921875,0.0,False,True,8,9.022492276114551,3,"['Ac', 'Bi', 'N']",Ac-Bi-N,Ac2BiN
mp-3246995,Ac2BiO2,0.0,-2.893123143499997,0.0,True,True,5,8.85831790971486,3,"['Ac', 'Bi', 'O']",Ac-Bi-O,Ac2BiO2
mp-3247597,Ac2Bi4O9,2.2438,-2.103095719583332,0.0,False,True,15,9.030879949847444,3,"['Ac', 'Bi', 'O']",Ac-Bi-O,Ac2Bi4O9
mp-3251804,Ac2BiSbPt2,0.0,-1.1953800125,0.0,True,True,12,11.57881261703486,4,"['Ac', 'Bi', 'Pt', 'Sb']",Ac-Bi-Pt-Sb,Ac2BiSbPt2
mp-3248734,AcBiS,0.0,-1.713890438437497,0.0,True,True,6,8.54199594632303,3,"['Ac', 'Bi', 'S']",Ac-Bi-S,AcBiS
mp-1183119,Ac3Br,0.0,-0.250735133125,0.580771254583333,True,False,8,7.898587871097114,2,"['Ac', 'Br']",Ac-Br,Ac3Br
mp-27972,AcBr3,4.103299999999999,-2.494519163125,0.0,False,True,8,5.6790862116765295,2,"['Ac', 'Br']",Ac-Br,AcBr3
mp-3250059,AcCBr,0.0,-1.258396408333335,0.0,True,True,6,6.189574814472231,3,"['Ac', 'Br', 'C']",Ac-Br-C,AcCBr
mp-3246905,Ac3Pr(C2Br)2,0.0,-0.914662307916671,0.0,True,True,10,7.177038911470499,4,"['Ac', 'Br', 'C', 'Pr']",Ac-Br-C-Pr,Ac3Pr(C2Br)2
mp-3248864,AcCeBrN2,1.114099999999999,-1.8471160725,0.0,False,True,5,7.056055437948578,4,"['Ac', 'Br', 'Ce', 'N']",Ac-Br-Ce-N,AcCeBrN2
mp-3248553,Ac2BrNCl2,3.7314,-2.399519489375,0.0,False,True,12,6.15718260981911,4,"['Ac', 'Br', 'Cl', 'N']",Ac-Br-Cl-N,Ac2BrNCl2
mp-3244892,AcGaBr,0.2115,-1.473234738333332,0.0,False,True,6,6.313925100788768,3,"['Ac', 'Br', 'Ga']",Ac-Br-Ga,AcGaBr
mp-3247631,AcH2Br,3.3629,-1.276909493125,0.0,False,True,8,5.844500345210701,3,"['Ac', 'Br', 'H']",Ac-Br-H,AcH2Br
mp-3248977,AcHBr2,4.857100000000001,-1.855974281562499,0.0,False,True,8,5.504860807251617,3,"['Ac', 'Br', 'H']",Ac-Br-H,AcHBr2
mp-3250877,AcH2BrO2,5.1596,-2.25121028,0.0,False,True,12,6.128525212230734,4,"['Ac', 'Br', 'H', 'O']",Ac-Br-H-O,AcH2BrO2
mp-3251281,Ac2I5Br,3.3902,-1.9306888037500007,0.0,False,True,8,5.820091417617724,3,"['Ac', 'Br', 'I']",Ac-Br-I,Ac2I5Br
mp-3246873,Ac2Ir2Br,0.0,-1.220420072500002,0.0,True,True,10,10.19098019201266,3,"['Ac', 'Br', 'Ir']",Ac-Br-Ir,Ac2Ir2Br
mp-3251026,AcLaIrBr,0.0,-1.407433862500006,0.0,True,True,4,8.322194881404988,4,"['Ac', 'Br', 'Ir', 'La']",Ac-Br-Ir-La,AcLaIrBr
mp-3248389,AcNdIrBr,0.045799999999999,-1.335994530625001,0.0,False,True,4,8.56701975761527,4,"['Ac', 'Br', 'Ir', 'Nd']",Ac-Br-Ir-Nd,AcNdIrBr
mp-3244917,AcPrIrBr,0.0247,-1.32713247791667,0.0,False,True,8,8.440089874531711,4,"['Ac', 'Br', 'Ir', 'Pr']",Ac-Br-Ir-Pr,AcPrIrBr
mp-3245534,Ac3Pr(IrBr)2,0.0,-1.35130984864584,0.0,True,True,8,8.69336811497608,4,"['Ac', 'Br', 'Ir', 'Pr']",Ac-Br-Ir-Pr,Ac3Pr(IrBr)2
mp-3253678,AcLa5(OsBr3)2,0.046299999999999,-1.535763580535716,0.0,False,True,14,6.074329809293836,4,"['Ac', 'Br', 'La', 'Os']",Ac-Br-La-Os,AcLa5(OsBr3)2
mp-3253341,Ac3Pr(Br3N)2,3.7321,-2.186993139722223,0.0,False,True,12,6.239161347106414,4,"['Ac', 'Br', 'N', 'Pr']",Ac-Br-N-Pr,Ac3Pr(Br3N)2
mp-3252279,Ac2NdRuBr3,0.270799999999999,-1.47786478,0.0,False,True,14,6.033455109318258,4,"['Ac', 'Br', 'Nd', 'Ru']",Ac-Br-Nd-Ru,Ac2NdRuBr3
mp-3250467,Ac2Ni2Br,0.0,-0.8562423405,0.0,True,True,10,8.032092036406997,3,"['Ac', 'Br', 'Ni']",Ac-Br-Ni,Ac2Ni2Br
mp-3223766,Ac2SiNiBr,0.0,-1.115526564500009,0.0,True,True,10,7.453865504583277,4,"['Ac', 'Br', 'Ni', 'Si']",Ac-Br-Ni-Si,Ac2SiNiBr
mp-3246526,Ac2ZnNiBr,0.0,-0.875102909500003,0.0,True,True,10,7.568854975905155,4,"['Ac', 'Br', 'Ni', 'Zn']",Ac-Br-Ni-Zn,Ac2ZnNiBr
mp-1207297,Ac2Br2O,0.0,-1.460072974,1.242843714666666,True,False,5,3.512584302253199,3,"['Ac', 'Br', 'O']",Ac-Br-O,Ac2Br2O
mp-30274,AcBrO,4.241,-3.396185964166668,0.0,False,True,6,7.652290117092176,3,"['Ac', 'Br', 'O']",Ac-Br-O,AcBrO
mp-3252402,Ac2Os2Br,0.0,-0.784845487500001,0.0,True,True,10,10.15757442654389,3,"['Ac', 'Br', 'Os']",Ac-Br-Os,Ac2Os2Br
mp-3245648,Ac2PrOsBr3,0.276099999999999,-1.442526969166668,0.0,False,True,14,6.51427680283715,4,"['Ac', 'Br', 'Os', 'Pr']",Ac-Br-Os-Pr,Ac2PrOsBr3
mp-3250048,Ac2PBr2,0.0,-2.019748713595237,0.0,True,True,5,5.827872230292159,3,"['Ac', 'Br', 'P']",Ac-Br-P,Ac2PBr2
mp-3247300,Ac2PrRuBr3,0.240499999999999,-1.47595309702381,0.0,False,True,14,5.9770638145416575,4,"['Ac', 'Br', 'Pr', 'Ru']",Ac-Br-Pr-Ru,Ac2PrRuBr3
mp-3247893,Ac2Ru2Br,0.0,-0.809840573500002,0.0,True,True,10,8.179817808926773,3,"['Ac', 'Br', 'Ru']",Ac-Br-Ru,Ac2Ru2Br
mp-3247408,AcSBr,3.7474,-2.480711291770836,0.0,False,True,12,5.64936243550706,3,"['Ac', 'Br', 'S']",Ac-Br-S,AcSBr
mp-3248675,AcC6,0.0,-0.108956688928572,0.0,True,True,14,5.982136904389278,2,"['Ac', 'C']",Ac-C,AcC6
mp-3248845,Ac2C2Cl,0.0,-0.9844433335000012,0.0,True,True,10,7.344597965967645,3,"['Ac', 'C', 'Cl']",Ac-C-Cl,Ac2C2Cl
mp-3247227,AcCoC2,0.162099999999998,-0.184158261875001,0.0,False,True,8,8.857469158651615,3,"['Ac', 'C', 'Co']",Ac-C-Co,AcCoC2
mp-3250902,AcCI,0.0,-1.04203382,0.0,True,True,6,6.232503240529681,3,"['Ac', 'C', 'I']",Ac-C-I,AcCI
mp-3250514,Ac2(CN2)3,3.3871,-0.951286247045456,0.0,False,True,11,5.2845120838262885,3,"['Ac', 'C', 'N']",Ac-C-N,Ac2(CN2)3
mp-3253632,Ac2C(NO)2,3.731699999999999,-2.316329477142854,0.0,False,True,7,6.815111728401139,4,"['Ac', 'C', 'N', 'O']",Ac-C-N-O,Ac2C(NO)2
mp-3245258,Ac2Si2Ru2C,0.0,-0.6900188764285731,0.0,True,True,7,8.31562927872425,4,"['Ac', 'C', 'Ru', 'Si']",Ac-C-Ru-Si,Ac2Si2Ru2C
mp-3250086,SrAcC12,0.0,-0.093808811249997,0.0,True,True,14,4.703205072178692,3,"['Ac', 'C', 'Sr']",Ac-C-Sr,SrAcC12
mp-1183486,Ca3Ac,0.0,0.051937618124998,0.051937618124998,True,False,4,3.298605789565157,2,"['Ac', 'Ca']",Ac-Ca,Ca3Ac
mp-983567,CaAc3,0.0,0.027833298124996,0.027833298124996,True,False,8,6.453546331185156,2,"['Ac', 'Ca']",Ac-Ca,CaAc3
mp-3253191,CaAcCdIn,0.0,-0.507944414374996,0.0,True,True,4,6.484473990189139,4,"['Ac', 'Ca', 'Cd', 'In']",Ac-Ca-Cd-In,CaAcCdIn
mp-3240914,CaAcCdIn3,0.0,-0.596664212916669,0.0,True,True,6,6.969586882643309,4,"['Ac', 'Ca', 'Cd', 'In']",Ac-Ca-Cd-In,CaAcCdIn3
mp-3281426,CaAc11Ga12,0.0,-0.6005480280208291,0.0,True,True,24,7.599984773156577,3,"['Ac', 'Ca', 'Ga']",Ac-Ca-Ga,CaAc11Ga12
mp-1183472,CaAcGa2,0.0,-0.493078181875002,0.093226234853947,True,False,4,6.075979268186186,3,"['Ac', 'Ca', 'Ga']",Ac-Ca-Ga,CaAcGa2
mp-3251290,CaAcGaIr2,0.0,-0.7111426735,0.0,True,True,5,10.783576148540034,4,"['Ac', 'Ca', 'Ga', 'Ir']",Ac-Ca-Ga-Ir,CaAcGaIr2
mp-3223658,CaAc(Ga3Ni2)2,0.0,-0.540291011458334,0.0,True,True,12,7.581463987652236,4,"['Ac', 'Ca', 'Ga', 'Ni']",Ac-Ca-Ga-Ni,CaAc(Ga3Ni2)2
mp-3230370,Ca2AcGeN,0.0,-0.9948010972500012,0.0,True,True,5,5.31879142277853,4,"['Ac', 'Ca', 'Ge', 'N']",Ac-Ca-Ge-N,Ca2AcGeN
mp-3245011,CaAcReH6,2.206899999999999,-0.6047268224999981,0.0,False,True,9,6.98714675505544,4,"['Ac', 'Ca', 'H', 'Re']",Ac-Ca-H-Re,CaAcReH6
mp-3252266,CaAcTcH6,2.1792,-0.647373247777777,0.0,False,True,9,5.730970576934326,4,"['Ac', 'Ca', 'H', 'Tc']",Ac-Ca-H-Tc,CaAcTcH6
mp-865173,CaAcHg2,0.0,-0.612949323125008,0.0,True,True,4,9.208740840904424,3,"['Ac', 'Ca', 'Hg']",Ac-Ca-Hg,CaAcHg2
mp-3250594,CaAcInHg,0.0,-0.6088159237499999,0.0,True,True,4,7.728528257762011,4,"['Ac', 'Ca', 'Hg', 'In']",Ac-Ca-Hg-In,CaAcInHg
mp-3247741,CaAcI5,2.9416,-1.830028527857142,0.0,False,True,14,4.725825817376509,3,"['Ac', 'Ca', 'I']",Ac-Ca-I,CaAcI5
mp-3245718,CaAc2YbI10,0.0,-1.6824776617857131,0.001935986428591,True,False,14,5.140249146387352,4,"['Ac', 'Ca', 'I', 'Yb']",Ac-Ca-I-Yb,CaAc2YbI10
mp-3285356,Ca5Ac3In4,0.0,-0.471511420208329,0.0,True,True,12,5.222934790552689,3,"['Ac', 'Ca', 'In']",Ac-Ca-In,Ca5Ac3In4
mp-985450,CaAcIn2,0.0,-0.562932201875,0.0,True,True,4,6.449404218253901,3,"['Ac', 'Ca', 'In']",Ac-Ca-In,CaAcIn2
mp-3250958,CaAc(In2Ni)2,0.0,-0.4398205009375,0.0,True,True,8,7.644594817966941,4,"['Ac', 'Ca', 'In', 'Ni']",Ac-Ca-In-Ni,CaAc(In2Ni)2
mp-3248597,CaAc(In2Pd)2,0.0,-0.7147891634374971,0.0,True,True,8,8.034169146001647,4,"['Ac', 'Ca', 'In', 'Pd']",Ac-Ca-In-Pd,CaAc(In2Pd)2
mp-3251820,CaAc(Si2Ir3)2,0.0,-0.945723819791666,0.0,True,True,12,12.71211542246854,4,"['Ac', 'Ca', 'Ir', 'Si']",Ac-Ca-Ir-Si,CaAc(Si2Ir3)2
mp-3250454,Ca3Ac(SnIr2)2,0.0,-0.69880546375,0.0,True,True,10,9.629675262366096,4,"['Ac', 'Ca', 'Ir', 'Sn']",Ac-Ca-Ir-Sn,Ca3Ac(SnIr2)2
mp-3249871,Li3Ca2AcPb3,0.0,-0.631654783055561,0.0,True,True,9,6.452612469335158,4,"['Ac', 'Ca', 'Li', 'Pb']",Ac-Ca-Li-Pb,Li3Ca2AcPb3
mp-1183488,CaAcMg2,0.0,-0.076156435624999,0.0,True,True,4,3.917256843903298,3,"['Ac', 'Ca', 'Mg']",Ac-Ca-Mg,CaAcMg2
mp-3252862,Ca2AcPaN4,1.4732,-1.5470900878125031,0.0,False,True,8,7.244792479023094,4,"['Ac', 'Ca', 'N', 'Pa']",Ac-Ca-N-Pa,Ca2AcPaN4
mp-3241169,Ca2AcPbN,0.0,-1.045463525249999,0.0,True,True,5,6.668334345162015,4,"['Ac', 'Ca', 'N', 'Pb']",Ac-Ca-N-Pb,Ca2AcPbN
mp-3245583,Ca(Ac4Ni3)2,0.0,-0.1423793,0.0,True,True,15,8.477181781080125,3,"['Ac', 'Ca', 'Ni']",Ac-Ca-Ni,Ca(Ac4Ni3)2
mp-3223508,CaAc3(SiNi)4,0.0,-0.6595065960416661,0.0,True,True,12,7.067837496205484,4,"['Ac', 'Ca', 'Ni', 'Si']",Ac-Ca-Ni-Si,CaAc3(SiNi)4
mp-3252442,Ca8AcPt6,0.0,-0.940810359166668,0.0,True,True,15,7.342375067957789,3,"['Ac', 'Ca', 'Pt']",Ac-Ca-Pt,Ca8AcPt6
mp-1183483,CaAcRh2,0.0,-0.453061799374999,0.0,True,True,4,8.72242611814854,3,"['Ac', 'Ca', 'Rh']",Ac-Ca-Rh,CaAcRh2
mp-3239742,CaAcRh4,0.0,-0.517624846249996,0.0,True,True,6,9.946918830169633,3,"['Ac', 'Ca', 'Rh']",Ac-Ca-Rh,CaAcRh4
mp-3222827,Ca(AcSi)2,0.0,-0.67254992,0.0,True,True,10,6.034666934567048,3,"['Ac', 'Ca', 'Si']",Ac-Ca-Si,Ca(AcSi)2
mp-1183500,CaAcTl2,0.0,-0.506917204375,0.0,True,True,4,8.661890665092644,3,"['Ac', 'Ca', 'Tl']",Ac-Ca-Tl,CaAcTl2
mp-864962,CaAcZn2,0.0,-0.272621318124999,0.0,True,True,4,6.008895459878007,3,"['Ac', 'Ca', 'Zn']",Ac-Ca-Zn,CaAcZn2
mp-3293263,AcCd11,0.0,-0.202985390347221,0.0,True,True,36,8.654120524932605,2,"['Ac', 'Cd']",Ac-Cd,AcCd11
mp-1183090,Ac3Cd,0.0,-0.078303344270828,0.068330164166667,True,False,4,8.513907951860771,2,"['Ac', 'Cd']",Ac-Cd,Ac3Cd
mp-867890,AcCd3,0.0,-0.301566391874999,0.026777197685177,True,False,8,8.312530491853725,2,"['Ac', 'Cd']",Ac-Cd,AcCd3
mp-3241367,AcCd2,0.0,-0.391022689166665,0.0,True,True,6,8.43094447236591,2,"['Ac', 'Cd']",Ac-Cd,AcCd2
mp-3249462,AcEuCd4,0.0,-0.386727037083332,0.0,True,True,6,7.994346379493513,3,"['Ac', 'Cd', 'Eu']",Ac-Cd-Eu,AcEuCd4
mp-1183068,Ac2CdGa,0.0,-0.402831248749997,0.027136786875004,True,False,4,8.243209586617187,3,"['Ac', 'Cd', 'Ga']",Ac-Cd-Ga,Ac2CdGa
mp-3328700,Ac(CdGa)2,0.0,-0.507636247499999,0.0,True,True,5,8.304911342815746,3,"['Ac', 'Cd', 'Ga']",Ac-Cd-Ga,Ac(CdGa)2
mp-3247226,AcMgCdGa2,0.0,-0.518900558500001,0.0,True,True,5,7.062367264652856,4,"['Ac', 'Cd', 'Ga', 'Mg']",Ac-Cd-Ga-Mg,AcMgCdGa2
mp-1183063,Ac2CdGe,0.0,-0.46480851375,0.05905399421875,True,False,4,8.44954191431781,3,"['Ac', 'Cd', 'Ge']",Ac-Cd-Ge,Ac2CdGe
mp-3223047,Ac2CdGe2,0.0,-0.720873205999998,0.0,True,True,10,8.21236497673475,3,"['Ac', 'Cd', 'Ge']",Ac-Cd-Ge,Ac2CdGe2
mp-3262003,Ac3(CdHg2)2,0.0,-0.5028046258333341,0.0,True,True,9,10.715169590492414,3,"['Ac', 'Cd', 'Hg']",Ac-Cd-Hg,Ac3(CdHg2)2
mp-864644,AcCdHg2,0.0,-0.466220838124996,0.0,True,True,4,11.292803173766655,3,"['Ac', 'Cd', 'Hg']",Ac-Cd-Hg,AcCdHg2
mp-1183086,Ac2CdHg,0.0,-0.433682350625005,0.0,True,True,4,9.570976516145288,3,"['Ac', 'Cd', 'Hg']",Ac-Cd-Hg,Ac2CdHg
mp-3241281,Ac2Cd3Hg,0.0,-0.437779883750001,0.0,True,True,6,9.32431197250961,3,"['Ac', 'Cd', 'Hg']",Ac-Cd-Hg,Ac2Cd3Hg
mp-3333691,Ac4Cd3Hg,0.0,-0.385669974687502,0.0,True,True,8,8.96806818162719,3,"['Ac', 'Cd', 'Hg']",Ac-Cd-Hg,Ac4Cd3Hg
mp-3231404,Ac2La(CdHg)3,0.0,-0.494493944722219,0.0,True,True,9,9.8573910706223,4,"['Ac', 'Cd', 'Hg', 'La']",Ac-Cd-Hg-La,Ac2La(CdHg)3
mp-3247832,AcCdI5,2.4288,-1.340705291428568,0.0,False,True,14,5.396103875132879,3,"['Ac', 'Cd', 'I']",Ac-Cd-I,AcCdI5
mp-3247162,Ac2CdIn3,0.0,-0.5801837991666661,0.0,True,True,6,8.296563692842522,3,"['Ac', 'Cd', 'In']",Ac-Cd-In,Ac2CdIn3
mp-3249218,SrAcCdIn,0.0,-0.474495556874998,0.0,True,True,4,6.64525337084138,4,"['Ac', 'Cd', 'In', 'Sr']",Ac-Cd-In-Sr,SrAcCdIn
mp-3241199,AcYbCdIn3,0.0,-0.5000459287499971,0.019476496250014,True,False,6,8.394341372503504,4,"['Ac', 'Cd', 'In', 'Yb']",Ac-Cd-In-Yb,AcYbCdIn3
mp-3248409,AcZn2CdIn,0.0,-0.420738733500002,0.0,True,True,5,8.226769649814049,4,"['Ac', 'Cd', 'In', 'Zn']",Ac-Cd-In-Zn,AcZn2CdIn
mp-3244268,Ac8CdIr6,0.0,-0.6600830480000011,0.0,True,True,15,11.72362880361465,3,"['Ac', 'Cd', 'Ir']",Ac-Cd-Ir,Ac8CdIr6
mp-3230694,Ac3CdSn3Ir2,0.0,-0.7205637302777801,0.0,True,True,9,10.750776673816976,4,"['Ac', 'Cd', 'Ir', 'Sn']",Ac-Cd-Ir-Sn,Ac3CdSn3Ir2
mp-1183118,AcLaCd2,0.0,-0.274911696875,0.0,True,True,4,7.647225665938363,3,"['Ac', 'Cd', 'La']",Ac-Cd-La,AcLaCd2
mp-3312048,AcLa2Cd11,0.0,-0.350376065535714,0.0,True,True,14,8.113862705730655,3,"['Ac', 'Cd', 'La']",Ac-Cd-La,AcLa2Cd11
mp-3170451,Ac3La5(CdRu)2,0.0,-0.306132847291668,0.0,True,True,24,7.966051798741354,4,"['Ac', 'Cd', 'La', 'Ru']",Ac-Cd-La-Ru,Ac3La5(CdRu)2
mp-3244873,LiAcCdP2,1.440499999999999,-1.03234471402381,0.0,False,True,5,5.720019168363412,4,"['Ac', 'Cd', 'Li', 'P']",Ac-Cd-Li-P,LiAcCdP2
mp-3231719,LiAc3Cd2Pb3,0.0,-0.568935219907403,0.0,True,True,9,9.015794216609276,4,"['Ac', 'Cd', 'Li', 'Pb']",Ac-Cd-Li-Pb,LiAc3Cd2Pb3
mp-865979,AcMgCd2,0.0,-0.238415764375,0.0,True,True,4,7.12402075752759,3,"['Ac', 'Cd', 'Mg']",Ac-Cd-Mg,AcMgCd2
mp-3239920,Ac3CdN,0.0,-0.6811878022499961,0.0,True,True,5,8.694779408358565,3,"['Ac', 'Cd', 'N']",Ac-Cd-N,Ac3CdN
mp-3248556,Ac3Nd(CdPb)4,0.0,-0.5783572050000031,0.0,True,True,12,9.32579240818324,4,"['Ac', 'Cd', 'Nd', 'Pb']",Ac-Cd-Nd-Pb,Ac3Nd(CdPb)4
mp-3253067,AcNd(CdSn)2,0.0,-0.700234604166666,0.0,True,True,12,7.8740703271874,4,"['Ac', 'Cd', 'Nd', 'Sn']",Ac-Cd-Nd-Sn,AcNd(CdSn)2
mp-3249775,Ac8CdNi6,0.0,-0.189346672666662,0.0,True,True,15,8.892956636016345,3,"['Ac', 'Cd', 'Ni']",Ac-Cd-Ni,Ac8CdNi6
mp-3245523,AcCdSbO,0.9076,-1.938405911562501,0.0,False,True,8,8.066011073989078,4,"['Ac', 'Cd', 'O', 'Sb']",Ac-Cd-O-Sb,AcCdSbO
mp-3246732,Ac(CdP)3,0.9010999999999992,-0.629810675918365,0.0,False,True,14,6.139759585647973,3,"['Ac', 'Cd', 'P']",Ac-Cd-P,Ac(CdP)3
mp-3249466,AcZnCd2Pb,0.0,-0.389808684499996,0.0,True,True,5,9.16718438795909,4,"['Ac', 'Cd', 'Pb', 'Zn']",Ac-Cd-Pb-Zn,AcZnCd2Pb
mp-3230415,Ac2Sm(CdPd)3,0.0,-0.695931560555556,0.0,True,True,9,9.419467545957495,4,"['Ac', 'Cd', 'Pd', 'Sm']",Ac-Cd-Pd-Sm,Ac2Sm(CdPd)3
mp-3250570,AcPr(CdSn)2,0.0,-0.70194169069444,0.0,True,True,12,7.779504348966883,4,"['Ac', 'Cd', 'Pr', 'Sn']",Ac-Cd-Pr-Sn,AcPr(CdSn)2
mp-3286008,Ac4CdRh,0.0,-0.407637084999995,0.0,True,True,24,9.000982577333644,3,"['Ac', 'Cd', 'Rh']",Ac-Cd-Rh,Ac4CdRh
mp-861880,AcCdRh2,0.0,-0.354021179374996,0.0,True,True,4,11.010987936418678,3,"['Ac', 'Cd', 'Rh']",Ac-Cd-Rh,AcCdRh2
mp-3252851,AcSm(CdSn)2,0.0,-0.687248726249999,0.0,True,True,12,8.033979671800948,4,"['Ac', 'Cd', 'Sm', 'Sn']",Ac-Cd-Sm-Sn,AcSm(CdSn)2
mp-3267405,Ac6CdSn9,0.0,-0.7330461809374991,0.0,True,True,16,8.270110202206437,3,"['Ac', 'Cd', 'Sn']",Ac-Cd-Sn,Ac6CdSn9
mp-862319,Ac2CdSn,0.0,-0.5426539487500001,0.074600257102297,True,False,4,8.37029263624578,3,"['Ac', 'Cd', 'Sn']",Ac-Cd-Sn,Ac2CdSn
mp-3250970,Ac3Tb(CdSn)4,0.0,-0.6733622610416691,0.0,True,True,12,8.170531178874274,4,"['Ac', 'Cd', 'Sn', 'Tb']",Ac-Cd-Sn-Tb,Ac3Tb(CdSn)4
mp-1187153,SrAcCd2,0.0,-0.308483430624999,0.0,True,True,4,6.713143337047528,3,"['Ac', 'Cd', 'Sr']",Ac-Cd-Sr,SrAcCd2
mp-1183072,Ac2TlCd,0.0,-0.407012381249998,0.0,True,True,4,9.256491185955248,3,"['Ac', 'Cd', 'Tl']",Ac-Cd-Tl,Ac2TlCd
mp-979962,AcYbCd2,0.0,-0.287293888124999,0.048577086562495,True,False,4,8.803171338481686,3,"['Ac', 'Cd', 'Yb']",Ac-Cd-Yb,AcYbCd2
mp-1183174,AcZn2Cd,0.0,-0.231161206875,0.114255958749996,True,False,4,8.251426972419496,3,"['Ac', 'Cd', 'Zn']",Ac-Cd-Zn,AcZn2Cd
mp-3328536,Ac(ZnCd)2,0.0,-0.326047775499998,0.0,True,True,5,8.222660335832638,3,"['Ac', 'Cd', 'Zn']",Ac-Cd-Zn,Ac(ZnCd)2
mp-3337092,Ac4ZnCd3,0.0,-0.311133713125002,0.0,True,True,8,8.33155257565248,3,"['Ac', 'Cd', 'Zn']",Ac-Cd-Zn,Ac4ZnCd3
mp-1183105,Ac3Ce,0.0,0.127471966874999,0.127471966874999,True,False,4,8.600356501228827,2,"['Ac', 'Ce']",Ac-Ce,Ac3Ce
mp-1183110,AcCe3,0.0,0.141143165624995,0.141143165624995,True,False,4,8.690928298442326,2,"['Ac', 'Ce']",Ac-Ce,AcCe3
mp-3252920,AcCeI5,0.033299999999999,-1.7069105607142812,0.0,False,True,14,5.355333930647286,3,"['Ac', 'Ce', 'I']",Ac-Ce-I,AcCeI5
mp-3251272,AcCeIN2,1.104,-1.697255182499998,0.0,False,True,5,7.209120270649645,4,"['Ac', 'Ce', 'I', 'N']",Ac-Ce-I-N,AcCeIN2
mp-3248881,AcCe2In3Ru2,0.0,-0.5879728821875001,0.0,True,True,8,8.446863431004427,4,"['Ac', 'Ce', 'In', 'Ru']",Ac-Ce-In-Ru,AcCe2In3Ru2
mp-1183117,AcCeMg2,0.0,0.047029431875,0.082924545624999,True,False,4,5.25394668660631,3,"['Ac', 'Ce', 'Mg']",Ac-Ce-Mg,AcCeMg2
mp-3223101,AcCe2(SnPd)3,0.0,-0.9214944975000012,0.0,True,True,9,9.000025893619773,4,"['Ac', 'Ce', 'Pd', 'Sn']",Ac-Ce-Pd-Sn,AcCe2(SnPd)3
mp-3244192,AcCe(Si2Rh3)2,0.0,-1.079609993958333,0.0,True,True,12,9.143149323234182,4,"['Ac', 'Ce', 'Rh', 'Si']",Ac-Ce-Rh-Si,AcCe(Si2Rh3)2
mp-3248498,AcCe(SiRh2)2,0.0,-1.009294620937499,0.0,True,True,8,9.09067156640396,4,"['Ac', 'Ce', 'Rh', 'Si']",Ac-Ce-Rh-Si,AcCe(SiRh2)2
mp-3231993,Ac2Ce(SnRh)3,0.0,-0.86685450055555,0.0,True,True,9,9.686560739893398,4,"['Ac', 'Ce', 'Rh', 'Sn']",Ac-Ce-Rh-Sn,Ac2Ce(SnRh)3
mp-3253639,Ac2CeRu2,0.0,-0.295079108999999,0.0,True,True,5,9.764616741440404,3,"['Ac', 'Ce', 'Ru']",Ac-Ce-Ru,Ac2CeRu2
mp-3239880,AcCe(ZnSi)2,0.0,-0.6314799212500001,0.0,True,True,6,6.676437754779454,4,"['Ac', 'Ce', 'Si', 'Zn']",Ac-Ce-Si-Zn,AcCe(ZnSi)2
mp-1183056,Ac3Cl,0.0,-0.22682963583334,0.702535130000001,True,False,4,7.307826775366824,2,"['Ac', 'Cl']",Ac-Cl,Ac3Cl
mp-27971,AcCl3,5.0865,-2.788094297499999,0.0,False,True,8,4.724438632804964,2,"['Ac', 'Cl']",Ac-Cl,AcCl3
mp-3250906,Ac2GeCl2,0.9267,-1.922746474000001,0.0,False,True,5,6.211939681614318,3,"['Ac', 'Cl', 'Ge']",Ac-Cl-Ge,Ac2GeCl2
mp-3252733,AcH2ClO2,5.5457,-2.326588384166664,0.0,False,True,12,5.632054961832439,4,"['Ac', 'Cl', 'H', 'O']",Ac-Cl-H-O,AcH2ClO2
mp-3252533,AcI2Cl,3.5979,-2.164971028749999,0.0,False,True,8,5.689370308431903,3,"['Ac', 'Cl', 'I']",Ac-Cl-I,AcI2Cl
mp-3244804,Ac2Ir2Cl,0.0,-1.279112746500004,0.0,True,True,10,10.080334403653548,3,"['Ac', 'Cl', 'Ir']",Ac-Cl-Ir,Ac2Ir2Cl
mp-3247814,Ac2NCl3,3.806599999999999,-2.472903558541664,0.0,False,True,12,5.870374299740965,3,"['Ac', 'Cl', 'N']",Ac-Cl-N,Ac2NCl3
mp-3252627,Ac3Pr(NCl3)2,3.782499999999999,-2.4462656130555582,0.0,False,True,12,5.589356296172335,4,"['Ac', 'Cl', 'N', 'Pr']",Ac-Cl-N-Pr,Ac3Pr(NCl3)2
mp-3245782,Ac2Ni2Cl,0.0,-0.9227852995000032,0.0,True,True,10,7.806389768147856,3,"['Ac', 'Cl', 'Ni']",Ac-Cl-Ni,Ac2Ni2Cl
mp-1207291,Ac2Cl2O,0.0,-1.622560442000001,1.313464733,True,False,5,3.166314983503059,3,"['Ac', 'Cl', 'O']",Ac-Cl-O,Ac2Cl2O
mp-30273,AcClO,4.4451,-3.586422302500002,0.0,False,True,6,7.156870615491261,3,"['Ac', 'Cl', 'O']",Ac-Cl-O,AcClO
mp-3248163,Ac3P2Cl,0.0,-1.799188941825401,0.0,True,True,6,7.084780437351012,3,"['Ac', 'Cl', 'P']",Ac-Cl-P,Ac3P2Cl
mp-3245219,AcSeCl,2.1334,-2.588946157187498,0.0,False,True,12,6.8181029102403885,3,"['Ac', 'Cl', 'Se']",Ac-Cl-Se,AcSeCl
mp-3245287,AcTeCl,1.659399999999999,-2.350785852500001,0.0,False,True,12,6.920328469847857,3,"['Ac', 'Cl', 'Te']",Ac-Cl-Te,AcTeCl
mp-3249858,AcFeCoP2,0.0,-0.8749299666904791,0.0,True,True,5,8.040775431982565,4,"['Ac', 'Co', 'Fe', 'P']",Ac-Co-Fe-P,AcFeCoP2
mp-3249504,Ac4Ga3CoI2,0.0,-0.8970099145000001,0.0,True,True,10,7.649884602552423,4,"['Ac', 'Co', 'Ga', 'I']",Ac-Co-Ga-I,Ac4Ga3CoI2
mp-3240026,AcCoGe3,0.0,-0.510049399500002,0.0,True,True,5,8.589718354041741,3,"['Ac', 'Co', 'Ge']",Ac-Co-Ge,AcCoGe3
mp-3249152,Ac3(CoGe2)2,0.0,-0.546281400277779,0.0,True,True,9,8.738100691680035,3,"['Ac', 'Co', 'Ge']",Ac-Co-Ge,Ac3(CoGe2)2
mp-3250483,NaAcCoH6,0.0,-0.463826524444444,0.0,True,True,9,5.376907319085368,4,"['Ac', 'Co', 'H', 'Na']",Ac-Co-H-Na,NaAcCoH6
mp-3249875,Ac4Co4HgI,0.0,-0.276643967500001,0.033492497983331,True,False,10,8.72715172554691,4,"['Ac', 'Co', 'Hg', 'I']",Ac-Co-Hg-I,Ac4Co4HgI
mp-3252552,Ac2CoSiI,0.210599999999999,-0.8910884705000001,0.0,False,True,10,7.554376588904465,4,"['Ac', 'Co', 'I', 'Si']",Ac-Co-I-Si,Ac2CoSiI
mp-3253739,Ac2CoTcI,0.0,-0.527046829499994,0.0,True,True,10,8.306031567979263,4,"['Ac', 'Co', 'I', 'Tc']",Ac-Co-I-Tc,Ac2CoTcI
mp-3241335,AcLa(CoSi)2,0.0,-0.5963567120833341,0.0,True,True,6,6.961796947533262,4,"['Ac', 'Co', 'La', 'Si']",Ac-Co-La-Si,AcLa(CoSi)2
mp-3251902,AcCoN3,0.6955,-0.595818722750001,0.0,False,True,10,6.486851483040954,3,"['Ac', 'Co', 'N']",Ac-Co-N,AcCoN3
mp-3253358,Ac(CoO2)4,0.0093,-1.7601082975,0.0,False,True,13,6.160035992639202,3,"['Ac', 'Co', 'O']",Ac-Co-O,Ac(CoO2)4
mp-3252029,Ac(CoP)2,0.0,-0.944002644690476,0.0,True,True,5,7.976208818367928,3,"['Ac', 'Co', 'P']",Ac-Co-P,Ac(CoP)2
mp-3239703,Ac3CoPb,0.0,-0.319528418499999,0.0,True,True,5,9.34760302310258,3,"['Ac', 'Co', 'Pb']",Ac-Co-Pb,Ac3CoPb
mp-3253270,Ac(CoSi)2,0.0,-0.572901487499999,0.0,True,True,5,7.583967022582424,3,"['Ac', 'Co', 'Si']",Ac-Co-Si,Ac(CoSi)2
mp-3250960,AcCoSi2Tc,0.0,-0.593978353500003,0.0,True,True,5,7.905874041944851,4,"['Ac', 'Co', 'Si', 'Tc']",Ac-Co-Si-Tc,AcCoSi2Tc
mp-3240941,Ac2CoSi2Tc,0.0,-0.532889152499999,0.0,True,True,6,7.995051417987834,4,"['Ac', 'Co', 'Si', 'Tc']",Ac-Co-Si-Tc,Ac2CoSi2Tc
mp-3249857,AcCoSn3,0.0,-0.416770271500001,0.0,True,True,5,8.635477897164243,3,"['Ac', 'Co', 'Sn']",Ac-Co-Sn,AcCoSn3
mp-1183075,Ac3Cr,0.0,0.450682595624996,0.450682595624996,True,False,4,8.090113400875609,2,"['Ac', 'Cr']",Ac-Cr,Ac3Cr
mp-3251926,LiAc2CrO6,0.361699999999999,-2.9747972514166663,0.0,False,True,10,8.499915507611917,4,"['Ac', 'Cr', 'Li', 'O']",Ac-Cr-Li-O,LiAc2CrO6
mp-3252861,NaAcCr2O8,2.9967,-2.358261668125001,0.0,False,True,12,4.216222531679776,4,"['Ac', 'Cr', 'Na', 'O']",Ac-Cr-Na-O,NaAcCr2O8
mp-3264603,AcCrO4,0.0674,-2.832654180416668,0.0,False,True,12,5.902978701084912,3,"['Ac', 'Cr', 'O']",Ac-Cr-O,AcCrO4
mp-866101,AcCrO3,2.0031,-3.1389721295,0.0,False,True,5,8.848788046728616,3,"['Ac', 'Cr', 'O']",Ac-Cr-O,AcCrO3
mp-3252562,AcCrSe2O,0.0,-2.148893174874999,0.0,True,True,10,7.410702556671683,4,"['Ac', 'Cr', 'O', 'Se']",Ac-Cr-O-Se,AcCrSe2O
mp-1232419,Cs3Ac,0.0,0.535924593426727,0.535924593426727,True,False,4,3.149022376973841,2,"['Ac', 'Cs']",Ac-Cs,Cs3Ac
mp-1183927,CsAc3,0.0,0.416704908642238,0.416704908642238,True,False,4,6.910722366966115,2,"['Ac', 'Cs']",Ac-Cs,CsAc3
mp-1183947,CsAc,0.0,0.481641307284483,0.481641307284483,True,False,4,5.209868144288426,2,"['Ac', 'Cs']",Ac-Cs,CsAc
mp-3251511,CsAcHgS3,2.231499999999999,-1.5238037472395871,0.0,False,True,12,5.519706997282511,4,"['Ac', 'Cs', 'Hg', 'S']",Ac-Cs-Hg-S,CsAcHgS3
mp-3245899,CsAcHgSe3,1.7593,-1.5068648070312531,0.0,False,True,12,6.114327501645222,4,"['Ac', 'Cs', 'Hg', 'Se']",Ac-Cs-Hg-Se,CsAcHgSe3
mp-1235446,CsLiAcO3,0.0,-2.294326836748084,0.186508879999997,True,False,6,5.836543160638298,4,"['Ac', 'Cs', 'Li', 'O']",Ac-Cs-Li-O,CsLiAcO3
mp-1183923,CsAcO3,0.0,-2.186816213431034,0.230017306499997,True,False,5,5.863348429784877,3,"['Ac', 'Cs', 'O']",Ac-Cs-O,CsAcO3
mp-3251535,CsAc(SO4)2,5.9737,-2.270564700260417,0.0,False,True,12,4.031778706427104,4,"['Ac', 'Cs', 'O', 'S']",Ac-Cs-O-S,CsAc(SO4)2
mp-3252196,CsAc(SeO4)2,4.609,-1.715009088802084,0.0,False,True,12,4.620867386244447,4,"['Ac', 'Cs', 'O', 'Se']",Ac-Cs-O-Se,CsAc(SeO4)2
mp-3244897,CsAcS2,3.1651,-2.152062877031252,0.0,False,True,8,5.000788419179944,3,"['Ac', 'Cs', 'S']",Ac-Cs-S,CsAcS2
mp-3250513,CsAcSe2,2.8736,-2.093270235156247,0.0,False,True,8,5.507928651103041,3,"['Ac', 'Cs', 'Se']",Ac-Cs-Se,CsAcSe2
mp-863760,CsAcTe2,0.8775000000000001,-1.466690679375005,0.188869338749995,False,False,4,6.76217428475012,3,"['Ac', 'Cs', 'Te']",Ac-Cs-Te,CsAcTe2
mp-1183114,AcCu3,0.0,-0.059555694374999,0.0,True,True,8,8.572205360336502,2,"['Ac', 'Cu']",Ac-Cu,AcCu3
mp-3240481,AcEr(CuSi)2,0.0,-0.661901803472223,0.0,True,True,6,7.841908839927769,4,"['Ac', 'Cu', 'Er', 'Si']",Ac-Cu-Er-Si,AcEr(CuSi)2
mp-3239800,AcEr(CuSn)2,0.0,-0.6369189901388901,0.0,True,True,6,8.768686776135068,4,"['Ac', 'Cu', 'Er', 'Sn']",Ac-Cu-Er-Sn,AcEr(CuSn)2
mp-1232311,AcCuO2F,0.0,-2.6348991565,0.237868240999998,True,False,10,8.69748267941945,4,"['Ac', 'Cu', 'F', 'O']",Ac-Cu-F-O,AcCuO2F
mp-862683,Ac2GaCu,0.0,-0.287378448749997,0.015807976562498,True,False,4,8.414438900311154,3,"['Ac', 'Cu', 'Ga']",Ac-Cu-Ga,Ac2GaCu
mp-3297123,Ac2Ga7Cu,0.0,-0.566540424000001,0.0,True,True,20,8.031984957822067,3,"['Ac', 'Cu', 'Ga']",Ac-Cu-Ga,Ac2Ga7Cu
mp-862786,Ac2CuGe,0.0,-0.386251328749999,0.0,True,True,4,8.59830517904435,3,"['Ac', 'Cu', 'Ge']",Ac-Cu-Ge,Ac2CuGe
mp-3251293,AcHf(CuSn)2,0.0,-0.482654522916665,0.0,True,True,6,9.427061030566389,4,"['Ac', 'Cu', 'Hf', 'Sn']",Ac-Cu-Hf-Sn,AcHf(CuSn)2
mp-3239982,AcHo(CuSi)2,0.0,-0.6626496604166661,0.0,True,True,6,7.73625929322642,4,"['Ac', 'Cu', 'Ho', 'Si']",Ac-Cu-Ho-Si,AcHo(CuSi)2
mp-3252072,Ac2Cu2I,0.0,-0.6684034215000051,0.0,True,True,10,7.705565882941815,3,"['Ac', 'Cu', 'I']",Ac-Cu-I,Ac2Cu2I
mp-3241331,AcIn3Cu,0.0,-0.472317407499997,0.0,True,True,5,8.404806541537019,3,"['Ac', 'Cu', 'In']",Ac-Cu-In,AcIn3Cu
mp-3230161,Ac3In3CuPb2,0.0,-0.562303774722225,0.0,True,True,9,9.183339173530452,4,"['Ac', 'Cu', 'In', 'Pb']",Ac-Cu-In-Pb,Ac3In3CuPb2
mp-3222174,AcInCu2Sn,0.0,-0.451672687500001,0.0,True,True,10,8.675615215978668,4,"['Ac', 'Cu', 'In', 'Sn']",Ac-Cu-In-Sn,AcInCu2Sn
mp-3281938,Ac2Cu7Ir3,0.0,-0.298611352916665,0.0,True,True,12,12.337576774251245,3,"['Ac', 'Cu', 'Ir']",Ac-Cu-Ir,Ac2Cu7Ir3
mp-861883,Ac2CuIr,0.0,-0.342298746250001,0.0,True,True,4,11.322189909338377,3,"['Ac', 'Cu', 'Ir']",Ac-Cu-Ir,Ac2CuIr
mp-3328593,AcCu4Ir,0.0,-0.272218236249997,0.0,True,True,6,11.470020670898917,3,"['Ac', 'Cu', 'Ir']",Ac-Cu-Ir,AcCu4Ir
mp-3328638,AcCuIr4,0.0,-0.388012914583337,0.0,True,True,6,16.450735904760162,3,"['Ac', 'Cu', 'Ir']",Ac-Cu-Ir,AcCuIr4
mp-3231949,AcCuNiIr3,0.0,-0.392496467916667,0.0,True,True,6,15.113522658754173,4,"['Ac', 'Cu', 'Ir', 'Ni']",Ac-Cu-Ir-Ni,AcCuNiIr3
mp-3251769,AcLaCu4,0.0,-0.184911248749997,0.0,True,True,6,8.025801585427145,3,"['Ac', 'Cu', 'La']",Ac-Cu-La,AcLaCu4
mp-3239774,AcLa(CuSn)2,0.0,-0.650448645416669,0.0,True,True,6,7.70642599230313,4,"['Ac', 'Cu', 'La', 'Sn']",Ac-Cu-La-Sn,AcLa(CuSn)2
mp-3252336,SrAcCuN2,0.5064000000000001,-0.8873412289999971,0.0,False,True,5,7.092617791055565,4,"['Ac', 'Cu', 'N', 'Sr']",Ac-Cu-N-Sr,SrAcCuN2
mp-3229736,AcNd(CuSi)2,0.0,-0.629560140833334,0.0,True,True,6,7.067567273646513,4,"['Ac', 'Cu', 'Nd', 'Si']",Ac-Cu-Nd-Si,AcNd(CuSi)2
mp-3240436,Ac2CuNi3,0.0,-0.182145857499998,0.0,True,True,6,9.118267118597505,3,"['Ac', 'Cu', 'Ni']",Ac-Cu-Ni,Ac2CuNi3
mp-3240993,AcCu2Ni3,0.0,-0.159098639583336,0.0,True,True,6,9.748862471921049,3,"['Ac', 'Cu', 'Ni']",Ac-Cu-Ni,AcCu2Ni3
mp-3291092,Ac5Cu5O13,0.0,-2.388605586576091,0.0,True,True,23,9.21779023242445,3,"['Ac', 'Cu', 'O']",Ac-Cu-O,Ac5Cu5O13
mp-864606,AcCuO3,0.0,-2.4228924235,0.0,True,True,5,9.380470938074591,3,"['Ac', 'Cu', 'O']",Ac-Cu-O,AcCuO3
mp-3252491,AcCuSO,1.9594,-2.238445806015626,0.0,False,True,8,7.769769007067679,4,"['Ac', 'Cu', 'O', 'S']",Ac-Cu-O-S,AcCuSO
mp-3251831,AcCuSeO,1.7502,-2.209004362578124,0.0,False,True,8,8.242557287803667,4,"['Ac', 'Cu', 'O', 'Se']",Ac-Cu-O-Se,AcCuSeO
mp-3249325,AcZnCuP2,0.3794,-0.818406323690479,0.0,False,True,5,6.763205679108861,4,"['Ac', 'Cu', 'P', 'Zn']",Ac-Cu-P-Zn,AcZnCuP2
mp-3229901,AcCu3Pd2,0.0,-0.414831477916663,0.0,True,True,6,10.081869204333248,3,"['Ac', 'Cu', 'Pd']",Ac-Cu-Pd,AcCu3Pd2
mp-3249635,AcPmCu4,0.0,-0.196732359166669,0.0,True,True,6,8.369825636869512,3,"['Ac', 'Cu', 'Pm']",Ac-Cu-Pm,AcPmCu4
mp-3249304,AcPrCu4,0.0,-0.178321938194443,0.0,True,True,6,8.153378765207801,3,"['Ac', 'Cu', 'Pr']",Ac-Cu-Pr,AcPrCu4
mp-3222883,Ac2Pr(CuSn)3,0.0,-0.621466398518521,0.0,True,True,9,8.022317155869981,4,"['Ac', 'Cu', 'Pr', 'Sn']",Ac-Cu-Pr-Sn,Ac2Pr(CuSn)3
mp-3239968,AcCu2Pt3,0.0,-0.768279716250001,0.0,True,True,6,14.577687974553486,3,"['Ac', 'Cu', 'Pt']",Ac-Cu-Pt,AcCu2Pt3
mp-1183120,Ac2CuRu,0.0,-0.016838317499995,0.003013580625008,True,False,4,9.971867965777491,3,"['Ac', 'Cu', 'Ru']",Ac-Cu-Ru,Ac2CuRu
mp-3269078,Ac3(CuSi)4,0.0,-0.55550990931818,0.0,True,True,11,7.567758942930165,3,"['Ac', 'Cu', 'Si']",Ac-Cu-Si,Ac3(CuSi)4
mp-867122,Ac2CuSi,0.0,-0.271164717499999,0.110748345156245,True,False,4,8.064008692611875,3,"['Ac', 'Cu', 'Si']",Ac-Cu-Si,Ac2CuSi
mp-865470,Ac2CuSn,0.0,-0.374531716249997,0.142426585000002,True,False,4,8.371543611775841,3,"['Ac', 'Cu', 'Sn']",Ac-Cu-Sn,Ac2CuSn
mp-3240100,Ac2CuSn4,0.0,-0.6283988735714271,0.0,True,True,7,8.122102499522684,3,"['Ac', 'Cu', 'Sn']",Ac-Cu-Sn,Ac2CuSn4
mp-3345142,Ac(CuSn)2,0.0,-0.479428294500002,0.0,True,True,10,8.725468924863206,3,"['Ac', 'Cu', 'Sn']",Ac-Cu-Sn,Ac(CuSn)2
mp-3251785,SrAc(CuSn2)2,0.0,-0.522050189687501,0.0,True,True,8,7.409590847050657,4,"['Ac', 'Cu', 'Sn', 'Sr']",Ac-Cu-Sn-Sr,SrAc(CuSn2)2
mp-3240453,AcTb(CuSn)2,0.0,-0.646744684583334,0.0,True,True,6,8.509914692263083,4,"['Ac', 'Cu', 'Sn', 'Tb']",Ac-Cu-Sn-Tb,AcTb(CuSn)2
mp-3221737,Ac3Th(CuSn)4,0.0,-0.6071584268750031,0.0,True,True,12,8.580666349053084,4,"['Ac', 'Cu', 'Sn', 'Th']",Ac-Cu-Sn-Th,Ac3Th(CuSn)4
mp-3240890,AcTm(CuSn)2,0.0,-0.635820094583332,0.0,True,True,6,8.830912649105837,4,"['Ac', 'Cu', 'Sn', 'Tm']",Ac-Cu-Sn-Tm,AcTm(CuSn)2
mp-3223317,Ac2ZnCu3Sn4,0.0,-0.489414489,0.0,True,True,10,8.595852959141816,4,"['Ac', 'Cu', 'Sn', 'Zn']",Ac-Cu-Sn-Zn,Ac2ZnCu3Sn4
mp-3245709,AcZr(CuSn)2,0.0,-0.5345690954166711,0.0,True,True,6,8.261467858262652,4,"['Ac', 'Cu', 'Sn', 'Zr']",Ac-Cu-Sn-Zr,AcZr(CuSn)2
mp-3246020,Ac3Zr(CuSn)4,0.0,-0.5732635797916711,0.0,True,True,12,8.252366199949348,4,"['Ac', 'Cu', 'Sn', 'Zr']",Ac-Cu-Sn-Zr,Ac3Zr(CuSn)4
mp-3239986,AcZn3Cu2,0.0,-0.248390692083335,0.0,True,True,6,8.563585273975809,3,"['Ac', 'Cu', 'Zn']",Ac-Cu-Zn,AcZn3Cu2
mp-1183062,AcDy3,0.0,0.076281076874998,0.076281076874998,True,False,4,8.533131153955376,2,"['Ac', 'Dy']",Ac-Dy,AcDy3
mp-1183081,Ac3Dy,0.0,0.066875833124996,0.066875833124996,True,False,4,8.42104366462826,2,"['Ac', 'Dy']",Ac-Dy,Ac3Dy
mp-3217366,Ac2DyIn2Pb3,0.0,-0.6306080768749991,0.0,True,True,16,9.83677282790776,4,"['Ac', 'Dy', 'In', 'Pb']",Ac-Dy-In-Pb,Ac2DyIn2Pb3
mp-3239854,AcDy(ZnIn)2,0.0,-0.549017663750002,0.0,True,True,6,8.189661242250784,4,"['Ac', 'Dy', 'In', 'Zn']",Ac-Dy-In-Zn,AcDy(ZnIn)2
mp-3231637,Ac2Dy(SnIr)3,0.0,-0.8303952900000061,0.0,True,True,9,12.089945997971595,4,"['Ac', 'Dy', 'Ir', 'Sn']",Ac-Dy-Ir-Sn,Ac2Dy(SnIr)3
mp-3223579,Li2AcDyPb2,0.0,-0.686468549305554,0.0,True,True,12,8.447754727700737,4,"['Ac', 'Dy', 'Li', 'Pb']",Ac-Dy-Li-Pb,Li2AcDyPb2
mp-3246660,Li2AcDySi2,0.0,-0.6067834793055531,0.0,True,True,6,5.664624710868976,4,"['Ac', 'Dy', 'Li', 'Si']",Ac-Dy-Li-Si,Li2AcDySi2
mp-3251562,Ac2DyPa3N8,2.5423,-1.880432231428573,0.0,False,True,14,9.279283323908857,4,"['Ac', 'Dy', 'N', 'Pa']",Ac-Dy-N-Pa,Ac2DyPa3N8
mp-3251581,Ac3Dy(ZnRh)4,0.0,-0.638418963125,0.0,True,True,12,9.84758350428689,4,"['Ac', 'Dy', 'Rh', 'Zn']",Ac-Dy-Rh-Zn,Ac3Dy(ZnRh)4
mp-3247746,AcYb3DyRu2,0.0,-0.312857645357147,0.039604184285714,True,False,14,9.80369633511616,4,"['Ac', 'Dy', 'Ru', 'Yb']",Ac-Dy-Ru-Yb,AcYb3DyRu2
mp-1183091,Ac3Er,0.0,0.070693433125001,0.070693433125001,True,False,4,8.452892521981868,2,"['Ac', 'Er']",Ac-Er,Ac3Er
mp-985300,AcEr3,0.0,0.075355486875004,0.075355486875004,True,False,4,8.909680596172521,2,"['Ac', 'Er']",Ac-Er,AcEr3
mp-3252972,AcEr(ZnGa)2,0.0,-0.6120707668055541,0.0,True,True,6,8.269528368903872,4,"['Ac', 'Er', 'Ga', 'Zn']",Ac-Er-Ga-Zn,AcEr(ZnGa)2
mp-3250133,Li3Ac2ErGe3,0.041599999999999,-0.72785280537037,0.0,False,True,9,6.5965677400441765,4,"['Ac', 'Er', 'Ge', 'Li']",Ac-Er-Ge-Li,Li3Ac2ErGe3
mp-3230614,Ac2Er(InPd)3,0.0,-0.8251049098148161,0.0,True,True,9,9.654961345458515,4,"['Ac', 'Er', 'In', 'Pd']",Ac-Er-In-Pd,Ac2Er(InPd)3
mp-3230058,Ac2Er(InPt)3,0.0,-1.047702072037042,0.0,True,True,9,11.728092479349211,4,"['Ac', 'Er', 'In', 'Pt']",Ac-Er-In-Pt,Ac2Er(InPt)3
mp-3240347,AcEr(ZnIn)2,0.0,-0.537563098472224,0.0,True,True,6,8.298335859642513,4,"['Ac', 'Er', 'In', 'Zn']",Ac-Er-In-Zn,AcEr(ZnIn)2
mp-3231673,Ac2Er(SnIr)3,0.0,-0.8298935820370351,0.0,True,True,9,12.15294029642242,4,"['Ac', 'Er', 'Ir', 'Sn']",Ac-Er-Ir-Sn,Ac2Er(SnIr)3
mp-3248158,Li2AcErSi2,0.0,-0.602074564027773,0.0,True,True,6,5.807489707343479,4,"['Ac', 'Er', 'Li', 'Si']",Ac-Er-Li-Si,Li2AcErSi2
mp-3244783,AcEr3(ZnSn)4,0.0,-0.6662274731250001,0.0,True,True,12,8.458768165615899,4,"['Ac', 'Er', 'Sn', 'Zn']",Ac-Er-Sn-Zn,AcEr3(ZnSn)4
mp-1183125,AcEu3,0.0,0.025466385625001,0.025466385625001,True,False,8,6.352772221804174,2,"['Ac', 'Eu']",Ac-Eu,AcEu3
mp-1183271,Ac3Eu,0.0,0.0151985318749999,0.0151985318749999,True,False,8,7.426651227319795,2,"['Ac', 'Eu']",Ac-Eu,Ac3Eu
mp-3250175,Ac3EuI10,0.4283,-1.786202159464283,0.0,False,True,14,5.472994928648349,3,"['Ac', 'Eu', 'I']",Ac-Eu-I,Ac3EuI10
mp-3231403,Ac2Eu(InPd)3,0.0,-0.8017199755555501,0.0,True,True,9,9.249684384238618,4,"['Ac', 'Eu', 'In', 'Pd']",Ac-Eu-In-Pd,Ac2Eu(InPd)3
mp-1183268,AcEuMg2,0.0,-0.0540287393749999,0.01039052125,True,False,4,5.187278229481542,3,"['Ac', 'Eu', 'Mg']",Ac-Eu-Mg,AcEuMg2
mp-3240622,AcEu2PbN,0.0,-1.01818336325,0.0,True,True,5,8.947249628113132,4,"['Ac', 'Eu', 'N', 'Pb']",Ac-Eu-N-Pb,AcEu2PbN
mp-1183124,AcEuZn2,0.0,-0.261695901874999,0.0,True,True,4,7.503161499665293,3,"['Ac', 'Eu', 'Zn']",Ac-Eu-Zn,AcEuZn2
mp-977360,AcF3,7.4101,-4.463333296875,0.0046541725,False,False,4,8.787879077937266,2,"['Ac', 'F']",Ac-F,AcF3
mp-3247326,AcMgGeF,0.344199999999999,-1.976234119375004,0.0,False,True,8,6.622687166483006,4,"['Ac', 'F', 'Ge', 'Mg']",Ac-F-Ge-Mg,AcMgGeF
mp-3252997,KAcF4,7.3265,-4.018473920208334,0.0,False,True,6,5.186467748534073,3,"['Ac', 'F', 'K']",Ac-F-K,KAcF4
mp-36526,AcOF,4.256600000000001,-4.159415700833336,0.0,False,True,3,8.272058043900467,3,"['Ac', 'F', 'O']",Ac-F-O,AcOF
mp-3247799,Ac2SF4,4.7206,-4.11368957825893,0.0,False,True,7,7.513651904270487,3,"['Ac', 'F', 'S']",Ac-F-S,Ac2SF4
mp-3247855,AcSF,2.4082,-3.492310696770838,0.0,False,True,6,7.324742098041229,3,"['Ac', 'F', 'S']",Ac-F-S,AcSF
mp-3244525,Ac2SeF4,4.283100000000001,-4.0889449220089285,0.0,False,True,7,7.840250206558824,3,"['Ac', 'F', 'Se']",Ac-F-Se,Ac2SeF4
mp-3247235,AcSeF,2.1687,-3.390542835520833,0.0,False,True,6,7.941383248659334,3,"['Ac', 'F', 'Se']",Ac-F-Se,AcSeF
mp-3249994,NaAcFeH6,1.9376,-0.487555638888887,0.0,False,True,9,5.321302606175333,4,"['Ac', 'Fe', 'H', 'Na']",Ac-Fe-H-Na,NaAcFeH6
mp-3251940,Ac4FeTc3I2,0.0,-0.5095860145000011,0.0,True,True,10,8.146052207461203,4,"['Ac', 'Fe', 'I', 'Tc']",Ac-Fe-I-Tc,Ac4FeTc3I2
mp-3252551,Ac2MnFeN6,0.0,-0.7316470281982761,0.0,True,True,10,7.68379219424731,4,"['Ac', 'Fe', 'Mn', 'N']",Ac-Fe-Mn-N,Ac2MnFeN6
mp-3252818,AcFeN3,0.0,-0.587190114750001,0.0,True,True,10,7.984973209542711,3,"['Ac', 'Fe', 'N']",Ac-Fe-N,AcFeN3
mp-861502,AcFeO3,0.9887999999999992,-2.771539465500001,0.0,False,True,5,8.889999465919495,3,"['Ac', 'Fe', 'O']",Ac-Fe-O,AcFeO3
mp-3325072,Ac3FeO6,2.5917,-3.207103943499999,0.0,False,True,20,7.933220930750737,3,"['Ac', 'Fe', 'O']",Ac-Fe-O,Ac3FeO6
mp-3251259,Ac(FeP)2,0.0,-0.7967474246904771,0.0,True,True,5,7.964495046836634,3,"['Ac', 'Fe', 'P']",Ac-Fe-P,Ac(FeP)2
mp-867815,AcGa3,0.0,-0.5959298668749999,0.026944765000006,True,False,8,7.711083092964986,2,"['Ac', 'Ga']",Ac-Ga,AcGa3
mp-3241012,AcGa2,0.0,-0.755558739166668,0.0,True,True,3,7.795416636954368,2,"['Ac', 'Ga']",Ac-Ga,AcGa2
mp-3344063,Ac3Ga8,0.0,-0.679499598409093,0.0,True,True,11,7.85134008586924,2,"['Ac', 'Ga']",Ac-Ga,Ac3Ga8
mp-3251229,AcGaI,0.2041,-1.265528391666668,0.0,False,True,6,6.416944598584684,3,"['Ac', 'Ga', 'I']",Ac-Ga-I,AcGaI
mp-3240447,Ac2GaIrI2,0.0,-1.302947519999999,0.0,True,True,6,7.489355120902048,4,"['Ac', 'Ga', 'I', 'Ir']",Ac-Ga-I-Ir,Ac2GaIrI2
mp-3248919,Ac2GaNiI,0.164799999999999,-0.932747777500003,0.0,False,True,10,7.643033944392871,4,"['Ac', 'Ga', 'I', 'Ni']",Ac-Ga-I-Ni,Ac2GaNiI
mp-3246962,Ac4GaOs3I2,0.0,-0.7626020625000021,0.0,True,True,10,9.445996392203035,4,"['Ac', 'Ga', 'I', 'Os']",Ac-Ga-I-Os,Ac4GaOs3I2
mp-1183377,Ac2InGa,0.0,-0.5060674862499961,0.0,True,True,4,8.116507450125557,3,"['Ac', 'Ga', 'In']",Ac-Ga-In,Ac2InGa
mp-3248387,AcGa3Ir,0.0,-0.7185573014999981,0.0,True,True,5,10.03010175883745,3,"['Ac', 'Ga', 'Ir']",Ac-Ga-Ir,AcGa3Ir
mp-3248632,AcGa6Ir,0.0,-0.565863737187498,0.0,True,True,8,8.93037241198961,3,"['Ac', 'Ga', 'Ir']",Ac-Ga-Ir,AcGa6Ir
mp-3222563,AcLa(GaIr)4,0.0,-0.8300202882500001,0.0,True,True,10,12.157638831598742,4,"['Ac', 'Ga', 'Ir', 'La']",Ac-Ga-Ir-La,AcLa(GaIr)4
mp-3240959,AcGaNi3Ir,0.0,-0.439065626249998,0.0,True,True,6,11.624964534509516,4,"['Ac', 'Ga', 'Ir', 'Ni']",Ac-Ga-Ir-Ni,AcGaNi3Ir
mp-3231858,AcNp2(GaIr)3,0.0,-0.7768105527777731,0.0,True,True,9,13.419839065126702,4,"['Ac', 'Ga', 'Ir', 'Np']",Ac-Ga-Ir-Np,AcNp2(GaIr)3
mp-3248346,Ac2Ga3PIr6,0.0,-0.82352174524802,0.0,True,True,12,14.340034916629731,4,"['Ac', 'Ga', 'Ir', 'P']",Ac-Ga-Ir-P,Ac2Ga3PIr6
mp-3245363,Ac2Ga3SiIr4,0.0,-0.892344385000001,0.0,True,True,10,12.559533583447385,4,"['Ac', 'Ga', 'Ir', 'Si']",Ac-Ga-Ir-Si,Ac2Ga3SiIr4
mp-3247930,Ac2Ga(SiIr2)3,0.0,-0.938969478333334,0.0,True,True,12,13.950653207049172,4,"['Ac', 'Ga', 'Ir', 'Si']",Ac-Ga-Ir-Si,Ac2Ga(SiIr2)3
mp-3253057,AcLa3Ga4,0.0,-0.670721002812499,0.0,True,True,8,6.685566911733883,3,"['Ac', 'Ga', 'La']",Ac-Ga-La,AcLa3Ga4
mp-3248756,Ac2La2Ga3Si,0.0,-0.693072162500001,0.0,True,True,8,6.888700668848573,4,"['Ac', 'Ga', 'La', 'Si']",Ac-Ga-La-Si,Ac2La2Ga3Si
mp-862613,LiAc2Ga,0.0,-0.261359985416667,0.021974541770831,True,False,4,7.0699099291917324,3,"['Ac', 'Ga', 'Li']",Ac-Ga-Li,LiAc2Ga
mp-3253007,AcLu(ZnGa)2,0.0,-0.604354719027777,0.0,True,True,6,8.47675355798726,4,"['Ac', 'Ga', 'Lu', 'Zn']",Ac-Ga-Lu-Zn,AcLu(ZnGa)2
mp-1183074,Ac2MgGa,0.0,-0.228840256874998,0.0,True,True,4,7.055287093922438,3,"['Ac', 'Ga', 'Mg']",Ac-Ga-Mg,Ac2MgGa
mp-3327215,Ac(MgGa)2,0.0,-0.494136507499999,0.0,True,True,5,5.724186210068237,3,"['Ac', 'Ga', 'Mg']",Ac-Ga-Mg,Ac(MgGa)2
mp-3230346,Ac3Mg3ZnGa2,0.0,-0.399625813611111,0.0,True,True,9,6.406163695775473,4,"['Ac', 'Ga', 'Mg', 'Zn']",Ac-Ga-Mg-Zn,Ac3Mg3ZnGa2
mp-3231661,AcNd2(GaNi2)2,0.0,-0.470608130277778,0.0,True,True,9,8.394849376576818,4,"['Ac', 'Ga', 'Nd', 'Ni']",Ac-Ga-Nd-Ni,AcNd2(GaNi2)2
mp-3240340,AcNd(ZnGa)2,0.0,-0.589073359166666,0.0,True,True,6,7.5061407637879425,4,"['Ac', 'Ga', 'Nd', 'Zn']",Ac-Ga-Nd-Zn,AcNd(ZnGa)2
mp-3239692,Ac(GaNi)2,0.0,-0.507041047499998,0.0,True,True,5,8.55211214963154,3,"['Ac', 'Ga', 'Ni']",Ac-Ga-Ni,Ac(GaNi)2
mp-3249932,Ac3Ga4NiRu3,0.0,-0.4769619525,0.0,True,True,11,9.376730762312366,4,"['Ac', 'Ga', 'Ni', 'Ru']",Ac-Ga-Ni-Ru,Ac3Ga4NiRu3
mp-3249503,AcTb2(GaNi2)2,0.0,-0.523776685277776,0.0,True,True,9,9.050996946841163,4,"['Ac', 'Ga', 'Ni', 'Tb']",Ac-Ga-Ni-Tb,AcTb2(GaNi2)2
mp-3253278,Ac2ZnGa3Ni2,0.0,-0.5445402999999971,0.0,True,True,8,8.33769848304392,4,"['Ac', 'Ga', 'Ni', 'Zn']",Ac-Ga-Ni-Zn,Ac2ZnGa3Ni2
mp-3266327,Ac3GaO6,3.8703,-3.311048851999999,0.0,False,True,20,8.084667232152487,3,"['Ac', 'Ga', 'O']",Ac-Ga-O,Ac3GaO6
mp-1183053,AcGaO3,2.895900000000001,-3.063252617,0.0,False,True,5,9.31449500321555,3,"['Ac', 'Ga', 'O']",Ac-Ga-O,AcGaO3
mp-3231874,AcGa6Pd,0.0,-0.5632349909375021,0.0,True,True,8,7.932002052833012,3,"['Ac', 'Ga', 'Pd']",Ac-Ga-Pd,AcGa6Pd
mp-3240844,AcPr(ZnGa)2,0.0,-0.5770315715277781,0.0,True,True,6,7.361046108766473,4,"['Ac', 'Ga', 'Pr', 'Zn']",Ac-Ga-Pr-Zn,AcPr(ZnGa)2
mp-3241300,AcGaPt4,0.0,-0.924434306249992,0.0,True,True,6,15.560342907882449,3,"['Ac', 'Ga', 'Pt']",Ac-Ga-Pt,AcGaPt4
mp-3244953,AcGa3Pt,0.0,-0.7896822194999971,0.0,True,True,5,10.09684664635726,3,"['Ac', 'Ga', 'Pt']",Ac-Ga-Pt,AcGa3Pt
mp-3230438,Ac2Th(GaPt)3,0.0,-1.06821892722222,0.0,True,True,9,11.935147344285047,4,"['Ac', 'Ga', 'Pt', 'Th']",Ac-Ga-Pt-Th,Ac2Th(GaPt)3
mp-3249292,AcTi(GaPt)2,0.0,-1.015645340694443,0.0,True,True,6,11.07030101286794,4,"['Ac', 'Ga', 'Pt', 'Ti']",Ac-Ga-Pt-Ti,AcTi(GaPt)2
mp-3241381,AcGa2Rh3,0.0,-0.8677908829166651,0.0,True,True,6,10.368876008512942,3,"['Ac', 'Ga', 'Rh']",Ac-Ga-Rh,AcGa2Rh3
mp-3250020,AcGaSiRu2,0.0,-0.6934093225000021,0.0,True,True,5,9.063083764922055,4,"['Ac', 'Ga', 'Ru', 'Si']",Ac-Ga-Ru-Si,AcGaSiRu2
mp-3259737,Ac3GaSi,0.0,-0.535910381500002,0.0,True,True,10,7.862088135091244,3,"['Ac', 'Ga', 'Si']",Ac-Ga-Si,Ac3GaSi
mp-1183054,Ac2GaSi,0.0,-0.417242170000001,0.221917584374999,True,False,4,7.778297165108811,3,"['Ac', 'Ga', 'Si']",Ac-Ga-Si,Ac2GaSi
mp-3305044,Ac3(GaSi2)2,0.0,-0.6767838286111081,0.0,True,True,18,7.018803598227028,3,"['Ac', 'Ga', 'Si']",Ac-Ga-Si,Ac3(GaSi2)2
mp-3325868,Ac6GaSi11,0.0,-0.617437131666665,0.0,True,True,18,6.647606828374155,3,"['Ac', 'Ga', 'Si']",Ac-Ga-Si,Ac6GaSi11
mp-3327974,Ac2Ga3Si,0.0,-0.7466239033333341,0.0,True,True,6,7.595387128448344,3,"['Ac', 'Ga', 'Si']",Ac-Ga-Si,Ac2Ga3Si
mp-3338087,Ac4Ga3Si,0.0,-0.6243131581250051,0.0,True,True,8,7.79505403695372,3,"['Ac', 'Ga', 'Si']",Ac-Ga-Si,Ac4Ga3Si
mp-3246208,AcZn2GaSi,0.0,-0.487401794499999,0.0,True,True,5,7.522222120420188,4,"['Ac', 'Ga', 'Si', 'Zn']",Ac-Ga-Si-Zn,AcZn2GaSi
mp-1187170,SrAcGa2,0.0,-0.437160946875,0.129508107500001,True,False,4,6.310105653870001,3,"['Ac', 'Ga', 'Sr']",Ac-Ga-Sr,SrAcGa2
mp-861884,AcGaTe2,0.490999999999999,-1.071641271875002,0.237129177708332,False,False,4,7.18122937756361,3,"['Ac', 'Ga', 'Te']",Ac-Ga-Te,AcGaTe2
mp-3239879,AcTh(ZnGa)2,0.0,-0.5422760979166691,0.0,True,True,6,8.414705825562532,4,"['Ac', 'Ga', 'Th', 'Zn']",Ac-Ga-Th-Zn,AcTh(ZnGa)2
mp-3291053,Ac3Yb5Ga4,0.0,-0.334442748958333,0.043336620624998,True,False,12,8.57891933941188,3,"['Ac', 'Ga', 'Yb']",Ac-Ga-Yb,Ac3Yb5Ga4
mp-979981,AcYbGa2,0.0,-0.5005962431250021,0.066072811249995,True,False,4,8.714843579747658,3,"['Ac', 'Ga', 'Yb']",Ac-Ga-Yb,AcYbGa2
mp-865535,Ac2ZnGa,0.0,-0.378247717499995,0.004478638281256,True,False,4,8.1531421580633,3,"['Ac', 'Ga', 'Zn']",Ac-Ga-Zn,Ac2ZnGa
mp-3240458,AcZn3Ga,0.0,-0.441915216500001,0.0,True,True,5,7.936914063980989,3,"['Ac', 'Ga', 'Zn']",Ac-Ga-Zn,AcZn3Ga
mp-3327430,AcZnGa3,0.0,-0.5527338565000001,0.0,True,True,5,7.950501820359622,3,"['Ac', 'Ga', 'Zn']",Ac-Ga-Zn,AcZnGa3
mp-3344064,Ac2Zn3Ga5,0.0,-0.5466014210000021,0.0,True,True,10,7.960364660264728,3,"['Ac', 'Ga', 'Zn']",Ac-Ga-Zn,Ac2Zn3Ga5
mp-3344458,Ac2Zn7Ga,0.0,-0.387443254999999,0.0,True,True,10,7.911263048132054,3,"['Ac', 'Ga', 'Zn']",Ac-Ga-Zn,Ac2Zn7Ga
mp-3345360,Ac2ZnGa7,0.0,-0.5512505950000021,0.0,True,True,10,7.852109374987573,3,"['Ac', 'Ga', 'Zn']",Ac-Ga-Zn,Ac2ZnGa7
mp-3245255,Li2AcGdSi2,0.0,-0.582925165138888,0.0,True,True,6,5.515097246958255,4,"['Ac', 'Gd', 'Li', 'Si']",Ac-Gd-Li-Si,Li2AcGdSi2
mp-3244722,Ac2GdPa3N8,2.3276,-1.8530476653571424,0.0,False,True,14,9.16615802556784,4,"['Ac', 'Gd', 'N', 'Pa']",Ac-Gd-N-Pa,Ac2GdPa3N8
mp-862665,AcGe3,0.0,-0.444330336874998,0.0,True,True,8,7.858576635263988,2,"['Ac', 'Ge']",Ac-Ge,AcGe3
mp-861872,Ac2HgGe,0.0,-0.583250138125002,0.0,True,True,4,9.670946624304037,3,"['Ac', 'Ge', 'Hg']",Ac-Ge-Hg,Ac2HgGe
mp-3248121,Li3Ac2HoGe3,0.0664,-0.7320640166666661,0.0,False,True,9,6.54002158731144,4,"['Ac', 'Ge', 'Ho', 'Li']",Ac-Ge-Ho-Li,Li3Ac2HoGe3
mp-3245924,Ac3Ho(ZnGe)4,0.0,-0.71213465729167,0.0,True,True,12,8.11639945891387,4,"['Ac', 'Ge', 'Ho', 'Zn']",Ac-Ge-Ho-Zn,Ac3Ho(ZnGe)4
mp-3223840,Ac2InGe2,0.0,-0.774516248999998,0.0,True,True,10,8.089711094071772,3,"['Ac', 'Ge', 'In']",Ac-Ge-In,Ac2InGe2
mp-3170626,AcInGeO,0.0,-1.7748534840625,0.0,True,True,8,7.837826950711071,4,"['Ac', 'Ge', 'In', 'O']",Ac-Ge-In-O,AcInGeO
mp-3239834,Ac2Ge3Ir,0.0,-0.841215745833328,0.0,True,True,6,9.550330122668688,3,"['Ac', 'Ge', 'Ir']",Ac-Ge-Ir,Ac2Ge3Ir
mp-3247144,AcGe3Ir,0.0,-0.7555907394999961,0.0,True,True,5,10.185491896798863,3,"['Ac', 'Ge', 'Ir']",Ac-Ge-Ir,AcGe3Ir
mp-862667,LiAc2Ge,0.0,-0.295858690833336,0.0,True,True,4,7.3080473368418755,3,"['Ac', 'Ge', 'Li']",Ac-Ge-Li,LiAc2Ge
mp-3343904,Li4Ac3Ge4,0.0,-0.7056958026515131,0.0,True,True,11,6.434663618206857,3,"['Ac', 'Ge', 'Li']",Ac-Ge-Li,Li4Ac3Ge4
mp-3251934,Li3Ac2LuGe3,0.0157,-0.7189796357407401,0.0,False,True,9,6.734433968449709,4,"['Ac', 'Ge', 'Li', 'Lu']",Ac-Ge-Li-Lu,Li3Ac2LuGe3
mp-3230708,Li3Ac2PrGe3,0.0364,-0.729249279629628,0.0,False,True,9,6.093019382548774,4,"['Ac', 'Ge', 'Li', 'Pr']",Ac-Ge-Li-Pr,Li3Ac2PrGe3
mp-3249130,Ac3Nd(ZnGe)4,0.0,-0.731501321666665,0.0,True,True,12,7.814364817634227,4,"['Ac', 'Ge', 'Nd', 'Zn']",Ac-Ge-Nd-Zn,Ac3Nd(ZnGe)4
mp-983587,Ac2NiGe,0.0,-0.343780956250007,0.103388868906243,True,False,4,8.81890449891407,3,"['Ac', 'Ge', 'Ni']",Ac-Ge-Ni,Ac2NiGe
mp-3240093,AcNiGe3,0.0,-0.5906127335000001,0.0,True,True,5,8.492367932192113,3,"['Ac', 'Ge', 'Ni']",Ac-Ge-Ni,AcNiGe3
mp-3316647,Ac2Ni3Ge5,0.0,-0.6110413680000021,0.0,True,True,20,8.812360578324808,3,"['Ac', 'Ge', 'Ni']",Ac-Ge-Ni,Ac2Ni3Ge5
mp-3345707,Ac3(NiGe)4,0.0,-0.650428836590911,0.0,True,True,11,8.797385893505686,3,"['Ac', 'Ge', 'Ni']",Ac-Ge-Ni,Ac3(NiGe)4
mp-3232009,AcGeRhO,0.0,-2.058125615312498,0.0,True,True,8,8.773539602408531,4,"['Ac', 'Ge', 'O', 'Rh']",Ac-Ge-O-Rh,AcGeRhO
mp-867241,Ac2GePd,0.0,-0.665207049999995,0.0,True,True,4,9.154250739096147,3,"['Ac', 'Ge', 'Pd']",Ac-Ge-Pd,Ac2GePd
mp-3299887,Ac2Ge5Pd3,0.0,-0.784013616999999,0.0,True,True,20,9.168853059337618,3,"['Ac', 'Ge', 'Pd']",Ac-Ge-Pd,Ac2Ge5Pd3
mp-3319370,Ac8GePd24,0.0,-0.7907507896969681,0.0,True,True,33,11.335675525156486,3,"['Ac', 'Ge', 'Pd']",Ac-Ge-Pd,Ac8GePd24
mp-3250887,Ac3Pr(ZnGe)4,0.0,-0.7308901936805561,0.0,True,True,12,7.758667055993207,4,"['Ac', 'Ge', 'Pr', 'Zn']",Ac-Ge-Pr-Zn,Ac3Pr(ZnGe)4
mp-3251837,AcGe3Pt,0.0,-0.7955797194999941,0.0,True,True,5,10.082498247388813,3,"['Ac', 'Ge', 'Pt']",Ac-Ge-Pt,AcGe3Pt
mp-3240301,Ac2Ge3Pt,0.0,-0.9769468624999952,0.0,True,True,6,9.539079693303398,3,"['Ac', 'Ge', 'Pt']",Ac-Ge-Pt,Ac2Ge3Pt
mp-3252014,AcGe3Rh,0.0,-0.770282363499995,0.0,True,True,5,8.7988367693002,3,"['Ac', 'Ge', 'Rh']",Ac-Ge-Rh,AcGe3Rh
mp-3240483,Ac2Ge3Rh,0.0,-0.862904355833331,0.0,True,True,6,8.609058733358774,3,"['Ac', 'Ge', 'Rh']",Ac-Ge-Rh,Ac2Ge3Rh
mp-3247989,Ac3Sm(ZnGe)4,0.0,-0.728313965208334,0.0,True,True,12,7.9072722986206845,4,"['Ac', 'Ge', 'Sm', 'Zn']",Ac-Ge-Sm-Zn,Ac3Sm(ZnGe)4
mp-3245413,Ac3Tb(ZnGe)4,0.0,-0.722012274374999,0.0,True,True,12,8.041045100437174,4,"['Ac', 'Ge', 'Tb', 'Zn']",Ac-Ge-Tb-Zn,Ac3Tb(ZnGe)4
mp-866018,Ac2ZnGe,0.0,-0.457048125,0.0,True,True,4,8.337439913110764,3,"['Ac', 'Ge', 'Zn']",Ac-Ge-Zn,Ac2ZnGe
mp-3341874,Ac2(Zn2Ge)3,0.0,-0.447950820454544,0.0,True,True,11,7.908797027613565,3,"['Ac', 'Ge', 'Zn']",Ac-Ge-Zn,Ac2(Zn2Ge)3
mp-3342334,Ac2ZnGe3,0.0,-0.703430364999997,0.0,True,True,12,8.072373188196224,3,"['Ac', 'Ge', 'Zn']",Ac-Ge-Zn,Ac2ZnGe3
mp-861605,AcH3,0.640699999999999,-0.671802030937499,0.0,False,True,4,7.784733821859042,2,"['Ac', 'H']",Ac-H,AcH3
mp-24147,AcH2,0.0,-0.6843335983333341,0.0,True,True,3,7.345135733071883,2,"['Ac', 'H']",Ac-H,AcH2
mp-3306013,Ac4H9,0.0,-0.684666439903848,0.0,True,True,13,7.463277135720979,2,"['Ac', 'H']",Ac-H,Ac4H9
mp-3247492,AcHI2,4.1037,-1.529074316562496,0.0,False,True,8,5.605341362377168,3,"['Ac', 'H', 'I']",Ac-H-I,AcHI2
mp-3244976,AcH6Ir,3.4613,-0.642527499999999,0.0,False,True,8,8.624929706080215,3,"['Ac', 'H', 'Ir']",Ac-H-Ir,AcH6Ir
mp-3247723,Ac2La2H9,0.0,-0.7125521849038461,0.0,True,True,13,6.427426241402203,3,"['Ac', 'H', 'La']",Ac-H-La,Ac2La2H9
mp-3253619,AcMgSiH,0.9626,-0.6135157490625001,0.0,False,True,4,5.740410812274863,4,"['Ac', 'H', 'Mg', 'Si']",Ac-H-Mg-Si,AcMgSiH
mp-3240343,AcMoHN2,0.0,-0.958100470749997,0.0,True,True,5,9.209671688035108,4,"['Ac', 'H', 'Mo', 'N']",Ac-H-Mo-N,AcMoHN2
mp-3241194,AcReHN2,0.0,-0.814719057249999,0.0,True,True,5,11.70451281446916,4,"['Ac', 'H', 'N', 'Re']",Ac-H-N-Re,AcReHN2
mp-3252583,NaAcH6Os,2.8682,-0.593918000000002,0.0,False,True,9,6.963129988871496,4,"['Ac', 'H', 'Na', 'Os']",Ac-H-Na-Os,NaAcH6Os
mp-3244435,NaAcH6Ru,2.6651,-0.598463983888887,0.0,False,True,9,5.63402116734229,4,"['Ac', 'H', 'Na', 'Ru']",Ac-H-Na-Ru,NaAcH6Ru
mp-3230738,AcPHRu,0.0,-1.017566501056549,0.0,True,True,8,8.434835142827989,4,"['Ac', 'H', 'P', 'Ru']",Ac-H-P-Ru,AcPHRu
mp-3244663,AcHSe,2.938,-1.7571755984374982,0.0,False,True,6,7.670210440107649,3,"['Ac', 'H', 'Se']",Ac-H-Se,AcHSe
mp-3244694,SrAc3H10,0.0,-0.6733241242857171,0.0,True,True,14,6.486008841617468,3,"['Ac', 'H', 'Sr']",Ac-H-Sr,SrAc3H10
mp-3246368,SrAc3H11,2.511399999999999,-0.668888043916664,0.0,False,True,15,6.539578500916232,3,"['Ac', 'H', 'Sr']",Ac-H-Sr,SrAc3H11
mp-3245766,AcYbTcH6,0.0,-0.5066480572222201,0.085473076666662,True,False,9,7.952502327615221,4,"['Ac', 'H', 'Tc', 'Yb']",Ac-H-Tc-Yb,AcYbTcH6
mp-3239737,Ac(HfIr)2,0.0,-0.932672999500005,0.0,True,True,5,13.986971707736156,3,"['Ac', 'Hf', 'Ir']",Ac-Hf-Ir,Ac(HfIr)2
mp-3248788,AcHfPaN4,1.6069,-1.848263501785713,0.0,False,True,14,9.81671476085158,4,"['Ac', 'Hf', 'N', 'Pa']",Ac-Hf-N-Pa,AcHfPaN4
mp-862289,AcHg3,0.0,-0.477239143749997,0.0,True,True,8,12.291320218467966,2,"['Ac', 'Hg']",Ac-Hg,AcHg3
mp-985291,Ac3Hg,0.0,-0.091356914166667,0.067722800416667,True,False,8,9.631634945915158,2,"['Ac', 'Hg']",Ac-Hg,Ac3Hg
mp-867321,AcInHg2,0.0,-0.510612275624993,0.0,True,True,4,11.066496074405764,3,"['Ac', 'Hg', 'In']",Ac-Hg-In,AcInHg2
mp-3247599,Ac8HgIr6,0.0,-0.6728522905000011,0.0,True,True,15,12.007777642301242,3,"['Ac', 'Hg', 'Ir']",Ac-Hg-Ir,Ac8HgIr6
mp-3170551,Ac3Sn3HgIr2,0.0,-0.7643810788888831,0.0,True,True,9,11.376618995045463,4,"['Ac', 'Hg', 'Ir', 'Sn']",Ac-Hg-Ir-Sn,Ac3Sn3HgIr2
mp-3247107,AcLa(SnHg)2,0.0,-0.7513089687500001,0.0,True,True,12,9.266802026448486,4,"['Ac', 'Hg', 'La', 'Sn']",Ac-Hg-La-Sn,AcLa(SnHg)2
mp-1185285,LiAcHg2,0.0,-0.466574312291669,0.0,True,True,4,9.667704702395492,3,"['Ac', 'Hg', 'Li']",Ac-Hg-Li,LiAcHg2
mp-3323974,Li4Ac5Hg4,0.0,-0.344887542628209,0.0,True,True,13,8.385377608547453,3,"['Ac', 'Hg', 'Li']",Ac-Hg-Li,Li4Ac5Hg4
mp-866225,AcMgHg2,0.0,-0.421982165625006,0.0,True,True,4,9.905053371936065,3,"['Ac', 'Hg', 'Mg']",Ac-Hg-Mg,AcMgHg2
mp-3252105,AcMg2SnHg,0.0,-0.536980300999999,0.0,True,True,5,7.310966900299583,4,"['Ac', 'Hg', 'Mg', 'Sn']",Ac-Hg-Mg-Sn,AcMg2SnHg
mp-864806,NaAcHg2,0.0,-0.442966260624999,0.0,True,True,4,9.368879742507678,3,"['Ac', 'Hg', 'Na']",Ac-Hg-Na,NaAcHg2
mp-3244906,NaAcHgPb,0.434199999999999,-0.5466941937499991,0.0,False,True,4,8.81266506557111,4,"['Ac', 'Hg', 'Na', 'Pb']",Ac-Hg-Na-Pb,NaAcHgPb
mp-3244351,AcNd(SnHg)2,0.0,-0.72371510083334,0.0,True,True,12,9.55736144437303,4,"['Ac', 'Hg', 'Nd', 'Sn']",Ac-Hg-Nd-Sn,AcNd(SnHg)2
mp-3241131,Ac2Ni2Hg,0.0,-0.354493774500002,0.0,True,True,5,9.555947176361911,3,"['Ac', 'Hg', 'Ni']",Ac-Hg-Ni,Ac2Ni2Hg
mp-3249982,Ac2HgO4,2.4224,-2.786125896071431,0.0,False,True,14,8.72435904091539,3,"['Ac', 'Hg', 'O']",Ac-Hg-O,Ac2HgO4
mp-3247328,AcHgPd4,0.0,-0.639292194166666,0.0,True,True,6,12.081842256648429,3,"['Ac', 'Hg', 'Pd']",Ac-Hg-Pd,AcHgPd4
mp-3248579,RbAcHgTe3,1.3392,-1.249202470208336,0.0,False,True,12,6.122544092346248,4,"['Ac', 'Hg', 'Rb', 'Te']",Ac-Hg-Rb-Te,RbAcHgTe3
mp-1183060,AcHgRh2,0.0,-0.321689603750002,0.0,True,True,4,12.771599111355195,3,"['Ac', 'Hg', 'Rh']",Ac-Hg-Rh,AcHgRh2
mp-983586,Ac2SiHg,0.0,-0.461455381875005,0.053580626444428,True,False,4,9.212666158817267,3,"['Ac', 'Hg', 'Si']",Ac-Hg-Si,Ac2SiHg
mp-3310912,Ac20Si15Hg,0.0,-0.610936013402781,0.0,True,True,36,7.448485112232928,3,"['Ac', 'Hg', 'Si']",Ac-Hg-Si,Ac20Si15Hg
mp-3257629,Ac6SnHg9,0.0,-0.5968820045312451,0.0,True,True,16,11.056845737325368,3,"['Ac', 'Hg', 'Sn']",Ac-Hg-Sn,Ac6SnHg9
mp-3262465,Ac6Sn9Hg,0.0,-0.748041837031252,0.0,True,True,16,8.566261408999695,3,"['Ac', 'Hg', 'Sn']",Ac-Hg-Sn,Ac6Sn9Hg
mp-864795,Ac2SnHg,0.0,-0.645805788125002,0.037804611590921,True,False,4,9.533838808198968,3,"['Ac', 'Hg', 'Sn']",Ac-Hg-Sn,Ac2SnHg
mp-1183197,AcSnHg2,0.0,-0.482384125624996,0.009158627638903,True,False,4,10.994028607109955,3,"['Ac', 'Hg', 'Sn']",Ac-Hg-Sn,AcSnHg2
mp-867925,SrAcHg2,0.0,-0.5236201743750021,0.0,True,True,4,9.284954484834866,3,"['Ac', 'Hg', 'Sr']",Ac-Hg-Sr,SrAcHg2
mp-1183055,AcHgTe2,0.0,-0.988194536250006,0.261288073437498,True,False,4,8.7512973367685,3,"['Ac', 'Hg', 'Te']",Ac-Hg-Te,AcHgTe2
mp-984551,AcTlHg2,0.0,-0.4534742781249999,0.0,True,True,4,12.09441054837504,3,"['Ac', 'Hg', 'Tl']",Ac-Hg-Tl,AcTlHg2
mp-866203,AcYbHg2,0.0,-0.4852606943749999,0.0,True,True,4,11.574482273120262,3,"['Ac', 'Hg', 'Yb']",Ac-Hg-Yb,AcYbHg2
mp-1183067,Ac2ZnHg,0.0,-0.384465556874999,0.0,True,True,4,9.50263321664783,3,"['Ac', 'Hg', 'Zn']",Ac-Hg-Zn,Ac2ZnHg
mp-1183111,Ac3Ho,0.0,0.070545855624999,0.070545855624999,True,False,8,8.355102594529876,2,"['Ac', 'Ho']",Ac-Ho,Ac3Ho
mp-3253426,AcHo(ZnIn)2,0.0,-0.5439637354166671,0.0,True,True,6,8.255879742154153,4,"['Ac', 'Ho', 'In', 'Zn']",Ac-Ho-In-Zn,AcHo(ZnIn)2
mp-3244974,Li2AcHoSi2,0.0,-0.605404090972221,0.0,True,True,6,5.726709844294837,4,"['Ac', 'Ho', 'Li', 'Si']",Ac-Ho-Li-Si,Li2AcHoSi2
mp-3260655,Ac2I5,0.432399999999999,-1.760746997499999,0.0,False,True,14,5.76257928218724,2,"['Ac', 'I']",Ac-I,Ac2I5
mp-861867,AcI3,2.5892,-1.8010032031250012,0.0,False,True,8,4.334419832889124,2,"['Ac', 'I']",Ac-I,AcI3
mp-1183096,Ac3I,0.0,-0.233799423124999,0.366534977916667,True,False,4,7.958048350154888,2,"['Ac', 'I']",Ac-I,Ac3I
mp-3252309,AcInI,0.275699999999999,-1.211378144999997,0.0,False,True,6,6.21124955845909,3,"['Ac', 'I', 'In']",Ac-I-In,AcInI
mp-3246507,Ac2Ir2I,0.0,-1.1177332564999911,0.0,True,True,10,10.174690333006694,3,"['Ac', 'I', 'Ir']",Ac-I-Ir,Ac2Ir2I
mp-3245140,AcLaI6,2.5165,-1.806263134687505,0.0,False,True,8,5.486469064471817,3,"['Ac', 'I', 'La']",Ac-I-La,AcLaI6
mp-3245934,Ac2LaOsI3,0.218899999999999,-1.232106545357144,0.0,False,True,14,6.759420694535312,4,"['Ac', 'I', 'La', 'Os']",Ac-I-La-Os,Ac2LaOsI3
mp-3250091,AcLa2RuI3,0.043,-1.294784585000002,0.0,False,True,14,5.940631052856743,4,"['Ac', 'I', 'La', 'Ru']",Ac-I-La-Ru,AcLa2RuI3
mp-3247648,AcLaSnI2,0.5972000000000001,-1.431634299500001,0.0,False,True,5,5.523116023846417,4,"['Ac', 'I', 'La', 'Sn']",Ac-I-La-Sn,AcLaSnI2
mp-3246548,Ac3La(Tc2I)2,0.0,-0.592257488250004,0.0,True,True,10,8.018938533706251,4,"['Ac', 'I', 'La', 'Tc']",Ac-I-La-Tc,Ac3La(Tc2I)2
mp-3244934,AcIN,0.9991999999999992,-1.4886657929166631,0.0,False,True,6,6.73268876142761,3,"['Ac', 'I', 'N']",Ac-I-N,AcIN
mp-3245335,AcNd5(OsI3)2,0.2522,-1.163063802142858,0.0,False,True,14,6.661506093747149,4,"['Ac', 'I', 'Nd', 'Os']",Ac-I-Nd-Os,AcNd5(OsI3)2
mp-3249998,Ac3Nd(Tc2I)2,0.0,-0.582874400500003,0.0,True,True,10,8.087961466222398,4,"['Ac', 'I', 'Nd', 'Tc']",Ac-I-Nd-Tc,Ac3Nd(Tc2I)2
mp-3223166,Ac2SiNiI,0.0,-0.999225079500007,0.0,True,True,10,7.553006536414119,4,"['Ac', 'I', 'Ni', 'Si']",Ac-I-Ni-Si,Ac2SiNiI
mp-3248362,Ac4SiNi3I2,0.0,-0.870574732000005,0.0,True,True,10,7.816182514880677,4,"['Ac', 'I', 'Ni', 'Si']",Ac-I-Ni-Si,Ac4SiNi3I2
mp-3251082,Ac2TcNiI,0.0,-0.660878215500002,0.0,True,True,10,8.190041554570493,4,"['Ac', 'I', 'Ni', 'Tc']",Ac-I-Ni-Tc,Ac2TcNiI
mp-3249556,AcNpI6,1.4962,-1.627554022656255,0.0,False,True,8,6.008273682137329,3,"['Ac', 'I', 'Np']",Ac-I-Np,AcNpI6
mp-3252850,AcIO4,3.9429,-1.879232830000001,0.0,False,True,12,6.579162404635985,3,"['Ac', 'I', 'O']",Ac-I-O,AcIO4
mp-3253730,Ac2Os2I,0.0,-0.6728450945000071,0.0,True,True,10,10.084816058695887,3,"['Ac', 'I', 'Os']",Ac-I-Os,Ac2Os2I
mp-3252765,AcPr5(OsI3)2,0.2352,-1.155104848630953,0.0,False,True,14,6.510357113157558,4,"['Ac', 'I', 'Os', 'Pr']",Ac-I-Os-Pr,AcPr5(OsI3)2
mp-3245760,Ac4SiOs3I2,0.0,-0.8231690650000011,0.0,True,True,10,9.43205232727768,4,"['Ac', 'I', 'Os', 'Si']",Ac-I-Os-Si,Ac4SiOs3I2
mp-3244282,Ac4Tc3OsI2,0.0,-0.6014903945000011,0.0,True,True,10,8.732860240170503,4,"['Ac', 'I', 'Os', 'Tc']",Ac-I-Os-Tc,Ac4Tc3OsI2
mp-3249006,Ac2PI,0.0,-1.542071835119053,0.0,True,True,4,7.264860610326852,3,"['Ac', 'I', 'P']",Ac-I-P,Ac2PI
mp-3244498,AcPaI6,0.042099999999999,-1.4818556015625,0.0,False,True,8,6.098628295051333,3,"['Ac', 'I', 'Pa']",Ac-I-Pa,AcPaI6
mp-3246542,Ac2Rh2I,0.0,-1.0445118455,0.0,True,True,10,8.382301903667084,3,"['Ac', 'I', 'Rh']",Ac-I-Rh,Ac2Rh2I
mp-3246812,Ac3RuI3,0.1725,-1.230945052142861,0.0,False,True,14,6.581455496404274,3,"['Ac', 'I', 'Ru']",Ac-I-Ru,Ac3RuI3
mp-3249150,Ac2Ru2I,0.0,-0.6998323575000021,0.0,True,True,10,8.215179387691347,3,"['Ac', 'I', 'Ru']",Ac-I-Ru,Ac2Ru2I
mp-3250438,Ac4ZnRu3I2,0.0,-0.7240898855000011,0.0,True,True,10,8.049634273968872,4,"['Ac', 'I', 'Ru', 'Zn']",Ac-I-Ru-Zn,Ac4ZnRu3I2
mp-3249866,Ac2ZnSiI2,0.046899999999999,-1.169607721666665,0.0,False,True,6,6.229677231660195,4,"['Ac', 'I', 'Si', 'Zn']",Ac-I-Si-Zn,Ac2ZnSiI2
mp-3247449,AcSnI5,2.2156,-1.261407985000001,0.0,False,True,14,5.077273678083482,3,"['Ac', 'I', 'Sn']",Ac-I-Sn,AcSnI5
mp-3244623,SrAcI5,2.8636,-1.841455306428567,0.0,False,True,14,5.051434801815119,3,"['Ac', 'I', 'Sr']",Ac-I-Sr,SrAcI5
mp-3253400,AcYbI5,0.0,-1.533135480714284,0.005663287857132,True,False,14,5.517752860449112,3,"['Ac', 'I', 'Yb']",Ac-I-Yb,AcYbI5
mp-3244451,Ac2Zn2I,0.0,-0.7621313095000061,0.0,True,True,10,7.373234819397576,3,"['Ac', 'I', 'Zn']",Ac-I-Zn,Ac2Zn2I
mp-867297,AcIn3,0.0,-0.5507089056250011,0.0,True,True,8,8.115717260334973,2,"['Ac', 'In']",Ac-In,AcIn3
mp-985305,Ac3In,0.0,-0.250224040624999,0.0,True,True,8,8.547052742837637,2,"['Ac', 'In']",Ac-In,Ac3In
mp-3253063,AcIn3IrPb,0.0,-0.537605900416664,0.0,True,True,12,10.484679620216932,4,"['Ac', 'In', 'Ir', 'Pb']",Ac-In-Ir-Pb,AcIn3IrPb
mp-3231694,Ac3In3SnIr2,0.0,-0.7173438925000001,0.0,True,True,9,10.52813917677928,4,"['Ac', 'In', 'Ir', 'Sn']",Ac-In-Ir-Sn,Ac3In3SnIr2
mp-3230298,Ac2La(InPt)3,0.0,-1.069440357777776,0.0,True,True,9,11.14670438441432,4,"['Ac', 'In', 'La', 'Pt']",Ac-In-La-Pt,Ac2La(InPt)3
mp-3290367,Li3Ac4In5,0.0,-0.500133619166665,0.0,True,True,12,7.004249797691352,3,"['Ac', 'In', 'Li']",Ac-In-Li,Li3Ac4In5
mp-865897,Li2AcIn,0.0,-0.340779062708332,0.0,True,True,4,6.005386597907846,3,"['Ac', 'In', 'Li']",Ac-In-Li,Li2AcIn
mp-3250006,Ac(MgIn)2,0.0,-0.458678861499998,0.0,True,True,5,6.008756994948543,3,"['Ac', 'In', 'Mg']",Ac-In-Mg,Ac(MgIn)2
mp-3240790,Ac3InN,0.0,-0.8564044562499981,0.0,True,True,5,8.729355260038854,3,"['Ac', 'In', 'N']",Ac-In-N,Ac3InN
mp-1186111,NaAcIn2,0.0,-0.392426869374997,0.0,True,True,4,6.444661809207299,3,"['Ac', 'In', 'Na']",Ac-In-Na,NaAcIn2
mp-3327881,NaAcIn4,0.0,-0.4905734512499999,0.0,True,True,6,6.866616844170628,3,"['Ac', 'In', 'Na']",Ac-In-Na,NaAcIn4
mp-3249906,Ac3Nd(ZnIn)4,0.0,-0.5247792708333391,0.0,True,True,12,7.823720457983255,4,"['Ac', 'In', 'Nd', 'Zn']",Ac-In-Nd-Zn,Ac3Nd(ZnIn)4
mp-3250023,Ac2InNi2,0.0,-0.361441400999996,0.0,True,True,5,8.931432741910692,3,"['Ac', 'In', 'Ni']",Ac-In-Ni,Ac2InNi2
mp-3246066,AcInTeO6,3.3397,-2.203224648888888,0.0,False,True,9,6.921874508110928,4,"['Ac', 'In', 'O', 'Te']",Ac-In-O-Te,AcInTeO6
mp-3223783,Ac2InPd2,0.0,-0.8465950620000001,0.0,True,True,10,9.523507320099144,3,"['Ac', 'In', 'Pd']",Ac-In-Pd,Ac2InPd2
mp-3230969,Ac2InSnPd4,0.0,-0.8321745793749991,0.0,True,True,8,9.63572326072074,4,"['Ac', 'In', 'Pd', 'Sn']",Ac-In-Pd-Sn,Ac2InSnPd4
mp-3246720,AcYb(In2Pd)2,0.0,-0.6882534890624961,0.046454810625,True,False,8,9.302848408947078,4,"['Ac', 'In', 'Pd', 'Yb']",Ac-In-Pd-Yb,AcYb(In2Pd)2
mp-3240866,AcPr(ZnIn)2,0.0,-0.539460769861113,0.0,True,True,6,7.55229752514052,4,"['Ac', 'In', 'Pr', 'Zn']",Ac-In-Pr-Zn,AcPr(ZnIn)2
mp-3249307,AcInPt4,0.0,-0.853046101249996,0.0,True,True,6,15.759629074573953,3,"['Ac', 'In', 'Pt']",Ac-In-Pt,AcInPt4
mp-3250257,AcIn4Pt,0.0,-0.6677501112499961,0.0,True,True,12,9.69746429800657,3,"['Ac', 'In', 'Pt']",Ac-In-Pt,AcIn4Pt
mp-3231644,Ac2Tb(InPt)3,0.0,-1.057147208333339,0.0,True,True,9,11.613037364761096,4,"['Ac', 'In', 'Pt', 'Tb']",Ac-In-Pt-Tb,Ac2Tb(InPt)3
mp-3229832,Ac2Sm(InRh)3,0.0,-0.75328773388889,0.0,True,True,9,9.694286745617156,4,"['Ac', 'In', 'Rh', 'Sm']",Ac-In-Rh-Sm,Ac2Sm(InRh)3
mp-3253672,Ac3In3Ru2,0.0,-0.420835592812501,0.0,True,True,8,9.021140779099293,3,"['Ac', 'In', 'Ru']",Ac-In-Ru,Ac3In3Ru2
mp-3240435,AcSm(ZnIn)2,0.0,-0.552277767916668,0.0,True,True,6,7.856259672882225,4,"['Ac', 'In', 'Sm', 'Zn']",Ac-In-Sm-Zn,AcSm(ZnIn)2
mp-1187374,SrAcIn2,0.0,-0.408031266458332,0.0,True,True,4,6.590383475758643,3,"['Ac', 'In', 'Sr']",Ac-In-Sr,SrAcIn2
mp-861460,AcInTe2,0.3799,-1.165022114374998,0.148074160729173,False,False,4,7.448293892336029,3,"['Ac', 'In', 'Te']",Ac-In-Te,AcInTe2
mp-1183073,Ac2TlIn,0.0,-0.513242463749996,0.0,True,True,4,9.190531921704457,3,"['Ac', 'In', 'Tl']",Ac-In-Tl,Ac2TlIn
mp-3260304,Ac4Zn3In5,0.0,-0.5383892837499971,0.0,True,True,12,7.963864686235968,3,"['Ac', 'In', 'Zn']",Ac-In-Zn,Ac4Zn3In5
mp-1183106,Ac2ZnIn,0.0,-0.385861482499997,0.0,True,True,4,8.061589177263507,3,"['Ac', 'In', 'Zn']",Ac-In-Zn,Ac2ZnIn
mp-1183190,AcZn2In,0.0,-0.416209142760422,0.024936667083331,True,False,4,7.98102616993869,3,"['Ac', 'In', 'Zn']",Ac-In-Zn,AcZn2In
mp-3328105,Ac(ZnIn)2,0.0,-0.490709515499997,0.0,True,True,5,8.214332817405854,3,"['Ac', 'In', 'Zn']",Ac-In-Zn,Ac(ZnIn)2
mp-862685,LiAc2Ir,0.0,-0.31991860541666,0.026701294791664,True,False,4,9.940257499731024,3,"['Ac', 'Ir', 'Li']",Ac-Ir-Li,LiAc2Ir
mp-3335927,Li(AcIr)2,0.0,-0.5545918403333301,0.0,True,True,5,11.907049799806572,3,"['Ac', 'Ir', 'Li']",Ac-Ir-Li,Li(AcIr)2
mp-3253021,Ac2MgIr2,0.0,-0.6068516820000011,0.0,True,True,5,11.519616166676924,3,"['Ac', 'Ir', 'Mg']",Ac-Ir-Mg,Ac2MgIr2
mp-3223598,AcMgSiIr2,0.0,-0.8920126345000021,0.0,True,True,10,11.21958072325784,4,"['Ac', 'Ir', 'Mg', 'Si']",Ac-Ir-Mg-Si,AcMgSiIr2
mp-3240858,SrAc(IrN)2,0.0,-0.8521403241666691,0.0,True,True,6,10.476339641990876,4,"['Ac', 'Ir', 'N', 'Sr']",Ac-Ir-N-Sr,SrAc(IrN)2
mp-3245944,Na(Ac4Ir3)2,0.0,-0.6367010780000021,0.0,True,True,15,11.39703149449599,3,"['Ac', 'Ir', 'Na']",Ac-Ir-Na,Na(Ac4Ir3)2
mp-3252003,AcNd2Ni2Ir7,0.0,-0.61306760354166,0.0,True,True,12,15.425994830393211,4,"['Ac', 'Ir', 'Nd', 'Ni']",Ac-Ir-Nd-Ni,AcNd2Ni2Ir7
mp-3288978,Ac3NiIr8,0.0,-0.518879726875004,0.0,True,True,12,16.603360452619373,3,"['Ac', 'Ir', 'Ni']",Ac-Ir-Ni,Ac3NiIr8
mp-862849,Ac2NiIr,0.0,-0.324698736250006,0.0,True,True,4,11.66664295683749,3,"['Ac', 'Ir', 'Ni']",Ac-Ir-Ni,Ac2NiIr
mp-3239946,AcNi4Ir,0.0,-0.24593337458333,0.0,True,True,6,11.83043583543845,3,"['Ac', 'Ir', 'Ni']",Ac-Ir-Ni,AcNi4Ir
mp-3327114,Ac2Ni3Ir,0.0,-0.357082775833333,0.0,True,True,6,10.667075888232706,3,"['Ac', 'Ir', 'Ni']",Ac-Ir-Ni,Ac2Ni3Ir
mp-3327391,AcNi2Ir3,0.0,-0.412766906250003,0.0,True,True,6,15.237784864931497,3,"['Ac', 'Ir', 'Ni']",Ac-Ir-Ni,AcNi2Ir3
mp-3341651,Ac2(NiIr)5,0.0,-0.377527047083333,0.0,True,True,12,14.462638918625291,3,"['Ac', 'Ir', 'Ni']",Ac-Ir-Ni,Ac2(NiIr)5
mp-3222575,AcNiSn2Ir,0.0,-0.6107482644999941,0.0,True,True,10,10.693668058544176,4,"['Ac', 'Ir', 'Ni', 'Sn']",Ac-Ir-Ni-Sn,AcNiSn2Ir
mp-3240626,AcZn2Ni2Ir,0.0,-0.408522717916663,0.0,True,True,6,11.204299872576836,4,"['Ac', 'Ir', 'Ni', 'Zn']",Ac-Ir-Ni-Zn,AcZn2Ni2Ir
mp-3222740,Ac2SiPIr2,0.0,-1.172673383829372,0.0,True,True,12,10.964019288512954,4,"['Ac', 'Ir', 'P', 'Si']",Ac-Ir-P-Si,Ac2SiPIr2
mp-3230041,Ac2Pa(ZnIr)3,0.0,-0.669198837777779,0.0,True,True,9,12.305016282006155,4,"['Ac', 'Ir', 'Pa', 'Zn']",Ac-Ir-Pa-Zn,Ac2Pa(ZnIr)3
mp-866107,Ac2IrPd,0.0,-0.6663974312499971,0.0,True,True,4,11.92706591012911,3,"['Ac', 'Ir', 'Pd']",Ac-Ir-Pd,Ac2IrPd
mp-3244777,AcPr(Si2Ir3)2,0.0,-1.004200901597225,0.0,True,True,12,13.39513415505879,4,"['Ac', 'Ir', 'Pr', 'Si']",Ac-Ir-Pr-Si,AcPr(Si2Ir3)2
mp-3222335,Ac2Pr(SnIr)3,0.0,-0.8064385896296351,0.0,True,True,9,11.735674595781536,4,"['Ac', 'Ir', 'Pr', 'Sn']",Ac-Ir-Pr-Sn,Ac2Pr(SnIr)3
mp-3240422,AcPr(ZnIr)2,0.0,-0.616549243194441,0.0,True,True,6,10.9233091865564,4,"['Ac', 'Ir', 'Pr', 'Zn']",Ac-Ir-Pr-Zn,AcPr(ZnIr)2
mp-1183093,Ac2IrRh,0.0,-0.534733513749998,0.0,True,True,4,12.266179147529508,3,"['Ac', 'Ir', 'Rh']",Ac-Ir-Rh,Ac2IrRh
mp-3249645,Ac2Si4Ir5Ru,0.0,-0.937183759166662,0.0,True,True,12,13.133142153146943,4,"['Ac', 'Ir', 'Ru', 'Si']",Ac-Ir-Ru-Si,Ac2Si4Ir5Ru
mp-3247683,AcSi2IrRu,0.0,-0.9942531465,0.0,True,True,5,10.135362937108228,4,"['Ac', 'Ir', 'Ru', 'Si']",Ac-Ir-Ru-Si,AcSi2IrRu
mp-3249924,AcSn6IrRu3,0.1645,-0.419374958409093,0.0,False,True,11,9.901252562445396,4,"['Ac', 'Ir', 'Ru', 'Sn']",Ac-Ir-Ru-Sn,AcSn6IrRu3
mp-3223423,Ac2Sn4Ir3Ru,0.0,-0.638894324000006,0.0,True,True,10,11.731800341104265,4,"['Ac', 'Ir', 'Ru', 'Sn']",Ac-Ir-Ru-Sn,Ac2Sn4Ir3Ru
mp-3246854,AcSi3Ir,0.0,-0.8184671345000021,0.0,True,True,5,8.807693016686741,3,"['Ac', 'Ir', 'Si']",Ac-Ir-Si,AcSi3Ir
mp-3248352,SrAc(Si2Ir3)2,0.0,-0.92491060229167,0.0,True,True,12,12.906554075608822,4,"['Ac', 'Ir', 'Si', 'Sr']",Ac-Ir-Si-Sr,SrAc(Si2Ir3)2
mp-3253313,AcSi2TcIr,0.0,-0.892691059499998,0.0,True,True,5,9.940725048229918,4,"['Ac', 'Ir', 'Si', 'Tc']",Ac-Ir-Si-Tc,AcSi2TcIr
mp-3252857,AcY(Si2Ir3)2,0.0,-1.013710133125002,0.0,True,True,12,13.156514420670684,4,"['Ac', 'Ir', 'Si', 'Y']",Ac-Ir-Si-Y,AcY(Si2Ir3)2
mp-3245774,AcZnSiIr3,0.0,-0.796407973750002,0.0,True,True,12,14.04859595730814,4,"['Ac', 'Ir', 'Si', 'Zn']",Ac-Ir-Si-Zn,AcZnSiIr3
mp-3223125,Ac3ZnSn3Ir2,0.0,-0.728842170833325,0.0,True,True,9,10.745303385512775,4,"['Ac', 'Ir', 'Sn', 'Zn']",Ac-Ir-Sn-Zn,Ac3ZnSn3Ir2
mp-3251409,SrAcIr4,0.0,-0.5002589012499921,0.0,True,True,6,15.251067408228971,3,"['Ac', 'Ir', 'Sr']",Ac-Ir-Sr,SrAcIr4
mp-3252441,Ac8YbIr6,0.0,-0.693692437000004,0.0,True,True,15,11.944105793796348,3,"['Ac', 'Ir', 'Yb']",Ac-Ir-Yb,Ac8YbIr6
mp-3249132,Ac2YbIr2,0.0,-0.751422674666673,0.02892774993333,True,False,15,12.354874333529866,3,"['Ac', 'Ir', 'Yb']",Ac-Ir-Yb,Ac2YbIr2
mp-865398,Ac2ZnIr,0.0,-0.414113234999995,0.029086866796873,True,False,4,10.92097900888012,3,"['Ac', 'Ir', 'Zn']",Ac-Ir-Zn,Ac2ZnIr
mp-3239814,Ac2ZnIr2,0.0,-0.6296066999999991,0.0,True,True,5,12.586341791978093,3,"['Ac', 'Ir', 'Zn']",Ac-Ir-Zn,Ac2ZnIr2
mp-3326475,AcZn3Ir2,0.0,-0.5402563259722221,0.0,True,True,18,12.133956249238468,3,"['Ac', 'Ir', 'Zn']",Ac-Ir-Zn,AcZn3Ir2
mp-3329056,AcZnIr4,0.0,-0.468958665416664,0.0,True,True,6,16.18974391092383,3,"['Ac', 'Ir', 'Zn']",Ac-Ir-Zn,AcZnIr4
mp-3249863,Ac(ZrIr)2,0.0,-0.8819391835000031,0.0,True,True,5,11.228176058508533,3,"['Ac', 'Ir', 'Zr']",Ac-Ir-Zr,Ac(ZrIr)2
mp-1184792,K3Ac,0.0,0.435412493374997,0.435412493374997,True,False,8,2.29015174493554,2,"['Ac', 'K']",Ac-K,K3Ac
mp-1185032,KAc3,0.0,0.334203422374997,0.334203422374997,True,False,4,6.310856755306885,2,"['Ac', 'K']",Ac-K,KAc3
mp-3253688,KAc(MnN3)2,0.0,-0.563189024271551,0.0,True,True,10,5.395146741221514,4,"['Ac', 'K', 'Mn', 'N']",Ac-K-Mn-N,KAc(MnN3)2
mp-3195122,KAc7(MnN3)4,0.0,-1.008199703299207,0.0,True,True,24,8.167762357152071,4,"['Ac', 'K', 'Mn', 'N']",Ac-K-Mn-N,KAc7(MnN3)4
mp-3252928,KAc(PaN2)4,2.5239000000000003,-1.72921322580357,0.0,False,True,14,8.372712030360994,4,"['Ac', 'K', 'N', 'Pa']",Ac-K-N-Pa,KAc(PaN2)4
mp-1185008,KAcO3,0.0,-2.212632814949999,0.212425222749998,True,False,5,5.173812216172573,3,"['Ac', 'K', 'O']",Ac-K-O,KAcO3
mp-3239762,KAcO2,3.7748,-2.799287837187503,0.0,False,True,4,6.149631719449113,3,"['Ac', 'K', 'O']",Ac-K-O,KAcO2
mp-3252843,KAcPdO3,0.5423,-2.1652086962500032,0.0,False,True,12,6.920359196895447,4,"['Ac', 'K', 'O', 'Pd']",Ac-K-O-Pd,KAcPdO3
mp-3195612,KAc(SO4)2,6.3315,-2.31599543390625,0.0,False,True,12,4.410821103181723,4,"['Ac', 'K', 'O', 'S']",Ac-K-O-S,KAc(SO4)2
mp-3247542,KAc(SeO4)2,4.4827,-1.711732535781251,0.0,False,True,12,4.48229916345154,4,"['Ac', 'K', 'O', 'Se']",Ac-K-O-Se,KAc(SeO4)2
mp-3251686,KAcS2,3.2683,-2.170986609218751,0.0,False,True,4,4.38475232408715,3,"['Ac', 'K', 'S']",Ac-K-S,KAcS2
mp-3251876,KAc5S8,2.775799999999999,-2.425155916696432,0.0,False,True,14,6.328593754739536,3,"['Ac', 'K', 'S']",Ac-K-S,KAc5S8
mp-3247088,KAcSe4,1.3291,-1.409378999583334,0.0,False,True,12,5.245398730540308,3,"['Ac', 'K', 'Se']",Ac-K-Se,KAcSe4
mp-863710,KAcTe2,0.8620999999999991,-1.579242447812504,0.077031469999994,False,False,4,6.249777281369325,3,"['Ac', 'K', 'Te']",Ac-K-Te,KAcTe2
mp-3247395,K4AcUTe6,0.8906000000000001,-1.390135808958338,0.0,False,True,12,4.793589489097585,4,"['Ac', 'K', 'Te', 'U']",Ac-K-Te-U,K4AcUTe6
mp-1183049,AcLa,0.0,0.032033103749995,0.032033103749995,True,False,2,7.173638101326436,2,"['Ac', 'La']",Ac-La,AcLa
mp-1183051,AcLa3,0.0,0.032624621875001,0.032624621875001,True,False,8,6.638508627349762,2,"['Ac', 'La']",Ac-La,AcLa3
mp-1183095,Ac3La,0.0,0.032081053125004,0.032081053125004,True,False,4,7.728659383101937,2,"['Ac', 'La']",Ac-La,Ac3La
mp-3222234,Li4Ac2LaSn4,0.0,-0.7585594978787891,0.0,True,True,11,6.252495001110875,4,"['Ac', 'La', 'Li', 'Sn']",Ac-La-Li-Sn,Li4Ac2LaSn4
mp-1183101,AcLaMg2,0.0,-0.067829229375001,0.012519636249998,True,False,4,5.177322328761776,3,"['Ac', 'La', 'Mg']",Ac-La-Mg,AcLaMg2
mp-3245945,Ac8LaNi6,0.0,-0.150580822333336,0.0,True,True,15,8.846902837136087,3,"['Ac', 'La', 'Ni']",Ac-La-Ni,Ac8LaNi6
mp-3251298,AcLa(SiNi2)2,0.0,-0.617555630312498,0.0,True,True,8,7.594001233975749,4,"['Ac', 'La', 'Ni', 'Si']",Ac-La-Ni-Si,AcLa(SiNi2)2
mp-3245224,Ac9LaOs4,0.0,-0.097652311607151,0.0,True,True,14,10.38548227734104,3,"['Ac', 'La', 'Os']",Ac-La-Os,Ac9LaOs4
mp-3247336,AcLa(Sn2Pd)2,0.0,-0.8479469153125011,0.0,True,True,8,8.39509356500872,4,"['Ac', 'La', 'Pd', 'Sn']",Ac-La-Pd-Sn,AcLa(Sn2Pd)2
mp-3221799,Ac3La(ZnPd)4,0.0,-0.6783573889583321,0.0,True,True,12,9.059416562074974,4,"['Ac', 'La', 'Pd', 'Zn']",Ac-La-Pd-Zn,Ac3La(ZnPd)4
mp-3247469,AcLa(SbTe)2,0.0,-1.460509495416673,0.0,True,True,6,7.276293994132525,4,"['Ac', 'La', 'Sb', 'Te']",Ac-La-Sb-Te,AcLa(SbTe)2
mp-3248301,Ac3LaSe8,0.9413,-2.0395546350000022,0.0,False,True,12,7.125451862913314,3,"['Ac', 'La', 'Se']",Ac-La-Se,Ac3LaSe8
mp-3248493,AcLa3Si4,0.0,-0.7754493103124991,0.0,True,True,8,5.900252715299212,3,"['Ac', 'La', 'Si']",Ac-La-Si,AcLa3Si4
mp-3241287,AcLa(SiTc)2,0.0,-0.582850895416669,0.0,True,True,6,7.50804291266432,4,"['Ac', 'La', 'Si', 'Tc']",Ac-La-Si-Tc,AcLa(SiTc)2
mp-3258600,Ac5LaSn10,0.0,-0.7435484051562541,0.0,True,True,16,8.071808063014632,3,"['Ac', 'La', 'Sn']",Ac-La-Sn,Ac5LaSn10
mp-3262274,Ac3La2Sn3,0.0,-0.793226829687498,0.0,True,True,16,7.362357411415362,3,"['Ac', 'La', 'Sn']",Ac-La-Sn,Ac3La2Sn3
mp-3295481,Ac3LaSn3,0.011199999999999,-0.874457299642853,0.0,False,True,14,7.5019307636776125,3,"['Ac', 'La', 'Sn']",Ac-La-Sn,Ac3LaSn3
mp-3222078,AcLaZn8,0.0,-0.344037019250001,0.0,True,True,10,7.393297377206931,3,"['Ac', 'La', 'Zn']",Ac-La-Zn,AcLaZn8
mp-1185287,LiAc3,0.0,0.166800977291664,0.166800977291664,True,False,4,7.104346425822766,2,"['Ac', 'Li']",Ac-Li,LiAc3
mp-976407,Li3Ac,0.0,0.180626576874999,0.180626576874999,True,False,4,3.656663543796773,2,"['Ac', 'Li']",Ac-Li,Li3Ac
mp-3252255,Li6AcPu2N6,0.0,-1.0483099845,0.0,True,True,15,7.4767321639439634,4,"['Ac', 'Li', 'N', 'Pu']",Ac-Li-N-Pu,Li6AcPu2N6
mp-3244270,Li6Ac2UN6,1.3657,-1.082272259499995,0.0,False,True,15,6.748324058948988,4,"['Ac', 'Li', 'N', 'U']",Ac-Li-N-U,Li6Ac2UN6
mp-3250061,NaLi2AcP2,1.204699999999999,-1.067736976130952,0.0,False,True,6,4.454087840934146,4,"['Ac', 'Li', 'Na', 'P']",Ac-Li-Na-P,NaLi2AcP2
mp-3240737,Li2AcNdPb2,0.0,-0.69914966305555,0.0,True,True,6,7.895779180391488,4,"['Ac', 'Li', 'Nd', 'Pb']",Ac-Li-Nd-Pb,Li2AcNdPb2
mp-3247053,Li(Ac4Ni3)2,0.0,-0.153623770444452,0.0,True,True,15,8.534677603346717,3,"['Ac', 'Li', 'Ni']",Ac-Li-Ni,Li(Ac4Ni3)2
mp-3170222,LiAcNi4,0.0,-0.11177936402778,0.0,True,True,6,8.815092006269325,3,"['Ac', 'Li', 'Ni']",Ac-Li-Ni,LiAcNi4
mp-1185297,LiAcO3,0.0,-2.407406714166667,0.129256687214283,True,False,5,7.775550911967442,3,"['Ac', 'Li', 'O']",Ac-Li-O,LiAcO3
mp-3250575,Li3AcP2,1.0988,-1.12236200890873,0.0,False,True,6,4.503993429822236,3,"['Ac', 'Li', 'P']",Ac-Li-P,Li3AcP2
mp-1185294,LiAc2Pb,0.0,-0.265751979583329,0.0,True,True,4,8.02954985122396,3,"['Ac', 'Li', 'Pb']",Ac-Li-Pb,LiAc2Pb
mp-865915,Li2AcPb,0.0,-0.306289522291665,0.0,True,True,4,7.6680453648299265,3,"['Ac', 'Li', 'Pb']",Ac-Li-Pb,Li2AcPb
mp-3252432,Li4Ac4Si5Pb,0.0,-0.636393968690478,0.0,True,True,14,6.413015798492871,4,"['Ac', 'Li', 'Pb', 'Si']",Ac-Li-Pb-Si,Li4Ac4Si5Pb
mp-3231105,Li3Ac2PrSi3,0.0,-0.55900388240741,0.0,True,True,9,5.185763505433955,4,"['Ac', 'Li', 'Pr', 'Si']",Ac-Li-Pr-Si,Li3Ac2PrSi3
mp-1185329,LiAcRh2,0.2955,-0.352625018541669,0.0,False,True,4,9.826400036686133,3,"['Ac', 'Li', 'Rh']",Ac-Li-Rh,LiAcRh2
mp-3279086,LiAc4Ru,0.0,-0.116688465277775,0.0,True,True,24,8.069400465007027,3,"['Ac', 'Li', 'Ru']",Ac-Li-Ru,LiAc4Ru
mp-862686,LiAc2Ru,0.0,-0.001742076666666,0.085774272291665,True,False,4,8.632100769665177,3,"['Ac', 'Li', 'Ru']",Ac-Li-Ru,LiAc2Ru
mp-3249826,Li3AcSb2,0.5660000000000001,-1.026766437916667,0.0,False,True,6,5.523720162695008,3,"['Ac', 'Li', 'Sb']",Ac-Li-Sb,Li3AcSb2
mp-3247756,Li2AcScSi2,0.0,-0.57667082097222,0.0,True,True,6,4.517007269328103,4,"['Ac', 'Li', 'Sc', 'Si']",Ac-Li-Sc-Si,Li2AcScSi2
mp-3279354,LiAc2Si3,0.0,-0.632828234444446,0.0,True,True,12,6.220271722286601,3,"['Ac', 'Li', 'Si']",Ac-Li-Si,LiAc2Si3
mp-861876,LiAc2Si,0.0,-0.173839342083334,0.0,True,True,4,6.850777346804691,3,"['Ac', 'Li', 'Si']",Ac-Li-Si,LiAc2Si
mp-3297869,Li2Ac2Si3,0.0,-0.612633289761906,0.0,True,True,14,5.710937072200522,3,"['Ac', 'Li', 'Si']",Ac-Li-Si,Li2Ac2Si3
mp-3253520,Li2Ac3ThSi6,0.0,-0.6353550521527791,0.0,True,True,12,6.522455675849843,4,"['Ac', 'Li', 'Si', 'Th']",Ac-Li-Si-Th,Li2Ac3ThSi6
mp-3253572,Li2AcTmSi2,0.0,-0.601683931805553,0.0,True,True,6,5.850415113559256,4,"['Ac', 'Li', 'Si', 'Tm']",Ac-Li-Si-Tm,Li2AcTmSi2
mp-3217387,Li2AcYSi4,0.0,-0.5995051519791651,0.0,True,True,16,4.513607669247728,4,"['Ac', 'Li', 'Si', 'Y']",Ac-Li-Si-Y,Li2AcYSi4
mp-3252178,Li2AcYSi2,0.0,-0.6111979068055551,0.0,True,True,6,4.74010649334938,4,"['Ac', 'Li', 'Si', 'Y']",Ac-Li-Si-Y,Li2AcYSi2
mp-3246650,LiAcZnSi2,0.0,-0.5233690818333341,0.0,True,True,5,5.964485073366781,4,"['Ac', 'Li', 'Si', 'Zn']",Ac-Li-Si-Zn,LiAcZnSi2
mp-3249025,LiAc(ZnSi)2,0.0,-0.461187720694444,0.0,True,True,6,6.015161207687375,4,"['Ac', 'Li', 'Si', 'Zn']",Ac-Li-Si-Zn,LiAc(ZnSi)2
mp-3257909,Li4Ac3Sn4,0.0,-0.7431875626515111,0.0,True,True,11,6.539581503562815,3,"['Ac', 'Li', 'Sn']",Ac-Li-Sn,Li4Ac3Sn4
mp-1185292,LiAc2Sn,0.0,-0.349594845833336,0.008771794999999,True,False,4,7.181915042193805,3,"['Ac', 'Li', 'Sn']",Ac-Li-Sn,LiAc2Sn
mp-865913,Li2AcSn,0.0,-0.405510031041667,0.0,True,True,4,6.34058277640412,3,"['Ac', 'Li', 'Sn']",Ac-Li-Sn,Li2AcSn
mp-864755,LiAcTe2,0.5567000000000001,-1.420084044791665,0.0,False,True,4,6.5256169046388575,3,"['Ac', 'Li', 'Te']",Ac-Li-Te,LiAcTe2
mp-862549,LiAcTl2,0.0,-0.389536811041665,0.0,True,True,4,9.082872433544432,3,"['Ac', 'Li', 'Tl']",Ac-Li-Tl,LiAcTl2
mp-1185293,LiAc2Tl,0.0,-0.254456247916664,0.0,True,True,4,8.037909159100613,3,"['Ac', 'Li', 'Tl']",Ac-Li-Tl,LiAc2Tl
mp-976333,Li2AcTl,0.0,-0.277484087708334,0.0,True,True,4,7.588996202234936,3,"['Ac', 'Li', 'Tl']",Ac-Li-Tl,Li2AcTl
mp-1183087,Ac3Lu,0.0,0.074352725625004,0.074352725625004,True,False,4,8.679980294323821,2,"['Ac', 'Lu']",Ac-Lu,Ac3Lu
mp-3231081,Ac2Lu(SnPt)3,0.0,-1.085029160185185,0.0,True,True,9,11.913273867492627,4,"['Ac', 'Lu', 'Pt', 'Sn']",Ac-Lu-Pt-Sn,Ac2Lu(SnPt)3
mp-3245744,AcLuS3,1.328699999999999,-2.474491920520836,0.0,False,True,10,6.695923139640845,3,"['Ac', 'Lu', 'S']",Ac-Lu-S,AcLuS3
mp-864996,AcMg5,0.0,-0.034252294583332,0.001574085000001,True,False,6,3.533703416880433,2,"['Ac', 'Mg']",Ac-Mg,AcMg5
mp-1183085,Ac2Mg,0.0,-0.006879308333334,0.033049974166663,True,False,6,6.748691045089812,2,"['Ac', 'Mg']",Ac-Mg,Ac2Mg
mp-1183237,AcMg3,0.0,-0.014329390625,0.027513874999998,True,False,8,4.172201049624254,2,"['Ac', 'Mg']",Ac-Mg,AcMg3
mp-1184231,AcMg149,0.2168,0.0099792475499999,0.011412302733333,False,False,150,1.829015046859574,2,"['Ac', 'Mg']",Ac-Mg,AcMg149
mp-866286,AcMg,0.0,-0.059893923749996,0.0,True,True,2,5.928424529603138,2,"['Ac', 'Mg']",Ac-Mg,AcMg
mp-1183179,AcNdMg2,0.0,-0.055583684999999,0.021256512499997,True,False,4,5.43849258512513,3,"['Ac', 'Mg', 'Nd']",Ac-Mg-Nd,AcNdMg2
mp-3222688,Ac3Nd(MgRh)4,0.0,-0.575081315833334,0.0,True,True,12,7.825724650242878,4,"['Ac', 'Mg', 'Nd', 'Rh']",Ac-Mg-Nd-Rh,Ac3Nd(MgRh)4
mp-1183142,AcMgO3,0.0,-3.0018453265,0.082312486499999,True,False,5,7.671748358584634,3,"['Ac', 'Mg', 'O']",Ac-Mg-O,AcMgO3
mp-3245226,Ac4Mg2P5,0.0,-1.465953788170995,0.0,True,True,11,6.035942042365118,3,"['Ac', 'Mg', 'P']",Ac-Mg-P,Ac4Mg2P5
mp-1183078,Ac2MgPb,0.0,-0.26746134,0.0,True,True,4,8.045456041810434,3,"['Ac', 'Mg', 'Pb']",Ac-Mg-Pb,Ac2MgPb
mp-3240797,Ac(MgPb)2,0.0,-0.4463631695,0.0,True,True,5,7.800785868587416,3,"['Ac', 'Mg', 'Pb']",Ac-Mg-Pb,Ac(MgPb)2
mp-1183181,AcPrMg2,0.0,-0.057254358541666,0.017942212499997,True,False,4,5.302762223233009,3,"['Ac', 'Mg', 'Pr']",Ac-Mg-Pr,AcPrMg2
mp-3231462,Ac2Sm(MgPt)3,0.0,-0.9404479477777772,0.0,True,True,9,9.592435172206413,4,"['Ac', 'Mg', 'Pt', 'Sm']",Ac-Mg-Pt-Sm,Ac2Sm(MgPt)3
mp-3223307,Ac2MgSi2,0.0,-0.601103139000002,0.0,True,True,10,6.308111573882174,3,"['Ac', 'Mg', 'Si']",Ac-Mg-Si,Ac2MgSi2
mp-3170972,Ac(MgSi)2,0.0,-0.4755833195,0.0,True,True,5,4.813234932625765,3,"['Ac', 'Mg', 'Si']",Ac-Mg-Si,Ac(MgSi)2
mp-866103,Ac2MgSn,0.0,-0.344917513749998,0.0,True,True,4,7.178167068725801,3,"['Ac', 'Mg', 'Sn']",Ac-Mg-Sn,Ac2MgSn
mp-3325440,Ac4Mg5Sn6,0.0,-0.6620988483333341,0.0,True,True,30,6.263867284621923,3,"['Ac', 'Mg', 'Sn']",Ac-Mg-Sn,Ac4Mg5Sn6
mp-3329080,Ac(MgSn)2,0.0,-0.545827329499996,0.008736074750004,True,False,5,6.093199045514878,3,"['Ac', 'Mg', 'Sn']",Ac-Mg-Sn,Ac(MgSn)2
mp-3344290,Ac2MgSn2,0.0,-0.7275548970000041,0.0,True,True,10,7.180959761355339,3,"['Ac', 'Mg', 'Sn']",Ac-Mg-Sn,Ac2MgSn2
mp-3247758,AcMg2ZnSn,0.0,-0.455572746500001,0.0,True,True,5,5.897530755869523,4,"['Ac', 'Mg', 'Sn', 'Zn']",Ac-Mg-Sn-Zn,AcMg2ZnSn
mp-861735,AcMgTl2,0.0,-0.242557518541673,0.0,True,True,4,9.226817152387888,3,"['Ac', 'Mg', 'Tl']",Ac-Mg-Tl,AcMgTl2
mp-1183079,Ac2MgTl,0.0,-0.199245293333332,0.0,True,True,4,8.085059245187924,3,"['Ac', 'Mg', 'Tl']",Ac-Mg-Tl,Ac2MgTl
mp-1183077,Ac2YbMg,0.0,0.024890391249996,0.069044872187497,True,False,4,7.558103070241818,3,"['Ac', 'Mg', 'Yb']",Ac-Mg-Yb,Ac2YbMg
mp-979950,AcYbMg2,0.0,-0.042261125624996,0.037518067499998,True,False,4,6.124934247435266,3,"['Ac', 'Mg', 'Yb']",Ac-Mg-Yb,AcYbMg2
mp-1183182,AcMgZn2,0.0,-0.235832424374998,0.0,True,True,4,6.562466748520181,3,"['Ac', 'Mg', 'Zn']",Ac-Mg-Zn,AcMgZn2
mp-3252092,AcMnN3,0.0,-0.7607936406465511,0.0,True,True,10,7.856441342479779,3,"['Ac', 'Mn', 'N']",Ac-Mn-N,AcMnN3
mp-3246511,SrAc(MnN3)2,0.0,-0.7458145638965501,0.0,True,True,10,6.044765993273028,4,"['Ac', 'Mn', 'N', 'Sr']",Ac-Mn-N-Sr,SrAc(MnN3)2
mp-864911,AcMnO3,0.0,-2.9736300230862063,0.0,True,True,5,8.802373253340264,3,"['Ac', 'Mn', 'O']",Ac-Mn-O,AcMnO3
mp-3303642,AcMn2O5,1.4347,-2.6965160378394373,0.0,False,True,32,6.8384723488770565,3,"['Ac', 'Mn', 'O']",Ac-Mn-O,AcMn2O5
mp-3251648,AcMnSi2Os,0.0,-0.654525396396547,0.0,True,True,5,9.245757523432518,4,"['Ac', 'Mn', 'Os', 'Si']",Ac-Mn-Os-Si,AcMnSi2Os
mp-3239736,Ac2MnSi2Ru,0.0,-0.6247903990804571,0.0,True,True,6,7.493658524807606,4,"['Ac', 'Mn', 'Ru', 'Si']",Ac-Mn-Ru-Si,Ac2MnSi2Ru
mp-3252540,AcMnSi2Tc,0.0,-0.6065001403965511,0.0,True,True,5,7.494520049791354,4,"['Ac', 'Mn', 'Si', 'Tc']",Ac-Mn-Si-Tc,AcMnSi2Tc
mp-1183097,Ac3Mo,0.0,0.6916704356249991,0.6916704356249991,True,False,4,9.377220856369709,2,"['Ac', 'Mo']",Ac-Mo,Ac3Mo
mp-866056,AcN,0.0517,-1.322563138124998,0.0,False,True,4,8.01361833485228,2,"['Ac', 'N']",Ac-N,AcN
mp-3252184,NaAc(PaN2)4,2.499799999999999,-1.736203974821421,0.0,False,True,14,8.441108423531325,4,"['Ac', 'N', 'Na', 'Pa']",Ac-N-Na-Pa,NaAc(PaN2)4
mp-3252271,Ac2NdPa3N8,2.272,-1.824402768035712,0.0,False,True,14,8.930523021833652,4,"['Ac', 'N', 'Nd', 'Pa']",Ac-N-Nd-Pa,Ac2NdPa3N8
mp-3248503,AcNpN3,0.7893999999999981,-1.572543914499999,0.0,False,True,5,10.799434119136208,3,"['Ac', 'N', 'Np']",Ac-N-Np,AcNpN3
mp-3245591,Ac2NpPa3N8,0.4123,-1.804367183839279,0.0,False,True,14,9.61076989913428,4,"['Ac', 'N', 'Np', 'Pa']",Ac-N-Np-Pa,Ac2NpPa3N8
mp-3245449,AcNO4,2.68,-1.8025550660416647,0.0,False,True,12,6.06659785579658,3,"['Ac', 'N', 'O']",Ac-N-O,AcNO4
mp-3249674,AcTaN2O,0.6917999999999991,-2.195328050216665,0.0,False,True,10,10.908775541553076,4,"['Ac', 'N', 'O', 'Ta']",Ac-N-O-Ta,AcTaN2O
mp-3251622,Ac2PrPa3N8,2.219399999999999,-1.8092843097619,0.0,False,True,14,8.85739718870048,4,"['Ac', 'N', 'Pa', 'Pr']",Ac-N-Pa-Pr,Ac2PrPa3N8
mp-3253333,Ac2PuPa3N8,0.354500000000001,-1.8190930766964224,0.0,False,True,14,9.665475920266998,4,"['Ac', 'N', 'Pa', 'Pu']",Ac-N-Pa-Pu,Ac2PuPa3N8
mp-3246747,AcPuPaN4,0.7957000000000001,-1.740513898750001,0.0,False,True,14,9.908992905404972,4,"['Ac', 'N', 'Pa', 'Pu']",Ac-N-Pa-Pu,AcPuPaN4
mp-3248283,Ac2ScPa3N8,2.3586,-1.864268607857143,0.0,False,True,14,8.800511532725276,4,"['Ac', 'N', 'Pa', 'Sc']",Ac-N-Pa-Sc,Ac2ScPa3N8
mp-3253329,Ac2ZrPa3N8,0.0,-1.816559201428569,0.0,True,True,14,9.077125912612852,4,"['Ac', 'N', 'Pa', 'Zr']",Ac-N-Pa-Zr,Ac2ZrPa3N8
mp-3252993,Ac2PdN2,0.4389,-1.218614670499999,0.0,False,True,5,9.916325799648591,3,"['Ac', 'N', 'Pd']",Ac-N-Pd,Ac2PdN2
mp-3248748,AcReN3,0.0,-0.905553893249998,0.0,True,True,5,11.778874739399402,3,"['Ac', 'N', 'Re']",Ac-N-Re,AcReN3
mp-3251387,Ac2TaReN6,0.0,-1.152723027733333,0.0,True,True,10,11.214506379165472,4,"['Ac', 'N', 'Re', 'Ta']",Ac-N-Re-Ta,Ac2TaReN6
mp-3245149,AcUN2,0.0,-1.476378777499995,0.0,True,True,4,11.85583420593624,3,"['Ac', 'N', 'U']",Ac-N-U,AcUN2
mp-1186103,NaAc3,0.0,0.20455529398707,0.20455529398707,True,False,4,6.731792399652112,2,"['Ac', 'Na']",Ac-Na,NaAc3
mp-976031,NaAc,0.0,0.17605368047414,0.17605368047414,True,False,2,4.876036209864473,2,"['Ac', 'Na']",Ac-Na,NaAc
mp-3246228,Na(AcNi)2,0.0,-0.152847939000002,0.0,True,True,5,6.191250234880352,3,"['Ac', 'Na', 'Ni']",Ac-Na-Ni,Na(AcNi)2
mp-3244368,NaAcO2,2.7041,-2.826688963750001,0.0,False,True,8,6.417622266182981,3,"['Ac', 'Na', 'O']",Ac-Na-O,NaAcO2
mp-3248334,NaAc(SeO4)2,4.3746,-1.717997091302081,0.0,False,True,12,5.374859084372927,4,"['Ac', 'Na', 'O', 'Se']",Ac-Na-O-Se,NaAc(SeO4)2
mp-976072,NaAc2Pb,0.0,-0.288835038750001,0.0,True,True,4,7.882398519230247,3,"['Ac', 'Na', 'Pb']",Ac-Na-Pb,NaAc2Pb
mp-3253192,NaAcS2,3.1548,-2.087826160781247,0.0,False,True,4,4.757843240416303,3,"['Ac', 'Na', 'S']",Ac-Na-S,NaAcS2
mp-3246324,NaAc5S8,2.7255000000000003,-2.405638455714288,0.0,False,True,14,6.377293617107622,3,"['Ac', 'Na', 'S']",Ac-Na-S,NaAc5S8
mp-3251443,Na2AcSbS4,1.927699999999999,-1.44796696484375,0.0,False,True,8,4.2129877654704,4,"['Ac', 'Na', 'S', 'Sb']",Ac-Na-S-Sb,Na2AcSbS4
mp-976076,NaAc2Sn,0.0,-0.341947008750004,0.155159394374997,True,False,4,7.072689817402098,3,"['Ac', 'Na', 'Sn']",Ac-Na-Sn,NaAc2Sn
mp-865081,NaAcTe2,0.603399999999999,-1.513576809374996,0.1073713225,False,False,4,6.4817507404389865,3,"['Ac', 'Na', 'Te']",Ac-Na-Te,NaAcTe2
mp-865090,NaAcTl2,0.0,-0.370772146874998,0.0,True,True,4,8.740491069186007,3,"['Ac', 'Na', 'Tl']",Ac-Na-Tl,NaAcTl2
mp-1183104,Ac3Nb,0.0,0.556803858125,0.556803858125,True,False,4,9.016807444368908,2,"['Ac', 'Nb']",Ac-Nb,Ac3Nb
mp-1183255,AcNb3,0.0,0.5851438668750001,0.5851438668750001,True,False,4,9.5378414615304,2,"['Ac', 'Nb']",Ac-Nb,AcNb3
mp-3251059,AcNbO4,4.7147000000000014,-3.347603965416669,0.0,False,True,12,6.9065365960374825,3,"['Ac', 'Nb', 'O']",Ac-Nb-O,AcNbO4
mp-1183235,AcNd3,0.0,0.037401254999998,0.037401254999998,True,False,4,7.222751365085316,2,"['Ac', 'Nd']",Ac-Nd,AcNd3
mp-985554,Ac3Nd,0.0,0.01852608875,0.01852608875,True,False,8,7.815555595730561,2,"['Ac', 'Nd']",Ac-Nd,Ac3Nd
mp-3248736,AcNd(NiSn2)2,0.0,-0.641596966874999,0.0,True,True,8,8.376390308178063,4,"['Ac', 'Nd', 'Ni', 'Sn']",Ac-Nd-Ni-Sn,AcNd(NiSn2)2
mp-3252676,Ac4NdOs2,0.0,-0.102108746785713,0.0,True,True,14,10.33385391930958,3,"['Ac', 'Nd', 'Os']",Ac-Nd-Os,Ac4NdOs2
mp-3250045,AcNdSi2Pb,0.0,-0.704305170999998,0.0,True,True,5,7.844815831728379,4,"['Ac', 'Nd', 'Pb', 'Si']",Ac-Nd-Pb-Si,AcNdSi2Pb
mp-3223215,Ac3Nd(ZnPb)4,0.0,-0.6130414000000001,0.0,True,True,12,9.27024513824975,4,"['Ac', 'Nd', 'Pb', 'Zn']",Ac-Nd-Pb-Zn,Ac3Nd(ZnPb)4
mp-3250708,Ac8PrNdRu4,0.0,-0.185724423511901,0.0,True,True,14,9.016377665380002,4,"['Ac', 'Nd', 'Pr', 'Ru']",Ac-Nd-Pr-Ru,Ac8PrNdRu4
mp-3249761,AcNdRh4,0.0,-0.6468645324999991,0.0,True,True,6,11.350515999688584,3,"['Ac', 'Nd', 'Rh']",Ac-Nd-Rh,AcNdRh4
mp-3250552,AcNd(Si2Rh3)2,0.0,-1.08543925375,0.0,True,True,12,9.186900250708302,4,"['Ac', 'Nd', 'Rh', 'Si']",Ac-Nd-Rh-Si,AcNd(Si2Rh3)2
mp-3251640,AcNd(SbTe)2,0.0,-1.39700904416667,0.0,True,True,6,7.470306183571207,4,"['Ac', 'Nd', 'Sb', 'Te']",Ac-Nd-Sb-Te,AcNd(SbTe)2
mp-3250841,Ac3NdSe8,0.8685,-2.000304568541665,0.0,False,True,12,7.233099345439687,3,"['Ac', 'Nd', 'Se']",Ac-Nd-Se,Ac3NdSe8
mp-1183139,AcNiO3,0.0,-2.455476575499998,0.0,True,True,5,9.494942767086055,3,"['Ac', 'Ni', 'O']",Ac-Ni-O,AcNiO3
mp-3253700,Ac2NiPdO6,0.9345,-2.364427132750001,0.0,False,True,10,9.325687315834086,4,"['Ac', 'Ni', 'O', 'Pd']",Ac-Ni-O-Pd,Ac2NiPdO6
mp-3244298,Ac2NiPtO6,1.2892,-2.382729222750001,0.0,False,True,10,10.32192122351987,4,"['Ac', 'Ni', 'O', 'Pt']",Ac-Ni-O-Pt,Ac2NiPtO6
mp-3239885,AcNiP,0.0,-1.117493161825393,0.0,True,True,3,8.44675004239044,3,"['Ac', 'Ni', 'P']",Ac-Ni-P,AcNiP
mp-3246374,AcTcNiP2,0.0,-0.999859496690473,0.0,True,True,5,8.126351663768553,4,"['Ac', 'Ni', 'P', 'Tc']",Ac-Ni-P-Tc,AcTcNiP2
mp-3244957,AcNi2Pt3,0.0,-0.7011384595833331,0.0,True,True,6,14.898160456871642,3,"['Ac', 'Ni', 'Pt']",Ac-Ni-Pt,AcNi2Pt3
mp-3223836,AcNiSn2Ru,0.0,-0.492197551499998,0.0,True,True,10,9.448034893268357,4,"['Ac', 'Ni', 'Ru', 'Sn']",Ac-Ni-Ru-Sn,AcNiSn2Ru
mp-3244605,Ac8SmNi6,0.0,-0.159056246666667,0.0,True,True,15,8.944897135575392,3,"['Ac', 'Ni', 'Sm']",Ac-Ni-Sm,Ac8SmNi6
mp-3250346,Ac8ZnNi6,0.0,-0.180511465666669,0.0,True,True,15,8.783489443268536,3,"['Ac', 'Ni', 'Zn']",Ac-Ni-Zn,Ac8ZnNi6
mp-3248047,Ac2Zn3Ni,0.0,-0.292413088333338,0.0,True,True,6,8.167518052900466,3,"['Ac', 'Ni', 'Zn']",Ac-Ni-Zn,Ac2Zn3Ni
mp-1183280,Ac3Np,0.0,0.461717105937495,0.461717105937495,True,False,8,9.414685112108277,2,"['Ac', 'Np']",Ac-Np,Ac3Np
mp-1183172,AcO,0.0,-2.92545982375,0.189263751249997,True,False,4,8.627683228517736,2,"['Ac', 'O']",Ac-O,AcO
mp-11107,Ac2O3,3.522599999999999,-3.737668289999997,0.0,False,True,5,9.109129867325777,2,"['Ac', 'O']",Ac-O,Ac2O3
mp-3327303,AcO2,3.6875,-3.115697924999997,0.0,False,True,6,8.33478631787244,2,"['Ac', 'O']",Ac-O,AcO2
mp-3283500,Ac(PO3)3,6.1529,-2.776581507706044,0.0,False,True,26,4.020861682609586,3,"['Ac', 'O', 'P']",Ac-O-P,Ac(PO3)3
mp-3285579,AcPO4,6.4703,-3.361326457162699,0.0,False,True,24,6.480345906266726,3,"['Ac', 'O', 'P']",Ac-O-P,AcPO4
mp-3246994,AcPaO4,2.498999999999999,-3.922082457083334,0.0,False,True,6,9.82088510247318,3,"['Ac', 'O', 'Pa']",Ac-O-Pa,AcPaO4
mp-3257177,AcPd3O4,0.0,-1.540399667812497,0.0,True,True,16,9.40536172963004,3,"['Ac', 'O', 'Pd']",Ac-O-Pd,AcPd3O4
mp-3288951,Ac4PdO7,0.5377999999999991,-3.165880170937503,0.0,False,True,12,9.165337675789914,3,"['Ac', 'O', 'Pd']",Ac-O-Pd,Ac4PdO7
mp-1183145,AcPdO3,0.0,-2.236955405499998,0.008102040999999,True,False,5,9.497547055496376,3,"['Ac', 'O', 'Pd']",Ac-O-Pd,AcPdO3
mp-975463,RbAcO3,0.0,-2.226777475,0.180333470999999,True,False,5,6.006738421990205,3,"['Ac', 'O', 'Rb']",Ac-O-Rb,RbAcO3
mp-3244748,RbAc(SO4)2,5.9792000000000005,-2.285067061197916,0.0,False,True,12,4.166080130316647,4,"['Ac', 'O', 'Rb', 'S']",Ac-O-Rb-S,RbAc(SO4)2
mp-3252545,Ac2SO2,3.4828,-3.4232030710625,0.0,False,True,5,7.7912978364286465,3,"['Ac', 'O', 'S']",Ac-O-S,Ac2SO2
mp-3245207,AcSO,2.087499999999999,-2.880247177187499,0.0,False,True,12,7.07224499941074,3,"['Ac', 'O', 'S']",Ac-O-S,AcSO
mp-3248028,Ac3SbO3,0.9762999999999992,-3.045949575535717,0.0,False,True,14,8.16979538695997,3,"['Ac', 'O', 'Sb']",Ac-O-Sb,Ac3SbO3
mp-3248647,Ac2SbO2,0.0,-2.9195141385,0.0,True,True,5,7.940498830035205,3,"['Ac', 'O', 'Sb']",Ac-O-Sb,Ac2SbO2
mp-1183152,AcScO3,3.3847,-3.829060430499999,0.024140034874998,False,False,5,7.569207408829243,3,"['Ac', 'O', 'Sc']",Ac-O-Sc,AcScO3
mp-3253614,Ac2SeO2,2.7798,-3.372659890312502,0.0,False,True,5,8.121422459368471,3,"['Ac', 'O', 'Se']",Ac-O-Se,Ac2SeO2
mp-3245417,AcSeO,1.2192,-2.8391298859375,0.0,False,True,12,7.73248867809704,3,"['Ac', 'O', 'Se']",Ac-O-Se,AcSeO
mp-3290080,Ac10Si8O3,0.0,-1.352337475773809,0.0,True,True,21,7.783834936443584,3,"['Ac', 'O', 'Si']",Ac-O-Si,Ac10Si8O3
mp-1183150,AcSiO3,0.0,-2.8682463835,0.47336186625,True,False,5,8.042345508493089,3,"['Ac', 'O', 'Si']",Ac-O-Si,AcSiO3
mp-3295057,Ac2(SiO3)3,4.841900000000001,-3.375594029196431,0.0,False,True,28,5.332838492625612,3,"['Ac', 'O', 'Si']",Ac-O-Si,Ac2(SiO3)3
mp-3191090,Sr2AcTi3O9,0.0,-3.507911175083332,0.0,True,True,15,6.210999428869917,4,"['Ac', 'O', 'Sr', 'Ti']",Ac-O-Sr-Ti,Sr2AcTi3O9
mp-3311151,SrAc3Ti4O12,0.0,-3.527795935208334,0.0,True,True,20,7.553573912880795,4,"['Ac', 'O', 'Sr', 'Ti']",Ac-O-Sr-Ti,SrAc3Ti4O12
mp-3321777,SrAcTi2O6,0.0,-3.523856006833333,0.0,True,True,20,6.766713151229361,4,"['Ac', 'O', 'Sr', 'Ti']",Ac-O-Sr-Ti,SrAcTi2O6
mp-3246830,AcTaO4,3.762199999999999,-3.541738903305557,0.0,False,True,12,9.16993499479197,3,"['Ac', 'O', 'Ta']",Ac-O-Ta,AcTaO4
mp-3246099,AcTcO4,1.1264,-2.55757805125,0.0,False,True,12,7.127158513945949,3,"['Ac', 'O', 'Tc']",Ac-O-Tc,AcTcO4
mp-3276848,AcTi3O7,0.0,-3.455415323522727,0.0,True,True,22,6.017836676615373,3,"['Ac', 'O', 'Ti']",Ac-O-Ti,AcTi3O7
mp-865927,AcTiO3,0.0,-3.60763573816667,0.0,True,True,5,8.403352518165326,3,"['Ac', 'O', 'Ti']",Ac-O-Ti,AcTiO3
mp-3251171,AcUO4,0.575199999999999,-3.736539029583326,0.0,False,True,6,10.00301422993634,3,"['Ac', 'O', 'U']",Ac-O-U,AcUO4
mp-3244422,AcU2O6,0.0,-3.722938871111106,0.0,True,True,9,10.333512624133286,3,"['Ac', 'O', 'U']",Ac-O-U,AcU2O6
mp-3289637,AcVO4,3.9454,-3.299602891249999,0.0,False,True,24,6.332600286497269,3,"['Ac', 'O', 'V']",Ac-O-V,AcVO4
mp-1183168,AcVO3,0.0,-3.141069095500003,0.0,True,True,5,8.6637462299545,3,"['Ac', 'O', 'V']",Ac-O-V,AcVO3
mp-3248514,AcTcP2Os,0.0,-0.931404046690477,0.0,True,True,5,10.069570079556884,4,"['Ac', 'Os', 'P', 'Tc']",Ac-Os-P-Tc,AcTcP2Os
mp-3253363,Ac4PrOs2,0.0,-0.093240138095235,0.0,True,True,14,10.25821195494004,3,"['Ac', 'Os', 'Pr']",Ac-Os-Pr,Ac4PrOs2
mp-3247376,Ac9PrOs4,0.0,-0.087508951369053,0.0,True,True,14,10.4008750287411,3,"['Ac', 'Os', 'Pr']",Ac-Os-Pr,Ac9PrOs4
mp-3244668,Ac(SiOs)2,0.0,-0.714836045499998,0.0,True,True,5,11.590548675267105,3,"['Ac', 'Os', 'Si']",Ac-Os-Si,Ac(SiOs)2
mp-3240913,AcPPd,0.0,-1.368869251825396,0.0,True,True,6,8.839957377545659,3,"['Ac', 'P', 'Pd']",Ac-P-Pd,AcPPd
mp-3247937,AcYb3(PPd)4,0.0,-1.262919996200395,0.11486123062501,True,False,12,8.945512656896263,4,"['Ac', 'P', 'Pd', 'Yb']",Ac-P-Pd-Yb,AcYb3(PPd)4
mp-3248136,AcPPt,0.0,-1.471996695158727,0.0,True,True,3,10.997441511671363,3,"['Ac', 'P', 'Pt']",Ac-P-Pt,AcPPt
mp-3248534,AcSiPRu2,0.0,-1.004365162095234,0.0,True,True,5,8.657360908959545,4,"['Ac', 'P', 'Ru', 'Si']",Ac-P-Ru-Si,AcSiPRu2
mp-3252316,AcTcP2Ru,0.0,-1.058530805690475,0.0,True,True,5,8.57435202125831,4,"['Ac', 'P', 'Ru', 'Tc']",Ac-P-Ru-Tc,AcTcP2Ru
mp-3252122,Ac3P2S,0.0,-1.97197278854415,0.0,True,True,6,7.066507911386579,3,"['Ac', 'P', 'S']",Ac-P-S,Ac3P2S
mp-3245977,Ac2PS,0.0,-2.064372026447174,0.0,True,True,4,7.191551381586309,3,"['Ac', 'P', 'S']",Ac-P-S,Ac2PS
mp-3252294,Ac3P2Se,0.0,-1.937700622919152,0.0,True,True,6,7.253545816779972,3,"['Ac', 'P', 'Se']",Ac-P-Se,Ac3P2Se
mp-3248603,Ac2PSe,0.0,-2.01841884800968,0.0,True,True,4,7.446525603984844,3,"['Ac', 'P', 'Se']",Ac-P-Se,Ac2PSe
mp-3248902,Ac4PSe3,0.0,-2.075963113145462,0.0,True,True,8,7.766554716929058,3,"['Ac', 'P', 'Se']",Ac-P-Se,Ac4PSe3
mp-3252130,Ac(TcP)2,0.0,-0.971653566690474,0.0,True,True,5,8.44288020537257,3,"['Ac', 'P', 'Tc']",Ac-P-Tc,Ac(TcP)2
mp-3253104,Ac4Zn2P5,0.0,-1.302445110898263,0.0,True,True,11,6.725842985916123,3,"['Ac', 'P', 'Zn']",Ac-P-Zn,Ac4Zn2P5
mp-3247737,Ac(ZnP)3,0.400599999999999,-0.6839207716326521,0.0,False,True,14,5.749689034212318,3,"['Ac', 'P', 'Zn']",Ac-P-Zn,Ac(ZnP)3
mp-1183126,Ac3Pa,0.0,0.415650869374999,0.415650869374999,True,False,8,9.648125796784818,2,"['Ac', 'Pa']",Ac-Pa,Ac3Pa
mp-3231117,Ac2Pr(PdPb)3,0.0,-0.8016320162962971,0.0,True,True,9,10.8415500295359,4,"['Ac', 'Pb', 'Pd', 'Pr']",Ac-Pb-Pd-Pr,Ac2Pr(PdPb)3
mp-3250155,Ac2Pt2Pb,0.0,-1.101610859999993,0.0,True,True,10,12.668876436647826,3,"['Ac', 'Pb', 'Pt']",Ac-Pb-Pt,Ac2Pt2Pb
mp-1183220,AcRh2Pb,0.0,-0.346064169374997,0.0,True,True,4,12.201403840756068,3,"['Ac', 'Pb', 'Rh']",Ac-Pb-Rh,AcRh2Pb
mp-3240333,AcRh3Pb2,0.0,-0.42979738291666,0.0,True,True,6,11.717801623557175,3,"['Ac', 'Pb', 'Rh']",Ac-Pb-Rh,AcRh3Pb2
mp-3223494,Ac2Sn2Pb,0.0,-0.757309678000001,0.0,True,True,10,8.632589013467845,3,"['Ac', 'Pb', 'Sn']",Ac-Pb-Sn,Ac2Sn2Pb
mp-3240550,AcPr(SbPd)2,0.0,-1.215531041527773,0.0,True,True,6,8.702797669708046,4,"['Ac', 'Pd', 'Pr', 'Sb']",Ac-Pd-Pr-Sb,AcPr(SbPd)2
mp-3251012,AcPdPt4,0.0,-0.8174174712499961,0.0,True,True,6,16.125932177214686,3,"['Ac', 'Pd', 'Pt']",Ac-Pd-Pt,AcPdPt4
mp-3247505,AcPd2Pt3,0.0,-0.788880911250004,0.0,True,True,6,14.895833867859714,3,"['Ac', 'Pd', 'Pt']",Ac-Pd-Pt,AcPd2Pt3
mp-3244807,AcYPdS3,1.052899999999999,-2.031700070989586,0.0,False,True,12,6.498950479861997,4,"['Ac', 'Pd', 'S', 'Y']",Ac-Pd-S-Y,AcYPdS3
mp-3246428,Ac(SbPd)2,0.0,-0.9648585055000012,0.0,True,True,10,9.526805429932017,3,"['Ac', 'Pd', 'Sb']",Ac-Pd-Sb,Ac(SbPd)2
mp-3274016,Ac2Si3Pd,0.0,-0.9001546950000021,0.0,True,True,12,7.506105403210193,3,"['Ac', 'Pd', 'Si']",Ac-Pd-Si,Ac2Si3Pd
mp-3292723,Ac2(Si2Pd7)3,0.0,-0.7193006763793101,0.0,True,True,29,10.183612169966514,3,"['Ac', 'Pd', 'Si']",Ac-Pd-Si,Ac2(Si2Pd7)3
mp-865855,Ac2SiPd,0.0,-0.6024802275000021,0.0,True,True,4,8.61022870876441,3,"['Ac', 'Pd', 'Si']",Ac-Pd-Si,Ac2SiPd
mp-3303545,Ac2Si5Pd3,0.0,-0.792471125999998,0.0,True,True,20,7.937508658038229,3,"['Ac', 'Pd', 'Si']",Ac-Pd-Si,Ac2Si5Pd3
mp-3221861,Ac2SnPd2,0.0,-0.8910676700000011,0.0,True,True,10,9.62438806981394,3,"['Ac', 'Pd', 'Sn']",Ac-Pd-Sn,Ac2SnPd2
mp-3281524,AcSn3Pd2,0.0,-0.714862727916662,0.0,True,True,24,9.22581877759962,3,"['Ac', 'Pd', 'Sn']",Ac-Pd-Sn,AcSn3Pd2
mp-1183243,AcSnPd2,0.0,-0.652294486875,0.137939885348842,True,False,4,10.103331921160557,3,"['Ac', 'Pd', 'Sn']",Ac-Pd-Sn,AcSnPd2
mp-3319420,Ac8SnPd24,0.0,-0.804494926969689,0.0,True,True,33,11.27999401425734,3,"['Ac', 'Pd', 'Sn']",Ac-Pd-Sn,Ac8SnPd24
mp-3232027,Ac2Yb(SnPd)3,0.0,-0.8982374077777731,0.0,True,True,9,9.794824365643764,4,"['Ac', 'Pd', 'Sn', 'Yb']",Ac-Pd-Sn-Yb,Ac2Yb(SnPd)3
mp-1183109,Ac3Pm,0.0,0.036769143749999,0.036769143749999,True,False,8,7.918351771582973,2,"['Ac', 'Pm']",Ac-Pm,Ac3Pm
mp-1183241,AcPm3,0.0,0.042095302500001,0.042095302500001,True,False,4,7.395099213769491,2,"['Ac', 'Pm']",Ac-Pm,AcPm3
mp-3244644,AcPmZnSi3,0.0,-0.6638818258333331,0.0,True,True,6,6.540434242160294,4,"['Ac', 'Pm', 'Si', 'Zn']",Ac-Pm-Si-Zn,AcPmZnSi3
mp-3170562,AcPm(ZnSi)2,0.0,-0.6557536674999981,0.0,True,True,6,6.796130240289948,4,"['Ac', 'Pm', 'Si', 'Zn']",Ac-Pm-Si-Zn,AcPm(ZnSi)2
mp-1183239,AcPr3,0.0,0.042426806874999,0.042426806874999,True,False,4,6.9635443606540575,2,"['Ac', 'Pr']",Ac-Pr,AcPr3
mp-985302,Ac3Pr,0.0,0.017800280208334,0.017800280208334,True,False,8,7.725182243542989,2,"['Ac', 'Pr']",Ac-Pr,Ac3Pr
mp-3245996,AcPrRh4,0.0,-0.634487804861109,0.0,True,True,6,11.236405924297104,3,"['Ac', 'Pr', 'Rh']",Ac-Pr-Rh,AcPrRh4
mp-3231647,Ac2Pr(SnRh)3,0.0,-0.854082652962966,0.0,True,True,9,9.69525943593194,4,"['Ac', 'Pr', 'Rh', 'Sn']",Ac-Pr-Rh-Sn,Ac2Pr(SnRh)3
mp-3229890,AcPr(SiRu)2,0.0,-0.7878859731944441,0.0,True,True,6,7.756031348794345,4,"['Ac', 'Pr', 'Ru', 'Si']",Ac-Pr-Ru-Si,AcPr(SiRu)2
mp-3250354,Ac4Yb3Pr3Ru4,0.0,-0.203864361428575,0.061376069047625,True,False,14,8.933879752617834,4,"['Ac', 'Pr', 'Ru', 'Yb']",Ac-Pr-Ru-Yb,Ac4Yb3Pr3Ru4
mp-3244641,AcPr(SbTe)2,0.0,-1.402932466527777,0.0,True,True,6,7.378288575857508,4,"['Ac', 'Pr', 'Sb', 'Te']",Ac-Pr-Sb-Te,AcPr(SbTe)2
mp-3223481,AcPrZn8,0.0,-0.337544604916666,0.0,True,True,10,7.519015585487233,3,"['Ac', 'Pr', 'Zn']",Ac-Pr-Zn,AcPrZn8
mp-3253583,AcSi3Pt,0.0,-0.8294501925000021,0.0,True,True,5,8.744629481093305,3,"['Ac', 'Pt', 'Si']",Ac-Pt-Si,AcSi3Pt
mp-3230877,Ac3Si3Pt,0.0,-0.863394363928575,0.0,True,True,7,8.503524526008741,3,"['Ac', 'Pt', 'Si']",Ac-Pt-Si,Ac3Si3Pt
mp-3246290,Ac(SiPt)2,0.0,-1.116986904499998,0.0,True,True,10,11.654273532968851,3,"['Ac', 'Pt', 'Si']",Ac-Pt-Si,Ac(SiPt)2
mp-3248159,AcYbPt4,0.0,-1.105387772083323,0.0,True,True,6,16.651247829119853,3,"['Ac', 'Pt', 'Yb']",Ac-Pt-Yb,AcYbPt4
mp-3251668,Ac(ZnPt)2,0.0,-0.893013611499998,0.0,True,True,5,12.21119055713966,3,"['Ac', 'Pt', 'Zn']",Ac-Pt-Zn,Ac(ZnPt)2
mp-974658,Rb3Ac,0.0,0.477594716249999,0.477594716249999,True,False,8,2.771984491858573,2,"['Ac', 'Rb']",Ac-Rb,Rb3Ac
mp-975195,RbAc3,0.0,0.394630721249999,0.394630721249999,True,False,8,6.331571482370379,2,"['Ac', 'Rb']",Ac-Rb,RbAc3
mp-3252324,RbAcS2,3.2388,-2.157128368593749,0.0,False,True,4,4.726675968186938,3,"['Ac', 'Rb', 'S']",Ac-Rb-S,RbAcS2
mp-862797,RbAcTe2,0.9157,-1.455777653333333,0.0,False,True,4,6.584976523338584,3,"['Ac', 'Rb', 'Te']",Ac-Rb-Te,RbAcTe2
mp-3253173,AcReSi2Tc3,0.0,-0.47495501142857,0.0,True,True,7,10.115458712942822,4,"['Ac', 'Re', 'Si', 'Tc']",Ac-Re-Si-Tc,AcReSi2Tc3
mp-3240728,AcSi2Rh3,0.0,-1.027801569583336,0.0,True,True,6,9.540567850609367,3,"['Ac', 'Rh', 'Si']",Ac-Rh-Si,AcSi2Rh3
mp-3222942,Ac2SnRh2,0.0,-0.729023979999999,0.0,True,True,10,10.22905915135498,3,"['Ac', 'Rh', 'Sn']",Ac-Rh-Sn,Ac2SnRh2
mp-3222631,Ac2Th(SnRh)3,0.0,-0.90360933055555,0.0,True,True,9,10.293395351520266,4,"['Ac', 'Rh', 'Sn', 'Th']",Ac-Rh-Sn-Th,Ac2Th(SnRh)3
mp-1183199,AcTlRh2,0.0,-0.345513796874996,0.0,True,True,4,12.444575359161687,3,"['Ac', 'Rh', 'Tl']",Ac-Rh-Tl,AcTlRh2
mp-980005,AcYbRh2,0.0,-0.6750111106249931,0.0,True,True,4,11.441373382144787,3,"['Ac', 'Rh', 'Yb']",Ac-Rh-Yb,AcYbRh2
mp-3245243,AcSi3Ru,0.0,-0.637660887500001,0.0,True,True,5,7.200338447790133,3,"['Ac', 'Ru', 'Si']",Ac-Ru-Si,AcSi3Ru
mp-3239934,Ac2Si2TcRu,0.0,-0.647313331666666,0.0,True,True,6,8.152247136486002,4,"['Ac', 'Ru', 'Si', 'Tc']",Ac-Ru-Si-Tc,Ac2Si2TcRu
mp-3240555,AcYb(SiRu)2,0.0,-0.800034727083333,0.0,True,True,6,8.590696023762451,4,"['Ac', 'Ru', 'Si', 'Yb']",Ac-Ru-Si-Yb,AcYb(SiRu)2
mp-3253404,Ac2Yb2SmRu2,0.0,-0.233814085714284,0.070193217925179,True,False,14,9.366432805002065,4,"['Ac', 'Ru', 'Sm', 'Yb']",Ac-Ru-Sm-Yb,Ac2Yb2SmRu2
mp-3247566,AcYb3SmRu2,0.0,-0.287826595357151,0.053541416309528,True,False,14,9.549310930605936,4,"['Ac', 'Ru', 'Sm', 'Yb']",Ac-Ru-Sm-Yb,AcYb3SmRu2
mp-3250325,Ac(Sn3Ru2)2,0.0,-0.346136875227273,0.0,True,True,11,9.296397379585285,3,"['Ac', 'Ru', 'Sn']",Ac-Ru-Sn,Ac(Sn3Ru2)2
mp-3248231,AcSn3Ru,0.0,-0.521136274499997,0.0,True,True,5,8.751188381116437,3,"['Ac', 'Ru', 'Sn']",Ac-Ru-Sn,AcSn3Ru
mp-3253648,Ac2URu2,0.0,-0.303307996,0.0,True,True,5,10.983561948318853,3,"['Ac', 'Ru', 'U']",Ac-Ru-U,Ac2URu2
mp-3249361,Ac3(YbRu)2,0.0,-0.18890703892857,0.099836635357149,True,False,14,9.564149984398318,3,"['Ac', 'Ru', 'Yb']",Ac-Ru-Yb,Ac3(YbRu)2
mp-3245556,Ac3Yb3Ru2,0.0,-0.168359323437499,0.103868524687499,True,False,8,9.159604647421068,3,"['Ac', 'Ru', 'Yb']",Ac-Ru-Yb,Ac3Yb3Ru2
mp-32800,Ac2S3,2.2962,-2.4930635934375,0.0,False,True,40,6.535149338291522,2,"['Ac', 'S']",Ac-S,Ac2S3
mp-3252631,AcSbS,0.1177,-1.814293409270836,0.0,False,True,12,7.308839821446813,3,"['Ac', 'S', 'Sb']",Ac-S-Sb,AcSbS
mp-3253356,Ac4Se7S,0.9701,-2.062336850520831,0.0,False,True,12,7.291032868201833,3,"['Ac', 'S', 'Se']",Ac-S-Se,Ac4Se7S
mp-3249591,Ac3SiS2,0.0,-1.814491687187503,0.0,True,True,6,6.961211365331372,3,"['Ac', 'S', 'Si']",Ac-S-Si,Ac3SiS2
mp-3248676,Sr(AcS2)2,2.9655,-2.501018403035715,0.0,False,True,14,6.034968244496455,3,"['Ac', 'S', 'Sr']",Ac-S-Sr,Sr(AcS2)2
mp-3245989,Ac2TeS2,2.764299999999999,-2.364772466125004,0.0,False,True,5,6.384748829981472,3,"['Ac', 'S', 'Te']",Ac-S-Te,Ac2TeS2
mp-3249037,AcSbSe,0.1569,-1.741560162187501,0.0,False,True,6,7.7158609611967,3,"['Ac', 'Sb', 'Se']",Ac-Sb-Se,AcSbSe
mp-3248480,AcSm(SbTe)2,0.0,-1.377414326250004,0.0,True,True,6,7.623207534402847,4,"['Ac', 'Sb', 'Sm', 'Te']",Ac-Sb-Sm-Te,AcSm(SbTe)2
mp-3239732,AcTh(SbTe)2,0.0,-1.381103399583338,0.0,True,True,6,8.232831833674036,4,"['Ac', 'Sb', 'Te', 'Th']",Ac-Sb-Te-Th,AcTh(SbTe)2
mp-3250688,Ac(YbSb)3,0.0,-0.94622762821429,0.144033749642865,True,False,14,8.30207848579372,3,"['Ac', 'Sb', 'Yb']",Ac-Sb-Yb,Ac(YbSb)3
mp-1183247,AcSc3,0.0,0.123299420624999,0.123299420624999,True,False,8,5.124438034844145,2,"['Ac', 'Sc']",Ac-Sc,AcSc3
mp-985561,Ac3Sc,0.0,0.119352678124997,0.119352678124997,True,False,8,7.579566615941284,2,"['Ac', 'Sc']",Ac-Sc,Ac3Sc
mp-3247516,AcSc3(ZnSn)4,0.0,-0.565068796041669,0.0,True,True,12,6.732979704712699,4,"['Ac', 'Sc', 'Sn', 'Zn']",Ac-Sc-Sn-Zn,AcSc3(ZnSn)4
mp-1183234,AcSe3,0.0,-1.202043878671876,0.282897718031254,True,False,4,7.495921073984983,2,"['Ac', 'Se']",Ac-Se,AcSe3
mp-3299174,Ac5Se9,0.671899999999999,-2.121345138147323,0.0,False,True,28,7.213048690756693,2,"['Ac', 'Se']",Ac-Se,Ac5Se9
mp-3323196,Ac2Se3,1.2396,-2.370408264437503,0.0,False,True,20,7.313769143499196,2,"['Ac', 'Se']",Ac-Se,Ac2Se3
mp-3251987,Ac3TbSe8,0.8791000000000001,-1.976702039583334,0.0,False,True,12,7.424168965205877,3,"['Ac', 'Se', 'Tb']",Ac-Se-Tb,Ac3TbSe8
mp-3245888,AcTb4Se7,0.0,-2.227917565911459,0.0,True,True,12,7.178834488456023,3,"['Ac', 'Se', 'Tb']",Ac-Se-Tb,AcTb4Se7
mp-3222023,Ac3Si2,0.0,-0.569320363499997,0.0,True,True,10,7.665606459013875,2,"['Ac', 'Si']",Ac-Si,Ac3Si2
mp-3272572,Ac4Si7,0.0,-0.620729815000004,0.0,True,True,22,6.578793217836149,2,"['Ac', 'Si']",Ac-Si,Ac4Si7
mp-1183122,Ac3Si,0.0,-0.274677942187501,0.081147285,True,False,8,8.528232203376154,2,"['Ac', 'Si']",Ac-Si,Ac3Si
mp-866222,AcSi3,0.0,-0.321468518125001,0.105283229687501,True,False,8,6.003622777251709,2,"['Ac', 'Si']",Ac-Si,AcSi3
mp-3222493,Sr(AcSi)2,0.0,-0.5958274920000001,0.0,True,True,10,6.251949282826989,3,"['Ac', 'Si', 'Sr']",Ac-Si-Sr,Sr(AcSi)2
mp-3282564,SrAc3Si8,0.0,-0.5566385393750011,0.0,True,True,12,5.757458585419585,3,"['Ac', 'Si', 'Sr']",Ac-Si-Sr,SrAc3Si8
mp-3284405,Ac4Zn3Si5,0.0,-0.64433153583333,0.0,True,True,12,7.113694722418735,3,"['Ac', 'Si', 'Zn']",Ac-Si-Zn,Ac4Zn3Si5
mp-866289,Ac2ZnSi,0.0,-0.344163451250004,0.111053604531242,True,False,4,7.844824013563706,3,"['Ac', 'Si', 'Zn']",Ac-Si-Zn,Ac2ZnSi
mp-3343377,Ac2Zn5Si3,0.0,-0.438956946500002,0.0,True,True,10,7.252446972018475,3,"['Ac', 'Si', 'Zn']",Ac-Si-Zn,Ac2Zn5Si3
mp-3345580,Ac3(ZnSi)4,0.0,-0.561112754772729,0.0,True,True,11,7.192285238209424,3,"['Ac', 'Si', 'Zn']",Ac-Si-Zn,Ac3(ZnSi)4
mp-1183230,AcSm3,0.0,0.047457853124996,0.047457853124996,True,False,4,7.684886951888176,2,"['Ac', 'Sm']",Ac-Sm,AcSm3
mp-985547,Ac3Sm,0.0,0.039172998124996,0.039172998124996,True,False,8,8.011382091335042,2,"['Ac', 'Sm']",Ac-Sm,Ac3Sm
mp-3257516,Ac5Sn3,0.0,-0.745659604687496,0.0,True,True,16,7.919931081586555,2,"['Ac', 'Sn']",Ac-Sn,Ac5Sn3
mp-3260826,Ac3Sn5,0.0,-0.7299913246874961,0.0,True,True,16,8.235761634995418,2,"['Ac', 'Sn']",Ac-Sn,Ac3Sn5
mp-3262069,Ac3Sn4,0.0,-0.803280049642856,0.0,True,True,14,7.993888256901424,2,"['Ac', 'Sn']",Ac-Sn,Ac3Sn4
mp-861939,Ac3Sn,0.0,-0.381719823125003,0.115386579999999,True,False,4,8.833790548115585,2,"['Ac', 'Sn']",Ac-Sn,Ac3Sn
mp-1183070,Ac2TlSn,0.0,-0.570140636250002,0.0,True,True,4,9.27724218323011,3,"['Ac', 'Sn', 'Tl']",Ac-Sn-Tl,Ac2TlSn
mp-1183061,Ac2ZnSn,0.0,-0.491821567499997,0.104676664218757,True,False,4,8.190482989715774,3,"['Ac', 'Sn', 'Zn']",Ac-Sn-Zn,Ac2ZnSn
mp-3327940,Ac2ZnSn4,0.0,-0.616043347142859,0.0,True,True,7,7.908946102311232,3,"['Ac', 'Sn', 'Zn']",Ac-Sn-Zn,Ac2ZnSn4
mp-3223205,Ac3Zr(ZnSn)4,0.0,-0.611287056458337,0.0,True,True,12,7.9175636079432925,4,"['Ac', 'Sn', 'Zn', 'Zr']",Ac-Sn-Zn-Zr,Ac3Zr(ZnSn)4
mp-1187109,Sr3Ac,0.0,0.095770363124998,0.095770363124998,True,False,8,3.973424526962224,2,"['Ac', 'Sr']",Ac-Sr,Sr3Ac
mp-1187164,SrAc3,0.0,0.090519607708337,0.090519607708337,True,False,8,6.78251542723782,2,"['Ac', 'Sr']",Ac-Sr,SrAc3
mp-978953,SrAcTl2,0.0,-0.489930826874996,0.0,True,True,4,8.723383711972705,3,"['Ac', 'Sr', 'Tl']",Ac-Sr-Tl,SrAcTl2
mp-978929,SrAcZn2,0.0,-0.214775271874998,0.0,True,True,4,6.276993336895074,3,"['Ac', 'Sr', 'Zn']",Ac-Sr-Zn,SrAcZn2
mp-1183099,Ac3Tb,0.0,0.065176126875002,0.065176126875002,True,False,8,8.286315100881167,2,"['Ac', 'Tb']",Ac-Tb,Ac3Tb
mp-1183217,AcTb3,0.0,0.070870708124999,0.070870708124999,True,False,4,8.302057251879335,2,"['Ac', 'Tb']",Ac-Tb,AcTb3
mp-3283145,AcTe2,0.4259,-1.665976812916672,0.0,False,True,24,7.561610944945093,2,"['Ac', 'Te']",Ac-Te,AcTe2
mp-865558,AcTe3,0.0,-1.018373454375002,0.231109155312502,True,False,4,7.79355066595012,2,"['Ac', 'Te']",Ac-Te,AcTe3
mp-3326566,Ac2Te3,0.744499999999999,-1.916835439000004,0.0,False,True,20,7.269392134227485,2,"['Ac', 'Te']",Ac-Te,Ac2Te3
mp-865028,AcTlTe2,0.6253000000000001,-1.251402644791669,0.0,False,True,4,8.430613335203375,3,"['Ac', 'Te', 'Tl']",Ac-Te-Tl,AcTlTe2
mp-1183157,AcTh,0.0,0.167875863749998,0.167875863749998,True,False,2,10.154090026482756,2,"['Ac', 'Th']",Ac-Th,AcTh
mp-1183258,AcTh3,0.0,0.132876755625005,0.132876755625005,True,False,8,10.988500269030464,2,"['Ac', 'Th']",Ac-Th,AcTh3
mp-985303,Ac3Th,0.0,0.129702878125002,0.129702878125002,True,False,8,9.150766538413295,2,"['Ac', 'Th']",Ac-Th,Ac3Th
mp-1183108,Ac3Ti,0.0,0.399668714791673,0.399668714791673,True,False,4,8.254063492955588,2,"['Ac', 'Ti']",Ac-Ti,Ac3Ti
mp-985506,Ac3Tl,0.0,-0.163813968124998,0.0,True,True,8,9.509015509482955,2,"['Ac', 'Tl']",Ac-Tl,Ac3Tl
mp-1183192,AcYbTl2,0.0,-0.378423713124995,0.0,True,True,4,11.012767461203602,3,"['Ac', 'Tl', 'Yb']",Ac-Tl-Yb,AcYbTl2
mp-1183084,Ac3Tm,0.0,0.072307948958332,0.072307948958332,True,False,4,8.621865772366718,2,"['Ac', 'Tm']",Ac-Tm,Ac3Tm
mp-1183094,Ac3V,0.0,0.494253550625003,0.494253550625003,True,False,4,8.3089785939614,2,"['Ac', 'V']",Ac-V,Ac3V
mp-1183083,Ac3Y,0.0,0.058625999375003,0.058625999375003,True,False,4,7.532052286652469,2,"['Ac', 'Y']",Ac-Y,Ac3Y
mp-1183183,AcY3,0.0,0.095069130624992,0.095069130624992,True,False,4,5.699300425239347,2,"['Ac', 'Y']",Ac-Y,AcY3
mp-1183059,Ac3Yb,0.0,0.052333960624999,0.052333960624999,True,False,4,8.591634155022035,2,"['Ac', 'Yb']",Ac-Yb,Ac3Yb
mp-1183236,AcYb3,0.0,0.097318301874999,0.097318301874999,True,False,4,9.32305962539298,2,"['Ac', 'Yb']",Ac-Yb,AcYb3
mp-865953,AcYbZn2,0.0,-0.242078450624998,0.094026371874999,True,False,4,8.579683761627889,3,"['Ac', 'Yb', 'Zn']",Ac-Yb-Zn,AcYbZn2
mp-3270670,AcZn13,0.0,-0.233856495892857,0.0,True,True,28,7.991542233925069,2,"['Ac', 'Zn']",Ac-Zn,AcZn13
mp-864809,AcZn3,0.0,-0.270352051875001,0.027823433906249,True,False,8,7.642317287809214,2,"['Ac', 'Zn']",Ac-Zn,AcZn3
mp-1183092,Ac3Zn,0.0,0.068955214739574,0.168347043333326,True,False,4,8.386482896353064,2,"['Ac', 'Zn']",Ac-Zn,Ac3Zn
mp-3328237,AcZn4,0.0,-0.318053851499999,0.0,True,True,5,7.875556349606452,2,"['Ac', 'Zn']",Ac-Zn,AcZn4
mp-3251635,AcZrZn4,0.0,-0.353255280416666,0.0,True,True,6,7.604710249003214,3,"['Ac', 'Zn', 'Zr']",Ac-Zn-Zr,AcZrZn4
mp-1183058,Ac3Zr,0.0,0.267514975625005,0.267514975625005,True,False,4,8.51561675128976,2,"['Ac', 'Zr']",Ac-Zr,Ac3Zr
mp-124,Ag,0.0,0.002126714999999,0.002126714999999,True,False,1,10.362566636379526,1,['Ag'],Ag,Ag
mp-1183130,Al3Ag,0.0,0.047100010124999,0.071258186874999,True,False,4,4.6112324372586855,2,"['Ag', 'Al']",Ag-Al,Al3Ag
mp-985805,AlAg2,0.0,-0.056765646666666,0.007656157999999,True,False,6,8.170901523456344,2,"['Ag', 'Al']",Ag-Al,AlAg2
mp-3328425,Al2Ag,0.0,-0.025294551666666,0.006916350666667,True,False,3,5.483922692871135,2,"['Ag', 'Al']",Ag-Al,Al2Ag
mp-1228901,AlAg,0.0,-0.0299859525,0.018330401,True,False,2,6.819245943325724,2,"['Ag', 'Al']",Ag-Al,AlAg
mp-1228927,AlAg3,0.0,0.018319204250001,0.0907937345,True,False,4,8.320607458548649,2,"['Ag', 'Al']",Ag-Al,AlAg3
mp-1228947,AlAg4,0.0,0.015597754066666,0.073577378266669,True,False,5,8.671245147627953,2,"['Ag', 'Al']",Ag-Al,AlAg4
mp-3255241,Al4Ag7Au9,0.0,-0.233664852750001,0.0,True,True,20,12.915334929530369,3,"['Ag', 'Al', 'Au']",Ag-Al-Au,Al4Ag7Au9
mp-1096668,AlAgAu2,1.413399999999999,0.9190235165625,1.187658777500001,False,False,4,0.985097250711628,3,"['Ag', 'Al', 'Au']",Ag-Al-Au,AlAgAu2
mp-3302462,Al4Ag9Au7,0.0,-0.225992057249999,0.0,True,True,20,12.045681378999278,3,"['Ag', 'Al', 'Au']",Ag-Al-Au,Al4Ag9Au7
mp-3307211,Al2Ag5Au3,0.0,-0.217160576499998,0.0,True,True,20,11.621545370099025,3,"['Ag', 'Al', 'Au']",Ag-Al-Au,Al2Ag5Au3
mp-3315837,Al2AgAu7,0.0,-0.234495387500004,0.0,True,True,20,15.062514219167912,3,"['Ag', 'Al', 'Au']",Ag-Al-Au,Al2AgAu7
mp-3317548,Al4Ag3Au13,0.0,-0.238349608249996,0.0,True,True,20,14.648949623525167,3,"['Ag', 'Al', 'Au']",Ag-Al-Au,Al4Ag3Au13
mp-3322986,AlAgAu3,0.0,-0.239768746999999,0.0,True,True,20,14.211168964003791,3,"['Ag', 'Al', 'Au']",Ag-Al-Au,AlAgAu3
mp-3325882,Al2Ag3Au5,0.0,-0.236005678999998,0.0,True,True,20,13.33928130651721,3,"['Ag', 'Al', 'Au']",Ag-Al-Au,Al2Ag3Au5
mp-3325984,AlAg3Au,0.0,-0.198293457499997,0.0,True,True,20,10.743527305359413,3,"['Ag', 'Al', 'Au']",Ag-Al-Au,AlAg3Au
mp-3223294,Sr2Al4AgAu3,0.0,-0.6087235455000011,0.0,True,True,10,7.657994129943681,4,"['Ag', 'Al', 'Au', 'Sr']",Ag-Al-Au-Sr,Sr2Al4AgAu3
mp-631568,AlAgB,0.0,0.8454208495333331,0.9112557830999992,True,False,3,5.245118397368363,3,"['Ag', 'Al', 'B']",Ag-Al-B,AlAgB
mp-1228156,Ba2(AlAg)5,0.0,-0.275236534027775,0.0,True,True,12,5.92426256350371,3,"['Ag', 'Al', 'Ba']",Ag-Al-Ba,Ba2(AlAg)5
mp-1268088,BaAlCuAgO5,0.0,-1.800179218518518,0.246662398281249,True,False,9,5.570511677453126,5,"['Ag', 'Al', 'Ba', 'Cu', 'O']",Ag-Al-Ba-Cu-O,BaAlCuAgO5
mp-1042222,Ba2AlAg3O8,0.0,-1.395829831785713,0.35344344276786,True,False,14,6.113649023196891,4,"['Ag', 'Al', 'Ba', 'O']",Ag-Al-Ba-O,Ba2AlAg3O8
mp-1194539,Al2Ag2Bi2S3Cl8,1.9031999999999991,-1.347588887990195,0.0,False,True,34,3.653851771334378,5,"['Ag', 'Al', 'Bi', 'Cl', 'S']",Ag-Al-Bi-Cl-S,Al2Ag2Bi2S3Cl8
mp-1113577,Cs2AlAgBr6,1.4697,-1.552463265097701,0.081096958624998,False,False,10,4.467877443626806,4,"['Ag', 'Al', 'Br', 'Cs']",Ag-Al-Br-Cs,Cs2AlAgBr6
mp-3208074,AlFe3(AgBr4)4,1.0778,-0.7373223229166681,0.0,False,True,24,4.281491415783383,4,"['Ag', 'Al', 'Br', 'Fe']",Ag-Al-Br-Fe,AlFe3(AgBr4)4
mp-1112104,K2AlAgBr6,1.4617,-1.491518860616665,0.1027407402499999,False,False,10,3.688267082948031,4,"['Ag', 'Al', 'Br', 'K']",Ag-Al-Br-K,K2AlAgBr6
mp-1111586,Na2AlAgBr6,1.4745,-1.305377246442528,0.19810042975,False,False,10,3.608749013058208,4,"['Ag', 'Al', 'Br', 'Na']",Ag-Al-Br-Na,Na2AlAgBr6
mp-43068,Na3Al3Si3AgBrO12,3.335299999999999,-2.931985140034982,0.0,False,True,46,2.75892360658298,6,"['Ag', 'Al', 'Br', 'Na', 'O', 'Si']",Ag-Al-Br-Na-O-Si,Na3Al3Si3AgBrO12
mp-1111736,Rb2AlAgBr6,1.4709,-1.525940810666666,0.080527992625001,False,False,10,4.105777973553455,4,"['Ag', 'Al', 'Br', 'Rb']",Ag-Al-Br-Rb,Rb2AlAgBr6
mp-3284424,Ca2AlAg3,0.0,-0.317887979166663,0.0,True,True,12,5.528367834597493,3,"['Ag', 'Al', 'Ca']",Ag-Al-Ca,Ca2AlAg3
mp-11430,Ca3Al7Ag2,0.0,-0.337991456666666,0.0,True,True,12,3.599108543161647,3,"['Ag', 'Al', 'Ca']",Ag-Al-Ca,Ca3Al7Ag2
mp-3240616,Ca2Al3Ag,0.0,-0.353343054166667,0.0,True,True,6,3.53173222947407,3,"['Ag', 'Al', 'Ca']",Ag-Al-Ca,Ca2Al3Ag
mp-3241247,Ca2AlAg2,0.0,-0.33462339,0.0,True,True,5,4.462906088290344,3,"['Ag', 'Al', 'Ca']",Ag-Al-Ca,Ca2AlAg2
mp-3317138,Ca2AlAg6,0.0,-0.268608904444442,0.0,True,True,18,6.916166379191696,3,"['Ag', 'Al', 'Ca']",Ag-Al-Ca,Ca2AlAg6
mp-3328465,CaAl3Ag2,0.0,-0.305727558333333,0.0,True,True,6,4.861530998589925,3,"['Ag', 'Al', 'Ca']",Ag-Al-Ca,CaAl3Ag2
mp-3345131,Ca2Al7Ag,0.0,-0.2808011385,0.0,True,True,10,3.042101523031096,3,"['Ag', 'Al', 'Ca']",Ag-Al-Ca,Ca2Al7Ag
mp-3201768,CaAl2GaAg,0.0,-0.395084650999999,0.0,True,True,5,4.524838554706608,4,"['Ag', 'Al', 'Ca', 'Ga']",Ag-Al-Ca-Ga,CaAl2GaAg
mp-1258227,Ca2AlAgO5,0.0,-2.50547175962963,0.101442790119043,True,False,18,4.066806746108892,4,"['Ag', 'Al', 'Ca', 'O']",Ag-Al-Ca-O,Ca2AlAgO5
mp-677550,Ca5Al12Si12(AgO24)2,2.2072,-3.178303399789029,0.122878309852314,False,False,79,1.597879098621826,5,"['Ag', 'Al', 'Ca', 'O', 'Si']",Ag-Al-Ca-O-Si,Ca5Al12Si12(AgO24)2
mp-686702,Ca4Al11Si13(AgO16)3,2.4986,-3.109347089683544,0.117550068523202,False,False,79,1.657130639852665,5,"['Ag', 'Al', 'Ca', 'O', 'Si']",Ag-Al-Ca-O-Si,Ca4Al11Si13(AgO16)3
mp-706809,Ca2Al11Si13Ag7O48,1.728,-2.862925160144032,0.124605026049385,False,False,81,1.953022681228135,5,"['Ag', 'Al', 'Ca', 'O', 'Si']",Ag-Al-Ca-O-Si,Ca2Al11Si13Ag7O48
mp-3215528,AlCd2AgS4,1.978599999999999,-0.841751209531247,0.0,False,True,16,4.340287248001064,4,"['Ag', 'Al', 'Cd', 'S']",Ag-Al-Cd-S,AlCd2AgS4
mp-3211386,AlCd2AgSe4,1.394499999999999,-0.7479910701562461,0.0,False,True,16,5.240584601902622,4,"['Ag', 'Al', 'Cd', 'Se']",Ag-Al-Cd-Se,AlCd2AgSe4
mp-865968,CeAlAg2,0.0,-0.199525888333331,0.053762931666666,True,False,4,7.422763959969616,3,"['Ag', 'Al', 'Ce']",Ag-Al-Ce,CeAlAg2
mp-3328834,Ce2Al3Ag,0.0,-0.464583157499999,0.0,True,True,6,6.189400391165232,3,"['Ag', 'Al', 'Ce']",Ag-Al-Ce,Ce2Al3Ag
mp-1226637,CeAl2Ag3,0.0,-0.258239522499997,0.0,True,True,6,7.223086911460356,3,"['Ag', 'Al', 'Ce']",Ag-Al-Ce,CeAl2Ag3
mp-1226650,CeAl3Ag,0.0,-0.349742476333332,0.0,True,True,5,5.31349794003353,3,"['Ag', 'Al', 'Ce']",Ag-Al-Ce,CeAl3Ag
mp-3241405,CeAl2GaAg,0.0,-0.498922468999998,0.0,True,True,5,6.090168795883709,4,"['Ag', 'Al', 'Ce', 'Ga']",Ag-Al-Ce-Ga,CeAl2GaAg
mp-3240597,CeAl3AgPd,0.0,-0.6263260175,0.0,True,True,6,6.475399692771626,4,"['Ag', 'Al', 'Ce', 'Pd']",Ag-Al-Ce-Pd,CeAl3AgPd
mp-3240415,CeAl2SiAg,0.0,-0.459269218,0.0,True,True,5,5.574477731562307,4,"['Ag', 'Al', 'Ce', 'Si']",Ag-Al-Ce-Si,CeAl2SiAg
mp-1113621,Cs2AlAgCl6,2.4585,-1.701600587500004,0.0615411657499999,False,False,10,3.643828234604165,4,"['Ag', 'Al', 'Cl', 'Cs']",Ag-Al-Cl-Cs,Cs2AlAgCl6
mp-1111973,K2AlAgCl6,2.4737,-1.832410795616666,0.061772993500002,False,False,10,2.708404236726697,4,"['Ag', 'Al', 'Cl', 'K']",Ag-Al-Cl-K,K2AlAgCl6
mp-1111545,Na2AlAgCl6,2.461,-1.481905871500001,0.151799932999997,False,False,10,2.578888535399861,4,"['Ag', 'Al', 'Cl', 'Na']",Ag-Al-Cl-Na,Na2AlAgCl6
mp-572634,Al2AgCl5O,3.441,-2.005386624351851,0.0,False,True,72,2.436939014793365,4,"['Ag', 'Al', 'Cl', 'O']",Ag-Al-Cl-O,Al2AgCl5O
mp-1111472,Rb2AlAgCl6,2.4448,-1.860683853666666,0.052510366625001,False,False,10,3.209921621566446,4,"['Ag', 'Al', 'Cl', 'Rb']",Ag-Al-Cl-Rb,Rb2AlAgCl6
mp-3213933,AlCr2AgO8,1.3734,-1.910099370416666,0.0,False,True,12,3.934100686209414,4,"['Ag', 'Al', 'Cr', 'O']",Ag-Al-Cr-O,AlCr2AgO8
mp-1228999,AlCr4AgS8,0.0,-1.011209352261903,0.0,True,True,14,3.833068363579046,4,"['Ag', 'Al', 'Cr', 'S']",Ag-Al-Cr-S,AlCr4AgS8
mp-3214088,AlCr8Ag3Se16,0.0,-0.735283287857141,0.0,True,True,28,5.573656026101301,4,"['Ag', 'Al', 'Cr', 'Se']",Ag-Al-Cr-Se,AlCr8Ag3Se16
mp-3214340,AlCr4AgSe8,0.9456,-0.8178143833928571,0.0,False,True,14,5.374031728465381,4,"['Ag', 'Al', 'Cr', 'Se']",Ag-Al-Cr-Se,AlCr4AgSe8
mp-3203552,Cs2(AlAg)5,0.0,-0.071214922916666,0.0,True,True,12,5.495439508349388,3,"['Ag', 'Al', 'Cs']",Ag-Al-Cs,Cs2(AlAg)5
mp-561999,CsAlAgF6,0.0,-2.909561039591315,0.01002712833333,True,False,36,4.318899336369671,4,"['Ag', 'Al', 'Cs', 'F']",Ag-Al-Cs-F,CsAlAgF6
mp-1113614,Cs2AlAgF6,3.4974,-3.0340755550977,0.0,False,True,10,4.914463263131241,4,"['Ag', 'Al', 'Cs', 'F']",Ag-Al-Cs-F,Cs2AlAgF6
mp-3305873,Cs2Al3AgF12,4.1826,-3.43592423361111,0.0,False,True,18,4.296397964113703,4,"['Ag', 'Al', 'Cs', 'F']",Ag-Al-Cs-F,Cs2Al3AgF12
mp-3326659,Cs2Al6AgF21,4.4045,-3.607941833499999,0.0,False,True,30,3.783543852262452,4,"['Ag', 'Al', 'Cs', 'F']",Ag-Al-Cs-F,Cs2Al6AgF21
mp-1045607,AlCu3(AgO3)4,0.0,-0.5767818933333331,0.358332591177083,True,False,20,6.10257345870771,4,"['Ag', 'Al', 'Cu', 'O']",Ag-Al-Cu-O,AlCu3(AgO3)4
mp-1046370,Sr2AlCu2AgO7,0.0,-1.957418767051281,0.118210581923082,True,False,26,5.5299730880357725,5,"['Ag', 'Al', 'Cu', 'O', 'Sr']",Ag-Al-Cu-O-Sr,Sr2AlCu2AgO7
mp-3287154,Dy2(AlAg)5,0.0,-0.355088307083332,0.0,True,True,12,7.387490501141213,3,"['Ag', 'Al', 'Dy']",Ag-Al-Dy,Dy2(AlAg)5
mp-862263,DyAlAg2,0.0,-0.327052793749999,0.000884210027777,True,False,4,8.634454695835776,3,"['Ag', 'Al', 'Dy']",Ag-Al-Dy,DyAlAg2
mp-3319455,Dy6Al7Ag16,0.0,-0.351691391724138,0.0,True,True,29,8.626838317052615,3,"['Ag', 'Al', 'Dy']",Ag-Al-Dy,Dy6Al7Ag16
mp-3230152,Dy3AlAg3Ge2,0.0,-0.677754132222222,0.0,True,True,9,8.819714716024144,4,"['Ag', 'Al', 'Dy', 'Ge']",Ag-Al-Dy-Ge,Dy3AlAg3Ge2
mp-977535,ErAlAg2,0.0,-0.330594085833331,0.0,True,True,4,8.904118512305406,3,"['Ag', 'Al', 'Er']",Ag-Al-Er,ErAlAg2
mp-3321250,Er6Al7Ag16,0.0,-0.342951305172415,0.0,True,True,29,8.83173526060851,3,"['Ag', 'Al', 'Er']",Ag-Al-Er,Er6Al7Ag16
mp-3288491,Eu2(AlAg2)3,0.0,-0.302080144999995,0.0,True,True,22,7.530827051546917,3,"['Ag', 'Al', 'Eu']",Ag-Al-Eu,Eu2(AlAg2)3
mp-1225185,EuAlAg4,0.0,-0.194578347500003,0.047695509444434,True,False,6,8.073368632170327,3,"['Ag', 'Al', 'Eu']",Ag-Al-Eu,EuAlAg4
mp-1225214,EuAl3Ag2,0.0,-0.347617139166667,0.0,True,True,6,6.327243335378011,3,"['Ag', 'Al', 'Eu']",Ag-Al-Eu,EuAl3Ag2
mp-1225217,EuAl2Ag3,0.0,-0.262397057222228,0.038777927777779,True,False,6,6.9366208503100655,3,"['Ag', 'Al', 'Eu']",Ag-Al-Eu,EuAl2Ag3
mp-1225429,Eu2Al3Ag,0.0,-0.393477641249996,0.00862948166667,True,False,6,6.221869939133041,3,"['Ag', 'Al', 'Eu']",Ag-Al-Eu,Eu2Al3Ag
mp-1225828,Eu2(AlAg)5,0.0,-0.325443170416666,0.0,True,True,12,6.830761645722591,3,"['Ag', 'Al', 'Eu']",Ag-Al-Eu,Eu2(AlAg)5
mp-3249291,EuAl2GaAg,0.0,-0.435577920000002,0.0,True,True,5,6.210564154447615,4,"['Ag', 'Al', 'Eu', 'Ga']",Ag-Al-Eu-Ga,EuAl2GaAg
mp-3247853,EuAlGa2Ag,0.0,-0.463363133999999,0.0,True,True,5,6.968112812732739,4,"['Ag', 'Al', 'Eu', 'Ga']",Ag-Al-Eu-Ga,EuAlGa2Ag
mp-1205591,AlAg3F6,0.268099999999999,-2.134454542500006,0.085422551500002,False,False,10,5.232616382497684,3,"['Ag', 'Al', 'F']",Ag-Al-F,AlAg3F6
mp-1214923,AlAgF4,2.4951,-2.902761048750007,0.048623739583337,False,False,24,4.562042300660036,3,"['Ag', 'Al', 'F']",Ag-Al-F,AlAgF4
mp-1111949,K2AlAgF6,3.0675,-3.045985775616666,0.007038170000011,False,False,10,3.497391580281638,4,"['Ag', 'Al', 'F', 'K']",Ag-Al-F-K,K2AlAgF6
mp-1111366,Li2AlAgF6,2.0864,-2.756073626722224,0.308726878499999,False,False,10,3.010735634020704,4,"['Ag', 'Al', 'F', 'Li']",Ag-Al-F-Li,Li2AlAgF6
mp-1111337,Na2AlAgF6,2.2358,-2.881240479125,0.12842412662499,False,False,10,3.320435935192712,4,"['Ag', 'Al', 'F', 'Na']",Ag-Al-F-Na,Na2AlAgF6
mp-1214829,AlNiAg2F7,1.9697,-2.4922114857575752,0.0,False,True,22,5.056321498261953,4,"['Ag', 'Al', 'F', 'Ni']",Ag-Al-F-Ni,AlNiAg2F7
mp-3292381,Rb2Al6AgF21,4.3097,-3.598191912916666,0.0,False,True,30,3.531633254546497,4,"['Ag', 'Al', 'F', 'Rb']",Ag-Al-F-Rb,Rb2Al6AgF21
mp-1110614,Rb2AlAgF6,3.2492,-3.052170508666666,0.0,False,True,10,4.304681971673742,4,"['Ag', 'Al', 'F', 'Rb']",Ag-Al-F-Rb,Rb2AlAgF6
mp-1209335,RbAlAgF6,0.1874,-2.896297992962962,0.018372885666669,False,False,36,4.033120374732114,4,"['Ag', 'Al', 'F', 'Rb']",Ag-Al-F-Rb,RbAlAgF6
mp-3244854,LaAl2GaAg,0.0,-0.546895318,0.0,True,True,5,5.940113614139926,4,"['Ag', 'Al', 'Ga', 'La']",Ag-Al-Ga-La,LaAl2GaAg
mp-3248872,LaAlGa2Ag,0.0,-0.5768622439999971,0.0,True,True,5,6.721798615704318,4,"['Ag', 'Al', 'Ga', 'La']",Ag-Al-Ga-La,LaAlGa2Ag
mp-3251149,NdAl2GaAg,0.0,-0.524535164499999,0.0,True,True,5,6.231315004281024,4,"['Ag', 'Al', 'Ga', 'Nd']",Ag-Al-Ga-Nd,NdAl2GaAg
mp-3251157,TbAlGa2Ag,0.0,-0.516018029000002,0.0,True,True,5,7.608308907321636,4,"['Ag', 'Al', 'Ga', 'Tb']",Ag-Al-Ga-Tb,TbAlGa2Ag
mp-3202678,YAlGa2Ag,0.0,-0.504942704999999,0.0,True,True,5,6.376148656412309,4,"['Ag', 'Al', 'Ga', 'Y']",Ag-Al-Ga-Y,YAlGa2Ag
mp-637182,Gd3Al7Ag2,0.0,-0.488519410833331,0.0,True,True,12,6.195325622783804,3,"['Ag', 'Al', 'Gd']",Ag-Al-Gd,Gd3Al7Ag2
mp-3328433,Gd2Al3Ag,0.0,-0.491917480833331,0.0,True,True,6,6.761838116903677,3,"['Ag', 'Al', 'Gd']",Ag-Al-Gd,Gd2Al3Ag
mp-1219897,Pr5Al4(AgGe2)2,0.0,-0.5579780694444431,0.055095318333327,True,False,15,6.153697629117107,4,"['Ag', 'Al', 'Ge', 'Pr']",Ag-Al-Ge-Pr,Pr5Al4(AgGe2)2
mp-3231416,Tm3AlAg3Ge2,0.0,-0.6611511050000031,0.0,True,True,9,9.278109764637293,4,"['Ag', 'Al', 'Ge', 'Tm']",Ag-Al-Ge-Tm,Tm3AlAg3Ge2
mp-3282568,Hf4Al7Ag,0.0,-0.467626322916667,0.0,True,True,12,8.145308085111807,3,"['Ag', 'Al', 'Hf']",Ag-Al-Hf,Hf4Al7Ag
mp-1224324,Hf2Al3Ag,0.0,-0.411147642499997,0.004684203645844,True,False,6,8.719068372116766,3,"['Ag', 'Al', 'Hf']",Ag-Al-Hf,Hf2Al3Ag
mp-861934,HoAlAg2,0.0,-0.326717519583329,0.0,True,True,4,8.765273938093529,3,"['Ag', 'Al', 'Ho']",Ag-Al-Ho,HoAlAg2
mp-3212483,AlAgI4,3.3645,-0.6385359849999991,0.0,False,True,24,4.265646665755748,3,"['Ag', 'Al', 'I']",Ag-Al-I,AlAgI4
mp-1214863,Al3Si3Ag4IO12,2.364,-2.5295411824637672,0.0,False,True,46,4.071328448219956,5,"['Ag', 'Al', 'I', 'O', 'Si']",Ag-Al-I-O-Si,Al3Si3Ag4IO12
mp-1228698,Al4InAgS8,1.330299999999999,-1.001998377797617,0.056090454047618,False,False,14,3.512968959830848,4,"['Ag', 'Al', 'In', 'S']",Ag-Al-In-S,Al4InAgS8
mp-1228935,AlIn(AgS2)2,1.0686,-0.7298142995312501,0.001991401249998,False,False,8,4.297734585710501,4,"['Ag', 'Al', 'In', 'S']",Ag-Al-In-S,AlIn(AgS2)2
mp-1228721,Al4InAgSe8,0.6835,-0.8813140376785701,0.0,False,True,14,4.431940641130558,4,"['Ag', 'Al', 'In', 'Se']",Ag-Al-In-Se,Al4InAgSe8
mp-1228926,AlIn(AgSe2)2,0.508799999999999,-0.6360703095312481,0.002148663749999,False,False,8,5.147794187247591,4,"['Ag', 'Al', 'In', 'Se']",Ag-Al-In-Se,AlIn(AgSe2)2
mp-1228728,Al4InAgTe8,0.396099999999999,-0.496294700607153,0.010837554464288,False,False,14,4.793011196934193,4,"['Ag', 'Al', 'In', 'Te']",Ag-Al-In-Te,Al4InAgTe8
mp-686585,K6Al11Si13Ag5O48,1.6018,-2.835131890263052,0.170878670225893,False,False,83,1.8452537888106384,5,"['Ag', 'Al', 'K', 'O', 'Si']",Ag-Al-K-O-Si,K6Al11Si13Ag5O48
mp-695452,K2Al11Si13(Ag3O16)3,1.2879,-2.714184495897589,0.130077897068263,False,False,83,2.119905270009877,5,"['Ag', 'Al', 'K', 'O', 'Si']",Ag-Al-K-O-Si,K2Al11Si13(Ag3O16)3
mp-3261407,La2Al7Ag,0.0,-0.446004587999999,0.0,True,True,20,4.539001614699959,3,"['Ag', 'Al', 'La']",Ag-Al-La,La2Al7Ag
mp-3282239,La2(AlAg)5,0.0,-0.401309587916666,0.0,True,True,12,6.60113148702247,3,"['Ag', 'Al', 'La']",Ag-Al-La,La2(AlAg)5
mp-1185007,LaAlAg2,0.0,-0.300839431666666,0.070266585416668,True,False,4,7.059591286680089,3,"['Ag', 'Al', 'La']",Ag-Al-La,LaAlAg2
mp-16766,LaAl2Ag3,0.0,-0.297770308333331,0.068215189999996,True,False,6,6.882276968381353,3,"['Ag', 'Al', 'La']",Ag-Al-La,LaAl2Ag3
mp-3240290,La2Al3Ag,0.0,-0.4904381525,0.0,True,True,6,5.782455598793936,3,"['Ag', 'Al', 'La']",Ag-Al-La,La2Al3Ag
mp-3240529,LaAl3Ag2,0.0,-0.42320836083333,0.0,True,True,6,6.088788748808521,3,"['Ag', 'Al', 'La']",Ag-Al-La,LaAl3Ag2
mp-3327972,LaAl3Ag,0.0,-0.477447741999998,0.0,True,True,5,5.175616120908338,3,"['Ag', 'Al', 'La']",Ag-Al-La,LaAl3Ag
mp-3329067,LaAlAg4,0.0,-0.277261697499999,0.0,True,True,6,8.013461046287233,3,"['Ag', 'Al', 'La']",Ag-Al-La,LaAlAg4
mp-3240485,LaAl3AgPd,0.0,-0.6668469599999981,0.0,True,True,6,6.27854407490814,4,"['Ag', 'Al', 'La', 'Pd']",Ag-Al-La-Pd,LaAl3AgPd
mp-11947,LiAlAg2,0.0,-0.237830734166665,0.0,True,True,4,6.698327906016393,3,"['Ag', 'Al', 'Li']",Ag-Al-Li,LiAlAg2
mp-31168,Li2AlAg,0.0,-0.247168274583334,0.0,True,True,4,4.064221003825025,3,"['Ag', 'Al', 'Li']",Ag-Al-Li,Li2AlAg
mp-3202328,LiAl2AgS4,3.312599999999999,-1.190242526614582,0.0,False,True,8,3.012954827115007,4,"['Ag', 'Al', 'Li', 'S']",Ag-Al-Li-S,LiAl2AgS4
mp-3202960,LiAl2AgTe4,2.3644,-0.651027698958337,0.0,False,True,8,4.649823383338869,4,"['Ag', 'Al', 'Li', 'Te']",Ag-Al-Li-Te,LiAl2AgTe4
mp-976931,LuAlAg2,0.0,-0.342792829166668,0.006698714999998,True,False,4,9.288979667231516,3,"['Ag', 'Al', 'Lu']",Ag-Al-Lu,LuAlAg2
mp-3202047,LuAl2AgPd4,0.0,-0.878565681458333,0.0,True,True,8,10.074182269219028,4,"['Ag', 'Al', 'Lu', 'Pd']",Ag-Al-Lu-Pd,LuAl2AgPd4
mp-570806,Mg30Al24Ag19,0.0,-0.032273761735158,0.093046203972603,True,False,146,4.019285179761384,3,"['Ag', 'Al', 'Mg']",Ag-Al-Mg,Mg30Al24Ag19
mp-1185643,Mg16Al12Ag,0.0,-0.008278617988505,0.016589450344828,True,False,29,2.342971983981452,3,"['Ag', 'Al', 'Mg']",Ag-Al-Mg,Mg16Al12Ag
mp-865489,Mg17Al11Ag,0.0,-0.018628987816091,0.005816035445403,True,False,29,2.33081448084404,3,"['Ag', 'Al', 'Mg']",Ag-Al-Mg,Mg17Al11Ag
mp-865919,MgAlAg2,0.0,-0.167760192083331,0.0,True,True,4,6.596248961474188,3,"['Ag', 'Al', 'Mg']",Ag-Al-Mg,MgAlAg2
mp-31506,Mg32Al36Ag13,0.0,-0.061067787551439,0.020885457654321,True,False,81,3.407999618166977,3,"['Ag', 'Al', 'Mg']",Ag-Al-Mg,Mg32Al36Ag13
mp-1222060,MgAlAg,0.0,-0.128983991388888,0.024628490833332,True,False,12,4.71651344898716,3,"['Ag', 'Al', 'Mg']",Ag-Al-Mg,MgAlAg
mp-2219107,MgAlAg(WO4)2,2.2906,-2.183546621282051,0.237241379487176,False,False,13,6.938561082698423,5,"['Ag', 'Al', 'Mg', 'O', 'W']",Ag-Al-Mg-O-W,MgAlAg(WO4)2
mp-3208711,Na3Al2Ag,0.0,-0.057886422916666,0.0,True,True,24,2.735257398527903,3,"['Ag', 'Al', 'Na']",Ag-Al-Na,Na3Al2Ag
mp-3205371,Na6Al7Ag16,0.0,-0.098249714137931,0.0,True,True,29,6.231010544721546,3,"['Ag', 'Al', 'Na']",Ag-Al-Na,Na6Al7Ag16
mp-677572,Na8Al11Si13(AgO16)3,2.1602,-2.9322906420004142,0.11863185984186,False,False,83,1.684052991835675,5,"['Ag', 'Al', 'Na', 'O', 'Si']",Ag-Al-Na-O-Si,Na8Al11Si13(AgO16)3
mp-686232,Na7Al11Si13(AgO12)4,0.5585,-2.851644918027973,0.163757477710836,False,False,83,1.78442190630304,5,"['Ag', 'Al', 'Na', 'O', 'Si']",Ag-Al-Na-O-Si,Na7Al11Si13(AgO12)4
mp-690987,Na7Al10Si14(AgO16)3,2.3001,-2.9486297460323803,0.111400461211887,False,False,82,1.675478657410439,5,"['Ag', 'Al', 'Na', 'O', 'Si']",Ag-Al-Na-O-Si,Na7Al10Si14(AgO16)3
mp-695373,Na4Al11Si13Ag7O48,1.513199999999999,-2.78116882297812,0.127129971285126,False,False,83,1.963707980695646,5,"['Ag', 'Al', 'Na', 'O', 'Si']",Ag-Al-Na-O-Si,Na4Al11Si13Ag7O48
mp-3207455,Na2AlAgP2,1.5457,-0.543175643492062,0.0,False,True,12,3.439860982209777,4,"['Ag', 'Al', 'Na', 'P']",Ag-Al-Na-P,Na2AlAgP2
mp-1186292,NdAlAg2,0.0,-0.323257088864664,0.040360287598041,True,False,4,7.522213111615509,3,"['Ag', 'Al', 'Nd']",Ag-Al-Nd,NdAlAg2
mp-3305986,NdAl7Ag5,0.0,-0.212942780961537,0.0,True,True,13,6.297491896705757,3,"['Ag', 'Al', 'Nd']",Ag-Al-Nd,NdAl7Ag5
mp-3327222,NdAlAg5,0.0,-0.225078177499999,0.008948158173467,True,False,7,8.77531453680785,3,"['Ag', 'Al', 'Nd']",Ag-Al-Nd,NdAlAg5
mp-3327737,NdAl3Ag,0.0,-0.455473698499997,0.0,True,True,5,5.440054549258291,3,"['Ag', 'Al', 'Nd']",Ag-Al-Nd,NdAl3Ag
mp-3328165,NdAl3Ag2,0.0,-0.40710748625,0.0,True,True,6,6.331938841965633,3,"['Ag', 'Al', 'Nd']",Ag-Al-Nd,NdAl3Ag2
mp-3345590,Nd2(AlAg)5,0.0,-0.387808954166665,0.0,True,True,12,6.850895242990518,3,"['Ag', 'Al', 'Nd']",Ag-Al-Nd,Nd2(AlAg)5
mp-766293,Al11AgO17,3.020899999999999,-3.248198066264368,0.023639298793103,False,False,58,3.560731306824813,3,"['Ag', 'Al', 'O']",Ag-Al-O,Al11AgO17
mp-1239228,AlAgO2,0.252,-1.97396592986979,0.330911166796852,False,False,128,4.681052146389144,3,"['Ag', 'Al', 'O']",Ag-Al-O,AlAgO2
mp-1253488,AlAgO3,0.0622,-1.761097008833333,0.139520041833333,False,False,20,4.898784496633195,3,"['Ag', 'Al', 'O']",Ag-Al-O,AlAgO3
mp-686458,Rb11Al14Si10(AgO16)3,0.1069,-2.817917438691861,0.229390649011624,False,False,86,2.26339515901652,5,"['Ag', 'Al', 'O', 'Rb', 'Si']",Ag-Al-O-Rb-Si,Rb11Al14Si10(AgO16)3
mp-677726,Al12Si12Ag16S5O48,0.0,-2.458759822625447,0.101476265047789,True,False,93,3.779032655914437,5,"['Ag', 'Al', 'O', 'S', 'Si']",Ag-Al-O-S-Si,Al12Si12Ag16S5O48
mp-1337071,AlSi3AgO8,0.0,4.347514791794872,7.322514059615384,True,False,26,3.2863406636487262,4,"['Ag', 'Al', 'O', 'Si']",Ag-Al-O-Si,AlSi3AgO8
mp-1228164,AlSiAgO4,2.5438,-2.685406378095237,0.03430825309524,False,False,42,2.8795765794744232,4,"['Ag', 'Al', 'O', 'Si']",Ag-Al-O-Si,AlSiAgO4
mp-1047169,AlAg(WO4)2,1.5724,-2.038718333472221,0.190147769791655,False,False,12,7.251473479899772,4,"['Ag', 'Al', 'O', 'W']",Ag-Al-O-W,AlAg(WO4)2
mp-1228964,AlAg(PSe3)2,1.6205999999999992,-0.5870029005014871,0.0,False,True,10,4.385035805906184,4,"['Ag', 'Al', 'P', 'Se']",Ag-Al-P-Se,AlAg(PSe3)2
mp-862837,PmAlAg2,0.0,-0.326297171874998,0.0,True,True,4,7.796558636360148,3,"['Ag', 'Al', 'Pm']",Ag-Al-Pm,PmAlAg2
mp-1101762,PrAl2Ag,0.0,-0.413611760833334,0.0,True,True,12,6.069436855905299,3,"['Ag', 'Al', 'Pr']",Ag-Al-Pr,PrAl2Ag
mp-3317264,Pr2(AlAg)5,0.0,-0.385626290694441,0.0,True,True,12,6.740894476928047,3,"['Ag', 'Al', 'Pr']",Ag-Al-Pr,Pr2(AlAg)5
mp-3328455,PrAl3Ag2,0.0,-0.405917178611109,0.0,True,True,6,6.228476084847363,3,"['Ag', 'Al', 'Pr']",Ag-Al-Pr,PrAl3Ag2
mp-1219803,PrAl3Ag,0.0,-0.410090092666667,0.0,True,True,5,5.324966167279082,3,"['Ag', 'Al', 'Pr']",Ag-Al-Pr,PrAl3Ag
mp-1219927,Pr2Al3Ag,0.0,-0.418065155833332,0.012663635000002,True,False,6,5.463728243659412,3,"['Ag', 'Al', 'Pr']",Ag-Al-Pr,Pr2Al3Ag
mp-675325,Al(Ag3S2)3,0.9488,-0.260239715742185,0.054541445937498,False,False,16,5.602808406708189,3,"['Ag', 'Al', 'S']",Ag-Al-S,Al(Ag3S2)3
mp-5782,AlAgS2,1.8992,-0.904003048906249,0.0,False,True,8,3.9002065247624222,3,"['Ag', 'Al', 'S']",Ag-Al-S,AlAgS2
mp-1228170,Al5AgS8,1.5406,-1.111908254583328,0.029918490595239,False,False,14,3.139955004914864,3,"['Ag', 'Al', 'S']",Ag-Al-S,Al5AgS8
mp-3204797,Zr10AlAgSb6,0.0,-0.762114282499999,0.0,True,True,18,7.6811695370330835,4,"['Ag', 'Al', 'Sb', 'Zr']",Ag-Al-Sb-Zr,Zr10AlAgSb6
mp-972907,Sc2AlAg,0.0,-0.369152458749999,0.0,True,True,4,4.661056742006514,3,"['Ag', 'Al', 'Sc']",Ag-Al-Sc,Sc2AlAg
mp-31169,ScAlAg2,0.0,-0.328348003749999,0.0,True,True,4,6.765377841810662,3,"['Ag', 'Al', 'Sc']",Ag-Al-Sc,ScAlAg2
mp-1247813,AlAg7Se5,0.0424,2.352093770072114,2.6785607960576923,False,False,13,0.100697878600463,3,"['Ag', 'Al', 'Se']",Ag-Al-Se,AlAg7Se5
mp-14091,AlAgSe2,1.135199999999999,-0.7432121020312501,0.0,False,True,8,4.941582476882665,3,"['Ag', 'Al', 'Se']",Ag-Al-Se,AlAgSe2
mp-1214959,Al(Ag3Se2)3,0.0,-0.291738269648437,0.0,True,True,64,7.000551288095094,3,"['Ag', 'Al', 'Se']",Ag-Al-Se,Al(Ag3Se2)3
mp-1228963,AlAgSnSe4,1.1072,-0.769702025148809,0.0,False,True,7,4.768387617941063,4,"['Ag', 'Al', 'Se', 'Sn']",Ag-Al-Se-Sn,AlAgSnSe4
mp-1228502,Al2SiAg7,0.0,0.008777393733336,0.066757017933333,True,False,20,8.072558210439794,3,"['Ag', 'Al', 'Si']",Ag-Al-Si,Al2SiAg7
mp-862749,SmAlAg2,0.0,-0.330054905,0.039328794123047,True,False,4,7.99234798112293,3,"['Ag', 'Al', 'Sm']",Ag-Al-Sm,SmAlAg2
mp-3240825,SmAl3Ag2,0.0,-0.397970198333335,0.0,True,True,6,6.519375194192676,3,"['Ag', 'Al', 'Sm']",Ag-Al-Sm,SmAl3Ag2
mp-3311478,Sm2(AlAg)5,0.0,-0.381291267083334,0.0,True,True,12,7.041020328233792,3,"['Ag', 'Al', 'Sm']",Ag-Al-Sm,Sm2(AlAg)5
mp-1219227,Sm2AlAg3,0.0,-0.352011184166665,0.0,True,True,6,8.015090399599885,3,"['Ag', 'Al', 'Sm']",Ag-Al-Sm,Sm2AlAg3
mp-3222604,Sr2Al7Ag,0.0,-0.287893779499998,0.0,True,True,10,3.585845216804873,3,"['Ag', 'Al', 'Sr']",Ag-Al-Sr,Sr2Al7Ag
mp-3239977,SrAlAg4,0.0,-0.228363344999998,0.0,True,True,6,7.16117568725857,3,"['Ag', 'Al', 'Sr']",Ag-Al-Sr,SrAlAg4
mp-3240359,SrAl3Ag2,0.0,-0.299304646666665,0.0,True,True,6,5.282729817916348,3,"['Ag', 'Al', 'Sr']",Ag-Al-Sr,SrAl3Ag2
mp-1218359,SrAl3Ag,0.0,-0.297251676999999,0.0,True,True,5,4.228205135668483,3,"['Ag', 'Al', 'Sr']",Ag-Al-Sr,SrAl3Ag
mp-1218875,Sr2(AlAg)5,0.0,-0.283792917083332,0.0,True,True,12,5.7743748726061215,3,"['Ag', 'Al', 'Sr']",Ag-Al-Sr,Sr2(AlAg)5
mp-977394,TbAlAg2,0.0,-0.327462222499996,0.005857978824077,True,False,4,8.476264338455511,3,"['Ag', 'Al', 'Tb']",Ag-Al-Tb,TbAlAg2
mp-3293810,TbAl7Ag5,0.0,-0.196363692692308,0.0,True,True,13,6.500374480776757,3,"['Ag', 'Al', 'Tb']",Ag-Al-Tb,TbAl7Ag5
mp-3300723,Tb6Al7Ag16,0.0,-0.353867670344827,0.0,True,True,29,8.487237709197284,3,"['Ag', 'Al', 'Tb']",Ag-Al-Tb,Tb6Al7Ag16
mp-1217573,TbAl3Ag,0.0,-0.353569573666665,0.000346980866663,True,False,5,5.820268714749841,3,"['Ag', 'Al', 'Tb']",Ag-Al-Tb,TbAl3Ag
mp-14092,AlAgTe2,1.0469,-0.439261488750002,0.0,False,True,8,5.285977139432593,3,"['Ag', 'Al', 'Te']",Ag-Al-Te,AlAgTe2
mp-3249828,Th4AlAg,0.0,-0.180102010833328,0.0,True,True,6,10.50958497832534,3,"['Ag', 'Al', 'Th']",Ag-Al-Th,Th4AlAg
mp-3246693,Th(AlAg)2,0.0,-0.336126633999998,0.0,True,True,5,8.104145168279615,3,"['Ag', 'Al', 'Th']",Ag-Al-Th,Th(AlAg)2
mp-3247534,Th3Al7Ag2,0.0,-0.421496609166662,0.0,True,True,12,7.457720277826884,3,"['Ag', 'Al', 'Th']",Ag-Al-Th,Th3Al7Ag2
mp-980426,TmAlAg2,0.0,-0.353009867499999,0.0,True,True,4,9.010315312603089,3,"['Ag', 'Al', 'Tm']",Ag-Al-Tm,TmAlAg2
mp-1187708,Y2AlAg,0.0,-0.390029013750002,0.007891503749998,True,False,4,5.385197980938355,3,"['Ag', 'Al', 'Y']",Ag-Al-Y,Y2AlAg
mp-865504,YAlAg2,0.0,-0.344085607499998,0.019086362892679,True,False,4,7.015433313316515,3,"['Ag', 'Al', 'Y']",Ag-Al-Y,YAlAg2
mp-3296011,YAl7Ag5,0.0,-0.191411828846154,0.0,True,True,13,5.9881501100506425,3,"['Ag', 'Al', 'Y']",Ag-Al-Y,YAl7Ag5
mp-3322301,Y2(AlAg)5,0.0,-0.358860577916668,0.0,True,True,12,6.272073598890707,3,"['Ag', 'Al', 'Y']",Ag-Al-Y,Y2(AlAg)5
mp-1215933,YAl3Ag,0.0,-0.395802444853332,0.004861144866662,True,False,5,4.6282447110836165,3,"['Ag', 'Al', 'Y']",Ag-Al-Y,YAl3Ag
mp-1187937,YbAlAg2,0.0,-0.353864611249999,0.011556023749996,True,False,4,9.181341484660162,3,"['Ag', 'Al', 'Yb']",Ag-Al-Yb,YbAlAg2
mp-3231946,YbAl3Ag2,0.0,-0.307492617499998,0.014325439,True,False,6,6.912844521286664,3,"['Ag', 'Al', 'Yb']",Ag-Al-Yb,YbAl3Ag2
mp-3315037,Yb2Al2Ag5,0.0,-0.332740495555558,0.0,True,True,18,8.986898413308955,3,"['Ag', 'Al', 'Yb']",Ag-Al-Yb,Yb2Al2Ag5
mp-3329253,YbAlAg5,0.0,-0.179068158571429,0.03483644571429,True,False,7,9.409825225853348,3,"['Ag', 'Al', 'Yb']",Ag-Al-Yb,YbAlAg5
mp-3211213,Zr2Al3Ag,0.0,-0.5036272058333341,0.0,True,True,6,5.76611189531257,3,"['Ag', 'Al', 'Zr']",Ag-Al-Zr,Zr2Al3Ag
mp-1183178,AgAs,0.0,0.223952004166665,0.223952004166665,True,False,4,7.941189801728027,2,"['Ag', 'As']",Ag-As,AgAs
mp-1183193,Ag3As,0.0,0.0883969775,0.0883969775,True,False,8,9.022950726712232,2,"['Ag', 'As']",Ag-As,Ag3As
mp-3215642,K4AgAs2Au,1.370299999999999,-0.5690607856250001,0.0,False,True,8,4.305427924148777,4,"['Ag', 'As', 'Au', 'K']",Ag-As-Au-K,K4AgAs2Au
mp-3201134,K3Ag(AsAu)2,1.0387,-0.5466145626562481,0.0,False,True,8,5.782120309655525,4,"['Ag', 'As', 'Au', 'K']",Ag-As-Au-K,K3Ag(AsAu)2
mp-3202204,K3Ag2As2Au,1.1692999999999991,-0.5001859632812501,0.0,False,True,8,5.121873715124077,4,"['Ag', 'As', 'Au', 'K']",Ag-As-Au-K,K3Ag2As2Au
mp-3201582,Na4AgAs2Au,0.7942,-0.542974171249999,0.0,False,True,8,5.056328645009065,4,"['Ag', 'As', 'Au', 'Na']",Ag-As-Au-Na,Na4AgAs2Au
mp-3208045,Rb3Ag2As2Au,1.4411,-0.487020388593752,0.0,False,True,8,5.645613662731415,4,"['Ag', 'As', 'Au', 'Rb']",Ag-As-Au-Rb,Rb3Ag2As2Au
mp-3201203,Rb3Ag(AsAu)2,1.3671,-0.5385708704687531,0.0,False,True,8,6.225279200181773,4,"['Ag', 'As', 'Au', 'Rb']",Ag-As-Au-Rb,Rb3Ag(AsAu)2
mp-3202502,Rb4AgAs2Au,1.3628,-0.534125276874998,0.0,False,True,8,5.025186014859137,4,"['Ag', 'As', 'Au', 'Rb']",Ag-As-Au-Rb,Rb4AgAs2Au
mp-7359,BaAgAs,0.0,-0.7835291347222181,0.0,True,True,6,6.3046430192914,3,"['Ag', 'As', 'Ba']",Ag-As-Ba,BaAgAs
mp-3256193,Ba8AgAs5,1.1989,-1.15816201910714,0.0,False,True,14,5.113205813323849,3,"['Ag', 'As', 'Ba']",Ag-As-Ba,Ba8AgAs5
mp-3205980,Ba4Be10AgAs10,0.0,-0.5911274750000001,0.0,True,True,25,5.077260314830747,4,"['Ag', 'As', 'Ba', 'Be']",Ag-As-Ba-Be,Ba4Be10AgAs10
mp-3208976,Ba4Li3AgAs4,0.935,-1.085361677083334,0.0,False,True,12,4.896064228785227,4,"['Ag', 'As', 'Ba', 'Li']",Ag-As-Ba-Li,Ba4Li3AgAs4
mp-3203121,BaLi2(AgAs)2,0.0,-0.7427514833333341,0.0,True,True,7,5.787807794631762,4,"['Ag', 'As', 'Ba', 'Li']",Ag-As-Ba-Li,BaLi2(AgAs)2
mp-3203173,BaLiAgAs2,0.0,-0.804841248333335,0.0,True,True,5,5.837534812402738,4,"['Ag', 'As', 'Ba', 'Li']",Ag-As-Ba-Li,BaLiAgAs2
mp-1228293,Ba4Mn2Ag2As4O17,0.0,-2.183985031179151,0.065861110201129,True,False,29,5.177774016270709,5,"['Ag', 'As', 'Ba', 'Mn', 'O']",Ag-As-Ba-Mn-O,Ba4Mn2Ag2As4O17
mp-2646989,AgAsBr4,1.0937,-0.7347869206944441,0.058629016666668,False,False,12,4.233172720720414,3,"['Ag', 'As', 'Br']",Ag-As-Br,AgAsBr4
mp-1113578,Cs2AgAsBr6,1.116099999999999,-1.322267520847702,0.0,False,True,10,4.676508544950792,4,"['Ag', 'As', 'Br', 'Cs']",Ag-As-Br-Cs,Cs2AgAsBr6
mp-1112001,K2AgAsBr6,0.7592,-1.251376618366666,0.031949832499999,False,False,10,3.746053586939724,4,"['Ag', 'As', 'Br', 'K']",Ag-As-Br-K,K2AgAsBr6
mp-1111192,Na2AgAsBr6,1.0359,-1.059481001192528,0.150597374499999,False,False,10,3.6631686868757822,4,"['Ag', 'As', 'Br', 'Na']",Ag-As-Br-Na,Na2AgAsBr6
mp-1111735,Rb2AgAsBr6,1.0799,-1.289603306416666,0.000632197750001,False,False,10,4.132635607443658,4,"['Ag', 'As', 'Br', 'Rb']",Ag-As-Br-Rb,Rb2AgAsBr6
mp-3213603,Ag6AsS5Br,0.6487,-0.197198888004808,0.0,False,True,26,5.425332573952812,4,"['Ag', 'As', 'Br', 'S']",Ag-As-Br-S,Ag6AsS5Br
mp-554710,AgAsC4S8(N2F3)2,2.6314,-0.7536405849652771,0.1681123378293,False,False,24,2.151915700725737,6,"['Ag', 'As', 'C', 'F', 'N', 'S']",Ag-As-C-F-N-S,AgAsC4S8(N2F3)2
mp-1224735,K12Ag4As8CSe20O,0.6591,-0.743097617403079,0.138104139033816,False,False,46,3.654851580385577,6,"['Ag', 'As', 'C', 'K', 'O', 'Se']",Ag-As-C-K-O-Se,K12Ag4As8CSe20O
mp-1183016,Ag3As2C3Se5N,1.246,0.146864405591516,0.383054171837532,False,False,28,3.696764125983423,5,"['Ag', 'As', 'C', 'N', 'Se']",Ag-As-C-N-Se,Ag3As2C3Se5N
mp-5615,CaAgAs,0.020699999999999,-0.8982986191666661,0.0,False,True,9,5.760752154777389,3,"['Ag', 'As', 'Ca']",Ag-As-Ca,CaAgAs
mp-3323990,Ca8AgAs5,1.312999999999999,-1.227962583392856,0.0,False,True,14,3.667084538826694,3,"['Ag', 'As', 'Ca']",Ag-As-Ca,Ca8AgAs5
mp-3230467,Ca3Ag3GeAs2,0.0,-0.7851754200000011,0.0,True,True,9,5.766457379311965,4,"['Ag', 'As', 'Ca', 'Ge']",Ag-As-Ca-Ge,Ca3Ag3GeAs2
mp-3201876,LiCa3Ag2As3,0.5082,-1.018711233796295,0.0,False,True,9,4.949537385008388,4,"['Ag', 'As', 'Ca', 'Li']",Ag-As-Ca-Li,LiCa3Ag2As3
mp-1361234,CaAgAsO5,0.5504,-1.763352949270833,0.079157868020833,False,False,32,4.453258033730539,4,"['Ag', 'As', 'Ca', 'O']",Ag-As-Ca-O,CaAgAsO5
mp-1213950,CaAgAsO4,1.3007,-2.046540524166666,0.0,False,True,14,4.701051864819798,4,"['Ag', 'As', 'Ca', 'O']",Ag-As-Ca-O,CaAgAsO4
mp-3301368,Nd6Cd16Ag7As,0.0,-0.397960915749998,0.0,True,True,30,8.625548266213674,4,"['Ag', 'As', 'Cd', 'Nd']",Ag-As-Cd-Nd,Nd6Cd16Ag7As
mp-3311900,Nd6Cd22AgAs,0.0,-0.415621031416662,0.0,True,True,30,8.370485171148017,4,"['Ag', 'As', 'Cd', 'Nd']",Ag-As-Cd-Nd,Nd6Cd22AgAs
mp-3240742,CdAgAsPd4,0.0,-0.366399198214285,0.0,True,True,7,10.328654283437627,4,"['Ag', 'As', 'Cd', 'Pd']",Ag-As-Cd-Pd,CdAgAsPd4
mp-672195,CeAgAs2,0.0,-0.7736517529166661,0.002830992499999,True,False,32,7.703691316748875,3,"['Ag', 'As', 'Ce']",Ag-As-Ce,CeAgAs2
mp-1226469,CeZnAgAs2,0.0,-0.6022511193333321,0.035679080493952,True,False,5,6.85094294781528,4,"['Ag', 'As', 'Ce', 'Zn']",Ag-As-Ce-Zn,CeZnAgAs2
mp-1113543,Cs2AgAsCl6,1.5886,-1.5611243658477,0.008311962999999,False,False,10,3.712971088389649,4,"['Ag', 'As', 'Cl', 'Cs']",Ag-As-Cl-Cs,Cs2AgAsCl6
mp-653450,CuAg7As4ClO14,0.217799999999999,-1.099733378024691,0.016858296805563,False,False,54,5.725635810283693,5,"['Ag', 'As', 'Cl', 'Cu', 'O']",Ag-As-Cl-Cu-O,CuAg7As4ClO14
mp-567890,AgHg3As2Cl3,0.7838,-0.412798547962964,0.001369327037036,False,False,54,6.4560127300474335,4,"['Ag', 'As', 'Cl', 'Hg']",Ag-As-Cl-Hg,AgHg3As2Cl3
mp-1112480,K2AgAsCl6,1.519,-1.501012421366666,0.013737397250002,False,False,10,2.798641505746342,4,"['Ag', 'As', 'Cl', 'K']",Ag-As-Cl-K,K2AgAsCl6
mp-1111543,Na2AgAsCl6,1.4895,-1.087198737499999,0.144124062250002,False,False,10,2.669464213927473,4,"['Ag', 'As', 'Cl', 'Na']",Ag-As-Cl-Na,Na2AgAsCl6
mp-1111655,Rb2AgAsCl6,1.2354,-1.535834353416666,0.0,False,True,10,3.283639591315527,4,"['Ag', 'As', 'Cl', 'Rb']",Ag-As-Cl-Rb,Rb2AgAsCl6
mp-3214865,Ag6AsS5Cl,0.7321000000000001,-0.209366049158653,0.0,False,True,26,5.273613827989612,4,"['Ag', 'As', 'Cl', 'S']",Ag-As-Cl-S,Ag6AsS5Cl
mp-1203651,Co3Ag(AsO4)3,0.0,-1.36905366495614,0.07878894355263,True,False,38,4.896396196350873,4,"['Ag', 'As', 'Co', 'O']",Ag-As-Co-O,Co3Ag(AsO4)3
mp-3213367,Cr3Ag2AsSe8,0.0,-0.513355628214284,0.0,True,True,14,5.770149260935891,4,"['Ag', 'As', 'Cr', 'Se']",Ag-As-Cr-Se,Cr3Ag2AsSe8
mp-3202808,Cs3Cu2AgAs2,1.386,-0.3843889212499999,0.0,False,True,8,5.143329053352849,4,"['Ag', 'As', 'Cs', 'Cu']",Ag-As-Cs-Cu,Cs3Cu2AgAs2
mp-3203009,Cs3Cu(AgAs)2,1.538699999999999,-0.411914328124996,0.0,False,True,8,5.289911825603948,4,"['Ag', 'As', 'Cs', 'Cu']",Ag-As-Cs-Cu,Cs3Cu(AgAs)2
mp-3206901,Cs10CuAgAs4,0.246,-0.425365584062497,0.0,False,True,16,4.336581929009383,4,"['Ag', 'As', 'Cs', 'Cu']",Ag-As-Cs-Cu,Cs10CuAgAs4
mp-1114305,Cs2AgAsF6,2.4428,-2.433482206847701,0.055655969333333,False,False,10,4.806353989385961,4,"['Ag', 'As', 'Cs', 'F']",Ag-As-Cs-F,Cs2AgAsF6
mp-3200727,CsK2Ag3As2,1.318,-0.463554073437499,0.0,False,True,8,4.89833330503786,4,"['Ag', 'As', 'Cs', 'K']",Ag-As-Cs-K,CsK2Ag3As2
mp-3206167,Cs3K2AgAs2,0.5878999999999991,-0.4644226696875,0.0,False,True,16,3.780377062125342,4,"['Ag', 'As', 'Cs', 'K']",Ag-As-Cs-K,Cs3K2AgAs2
mp-3201569,Cs4LiAgAs2,1.4082,-0.5227208358333361,0.0,False,True,8,4.439936388776488,4,"['Ag', 'As', 'Cs', 'Li']",Ag-As-Cs-Li,Cs4LiAgAs2
mp-3202833,Cs4NaAgAs2,1.0951,-0.47072044375,0.0,False,True,8,4.307014294097643,4,"['Ag', 'As', 'Cs', 'Na']",Ag-As-Cs-Na,Cs4NaAgAs2
mp-3201123,CsRb2Ag3As2,1.5811,-0.447534009062501,0.0,False,True,8,5.218292311017363,4,"['Ag', 'As', 'Cs', 'Rb']",Ag-As-Cs-Rb,CsRb2Ag3As2
mp-3203356,Cs3Rb2AgAs2,0.4519,-0.447468409062501,0.0,False,True,16,4.08657554420996,4,"['Ag', 'As', 'Cs', 'Rb']",Ag-As-Cs-Rb,Cs3Rb2AgAs2
mp-561622,Cs2AgAsS4,1.5615,-0.879610696059625,0.0,False,True,16,3.7269888928444,4,"['Ag', 'As', 'Cs', 'S']",Ag-As-Cs-S,Cs2AgAsS4
mp-866615,CsAg2AsS3,1.65,-0.6509650747126421,0.0,False,True,28,4.343555017706292,4,"['Ag', 'As', 'Cs', 'S']",Ag-As-Cs-S,CsAg2AsS3
mp-1199633,Cs3Ag(AsSe2)4,1.604299999999999,-0.7500006694926361,0.0,False,True,64,4.020034588575883,4,"['Ag', 'As', 'Cs', 'Se']",Ag-As-Cs-Se,Cs3Ag(AsSe2)4
mp-3294253,CsAg2AsSe3,1.485199999999999,-0.511957021741072,0.0,False,True,28,5.240956395379586,4,"['Ag', 'As', 'Cs', 'Se']",Ag-As-Cs-Se,CsAg2AsSe3
mp-532348,Cu29(Ag6As7)2,0.025599999999999,0.041034129636364,0.041034129636365,False,False,110,8.332336733662027,3,"['Ag', 'As', 'Cu']",Ag-As-Cu,Cu29(Ag6As7)2
mp-1213465,CuAgAs2H3O8,0.4955,-1.301473553527777,0.008110963319449,False,False,60,4.244234053325488,5,"['Ag', 'As', 'Cu', 'H', 'O']",Ag-As-Cu-H-O,CuAgAs2H3O8
mp-1229314,CuAg64Hg3(As4S15)4,1.227599999999999,-0.293557251765045,0.007491726209488,False,False,144,5.523672383798107,5,"['Ag', 'As', 'Cu', 'Hg', 'S']",Ag-As-Cu-Hg-S,CuAg64Hg3(As4S15)4
mp-556402,CuAg5As3O11,0.009399999999999,-1.115236050041666,0.001866045687513,False,False,40,5.817543226702207,4,"['Ag', 'As', 'Cu', 'O']",Ag-As-Cu-O,CuAg5As3O11
mp-14455,Cu4Ag(AsO4)3,0.0,-1.270682493458333,0.0,True,True,40,5.047883488444866,4,"['Ag', 'As', 'Cu', 'O']",Ag-As-Cu-O,Cu4Ag(AsO4)3
mp-1195958,CuAg(AsO4)2,0.0,-1.0369891832638891,0.130933015555554,True,False,48,4.671125401764424,4,"['Ag', 'As', 'Cu', 'O']",Ag-As-Cu-O,CuAg(AsO4)2
mp-3201396,Rb3Cu2AgAs2,1.5178,-0.38232044671875,0.0,False,True,8,4.715245020577322,4,"['Ag', 'As', 'Cu', 'Rb']",Ag-As-Cu-Rb,Rb3Cu2AgAs2
mp-3206427,Rb10CuAgAs4,0.2681,-0.420855927968748,0.0,False,True,16,3.589165414796408,4,"['Ag', 'As', 'Cu', 'Rb']",Ag-As-Cu-Rb,Rb10CuAgAs4
mp-21330,EuAgAs,0.0,-0.7703992797222251,0.0,True,True,6,7.794163947536544,3,"['Ag', 'As', 'Eu']",Ag-As-Eu,EuAgAs
mp-3230943,NaEu2(AgAs)3,0.0,-0.7403318347222181,0.0,True,True,9,7.386511698384461,4,"['Ag', 'As', 'Eu', 'Na']",Ag-As-Eu-Na,NaEu2(AgAs)3
mp-2749579,Ag3AsF12,0.153999999999999,-1.6250313542187491,0.0,False,True,16,4.658310798461213,3,"['Ag', 'As', 'F']",Ag-As-F,Ag3AsF12
mp-37153,AgAsF6,1.680599999999999,-2.201692029895833,0.0,False,True,8,3.433120375475912,3,"['Ag', 'As', 'F']",Ag-As-F,AgAsF6
mp-4807,AgAsF7,0.0,-2.106714636851853,0.0,True,True,36,3.991314697792224,3,"['Ag', 'As', 'F']",Ag-As-F,AgAsF7
mp-1213657,Fe4AgAs(XeF3)2,0.1914,-1.256441652083333,0.437171669880952,False,False,28,4.070542437584575,5,"['Ag', 'As', 'F', 'Fe', 'Xe']",Ag-As-F-Fe-Xe,Fe4AgAs(XeF3)2
mp-1112290,K2AgAsF6,2.2292,-2.406359153366666,0.077298541395836,False,False,10,3.470925579640678,4,"['Ag', 'As', 'F', 'K']",Ag-As-F-K,K2AgAsF6
mp-1111365,Li2AgAsF6,1.8182,-2.099296565583333,0.421820469458333,False,False,10,3.013724301862698,4,"['Ag', 'As', 'F', 'Li']",Ag-As-F-Li,Li2AgAsF6
mp-649756,AgAsS6N4(OF3)2,1.8836,-0.991447392583333,0.263455570948213,False,False,80,2.607000566421502,6,"['Ag', 'As', 'F', 'N', 'O', 'S']",Ag-As-F-N-O-S,AgAsS6N4(OF3)2
mp-1196797,AgAsS16N16(O4F3)2,1.8455,-0.400814004670138,0.481663084640145,False,False,96,2.229027842443495,6,"['Ag', 'As', 'F', 'N', 'O', 'S']",Ag-As-F-N-O-S,AgAsS16N16(O4F3)2
mp-1111093,Na2AgAsF6,1.940599999999999,-2.230443554192528,0.219426451958333,False,False,10,3.298097269052593,4,"['Ag', 'As', 'F', 'Na']",Ag-As-F-Na,Na2AgAsF6
mp-3205247,NbAg2AsF12,2.528,-2.37211050640625,0.0,False,True,16,4.241863835437984,4,"['Ag', 'As', 'F', 'Nb']",Ag-As-F-Nb,NbAg2AsF12
mp-3207607,Ag2AsOsF12,1.3121,-1.906120297031249,0.0,False,True,16,5.094511258876856,4,"['Ag', 'As', 'F', 'Os']",Ag-As-F-Os,Ag2AsOsF12
mp-3252018,PmAgAsF,0.227299999999999,-2.033938152499999,0.0,False,True,8,7.935987465622754,4,"['Ag', 'As', 'F', 'Pm']",Ag-As-F-Pm,PmAgAsF
mp-1110613,Rb2AgAsF6,2.326699999999999,-2.429388063416666,0.047515893833335,False,False,10,4.201234235320557,4,"['Ag', 'As', 'F', 'Rb']",Ag-As-F-Rb,Rb2AgAsF6
mp-3208414,Ag2AsRhF12,0.016999999999999,-1.80466515828125,0.0,False,True,16,4.801504145353141,4,"['Ag', 'As', 'F', 'Rh']",Ag-As-F-Rh,Ag2AsRhF12
mp-3206242,Ag2AsRuF12,0.7237,-1.922609869843751,0.0,False,True,16,4.545923410377007,4,"['Ag', 'As', 'F', 'Ru']",Ag-As-F-Ru,Ag2AsRuF12
mp-556837,AgAs(S8F3)2,2.765,-1.08640704392361,0.0,False,True,48,2.248149587717321,4,"['Ag', 'As', 'F', 'S']",Ag-As-F-S,AgAs(S8F3)2
mp-1191037,AgAs(SeF2)3,1.6736,-1.639903242836174,0.0,False,True,22,4.291903451511375,4,"['Ag', 'As', 'F', 'Se']",Ag-As-F-Se,AgAs(SeF2)3
mp-3210505,TaAg2AsF12,2.9762,-2.468314906864584,0.0,False,True,16,4.84911815180971,4,"['Ag', 'As', 'F', 'Ta']",Ag-As-F-Ta,TaAg2AsF12
mp-557631,AgAs(XeF5)2,1.4049,-1.604767044940475,0.01257865589286,False,False,28,4.248135792778018,4,"['Ag', 'As', 'F', 'Xe']",Ag-As-F-Xe,AgAs(XeF5)2
mp-1181427,FeAgAs(S2N3)2,0.0846,0.5310310069871781,0.8364753603205161,False,False,26,2.271628066909093,5,"['Ag', 'As', 'Fe', 'N', 'S']",Ag-As-Fe-N-S,FeAgAs(S2N3)2
mp-1220973,Na5Fe3Ag2(As2O7)4,1.8185,-1.725254300331084,0.006018827937573,False,False,92,3.967366548142066,5,"['Ag', 'As', 'Fe', 'Na', 'O']",Ag-As-Fe-Na-O,Na5Fe3Ag2(As2O7)4
mp-542292,Mn3AgAs3(HO6)2,1.4337,-1.71578699168856,0.0,False,True,42,4.63110777879584,5,"['Ag', 'As', 'H', 'Mn', 'O']",Ag-As-H-Mn-O,Mn3AgAs3(HO6)2
mp-985701,AgAs3H2O9,0.8362,-1.416317224111112,0.0,False,True,30,4.254863694990965,4,"['Ag', 'As', 'H', 'O']",Ag-As-H-O,AgAs3H2O9
mp-3208679,Sr3AgAs2H,1.207699999999999,-1.032525643392858,0.0,False,True,28,4.9367892857372535,4,"['Ag', 'As', 'H', 'Sr']",Ag-As-H-Sr,Sr3AgAs2H
mp-23592,Ag2Hg7(As2I3)2,0.8340999999999991,-0.283995160701756,0.001245535263156,False,False,76,7.107699751541366,4,"['Ag', 'As', 'Hg', 'I']",Ag-As-Hg-I,Ag2Hg7(As2I3)2
mp-558188,AgHg2AsO4,0.738599999999999,-1.054451005520835,0.0,False,True,32,8.03125126453621,4,"['Ag', 'As', 'Hg', 'O']",Ag-As-Hg-O,AgHg2AsO4
mp-3332136,Ag3HgAsO4,1.250499999999999,-0.7250771299999971,0.0,False,True,9,7.882012929507025,4,"['Ag', 'As', 'Hg', 'O']",Ag-As-Hg-O,Ag3HgAsO4
mp-1229053,AgHgAsO4,0.0,-1.131254678809524,0.00372296404762,True,False,14,6.934570546690842,4,"['Ag', 'As', 'Hg', 'O']",Ag-As-Hg-O,AgHgAsO4
mp-1215006,Ag8Hg(AsO5)2,0.0484,-0.7481854236111101,0.094474248690475,False,False,42,6.366976920283623,4,"['Ag', 'As', 'Hg', 'O']",Ag-As-Hg-O,Ag8Hg(AsO5)2
mp-6215,AgHgAsS3,1.2453,-0.364428084027777,0.0,False,True,12,5.838973114425365,4,"['Ag', 'As', 'Hg', 'S']",Ag-As-Hg-S,AgHgAsS3
mp-1215118,Ag16HgAs4S15,1.1099,-0.294170957893517,0.005915221319444,False,False,144,5.570459025123106,4,"['Ag', 'As', 'Hg', 'S']",Ag-As-Hg-S,Ag16HgAs4S15
mp-1199256,Ag13As3(IO3)4,0.333299999999999,-0.833353502786457,0.006591958281249,False,False,64,6.326434411630355,4,"['Ag', 'As', 'I', 'O']",Ag-As-I-O,Ag13As3(IO3)4
mp-3209778,Ag6AsS5I,0.5709999999999991,-0.177101577620192,0.0,False,True,26,5.553811732808376,4,"['Ag', 'As', 'I', 'S']",Ag-As-I-S,Ag6AsS5I
mp-7642,K2AgAs,1.0719,-0.384078838416666,0.0,False,True,8,3.640006601411066,3,"['Ag', 'As', 'K']",Ag-As-K,K2AgAs
mp-14206,K3Ag3As2,1.2533,-0.350068366468748,0.0,False,True,8,4.425705732686266,3,"['Ag', 'As', 'K']",Ag-As-K,K3Ag3As2
mp-3201955,K4LiAgAs2,1.4152,-0.556963395208333,0.0,False,True,8,2.9241371613530003,4,"['Ag', 'As', 'K', 'Li']",Ag-As-K-Li,K4LiAgAs2
mp-12015,KAg2AsO4,0.2116,-1.346676018510416,0.0,False,True,8,5.02647328165964,4,"['Ag', 'As', 'K', 'O']",Ag-As-K-O,KAg2AsO4
mp-3201973,K2RbAg3As2,1.3816,-0.454290034843749,0.0,False,True,8,4.689342451087998,4,"['Ag', 'As', 'K', 'Rb']",Ag-As-K-Rb,K2RbAg3As2
mp-3205402,K2Rb3AgAs2,0.5303,-0.460062845156249,0.0,False,True,16,3.295193611023109,4,"['Ag', 'As', 'K', 'Rb']",Ag-As-K-Rb,K2Rb3AgAs2
mp-561304,KAg3As2S5,1.7252,-0.533055830772726,0.0,False,True,88,4.128812779347776,4,"['Ag', 'As', 'K', 'S']",Ag-As-K-S,KAg3As2S5
mp-3310926,KAg2AsS3,1.9002,-0.508035347812498,0.0,False,True,28,4.072957808294804,4,"['Ag', 'As', 'K', 'S']",Ag-As-K-S,KAg2AsS3
mp-3276733,KAg2AsSe3,1.601,-0.477714734776786,0.0,False,True,28,5.001898445812292,4,"['Ag', 'As', 'K', 'Se']",Ag-As-K-Se,KAg2AsSe3
mp-541915,K2Ag(AsSe2)3,1.4009999999999991,-0.6917360118940971,0.0,False,True,48,4.004098921533341,4,"['Ag', 'As', 'K', 'Se']",Ag-As-K-Se,K2Ag(AsSe2)3
mp-570836,K5Ag2(AsSe3)3,0.9519999999999992,-0.846303704377741,0.0,False,True,76,3.788103666990278,4,"['Ag', 'As', 'K', 'Se']",Ag-As-K-Se,K5Ag2(AsSe3)3
mp-1198391,LaAgAs2,0.0,-0.8253020401041661,0.0,True,True,32,7.06598378399889,3,"['Ag', 'As', 'La']",Ag-As-La,LaAgAs2
mp-1207354,La2AgAs3,0.124499999999999,2.029051467638888,3.098647249791669,False,False,6,0.204998047997549,3,"['Ag', 'As', 'La']",Ag-As-La,La2AgAs3
mp-3249419,LiLa(AgAs)2,0.428099999999999,-0.8268970694444421,0.0,False,True,6,6.987628047786672,4,"['Ag', 'As', 'La', 'Li']",Ag-As-La-Li,LiLa(AgAs)2
mp-1222706,LaZnAgAs2,0.247799999999999,-0.6840891263333331,0.014626148194444,False,False,5,6.582679852319383,4,"['Ag', 'As', 'La', 'Zn']",Ag-As-La-Zn,LaZnAgAs2
mp-1097442,Li2AgAs,0.9152999999999992,0.70401470328125,1.271683262239582,False,False,4,0.383634772841751,3,"['Ag', 'As', 'Li']",Ag-As-Li,Li2AgAs
mp-3253300,Li2NdAgAs2,0.513899999999999,-0.9848615701388892,0.0,False,True,6,6.010957235148076,4,"['Ag', 'As', 'Li', 'Nd']",Ag-As-Li-Nd,Li2NdAgAs2
mp-3245956,Li2PrAgAs2,0.487999999999999,-0.9817655875,0.0,False,True,6,5.888258940249009,4,"['Ag', 'As', 'Li', 'Pr']",Ag-As-Li-Pr,Li2PrAgAs2
mp-3203210,SrLi2(AgAs)2,0.0,-0.7414502154761891,0.0,True,True,7,5.572212600285223,4,"['Ag', 'As', 'Li', 'Sr']",Ag-As-Li-Sr,SrLi2(AgAs)2
mp-3253241,LiThAgAs2,1.192999999999999,-0.9852569633333332,0.0,False,True,5,7.34841957140748,4,"['Ag', 'As', 'Li', 'Th']",Ag-As-Li-Th,LiThAgAs2
mp-3477,MgAgAs,0.0,-0.193409814722221,0.14351466486111,True,False,3,5.506458656759926,3,"['Ag', 'As', 'Mg']",Ag-As-Mg,MgAgAs
mp-1221011,NaMg4Ag3As4,0.0673,-0.145406449698275,0.261353448229166,False,False,12,4.679243569155326,4,"['Ag', 'As', 'Mg', 'Na']",Ag-As-Mg-Na,NaMg4Ag3As4
mp-1362377,MgAgAsO5,0.6807000000000001,-1.544698606770834,0.137305618020835,False,False,32,4.208921258892948,4,"['Ag', 'As', 'Mg', 'O']",Ag-As-Mg-O,MgAgAsO5
mp-2228497,MgAg3(AsO4)2,0.0,-1.29020348892857,0.170850031428588,True,False,14,4.322441358217835,4,"['Ag', 'As', 'Mg', 'O']",Ag-As-Mg-O,MgAg3(AsO4)2
mp-2218858,MgAg4(AsS)4,0.0,-0.225885358589743,0.204835986554487,True,False,13,4.876265040556307,4,"['Ag', 'As', 'Mg', 'S']",Ag-As-Mg-S,MgAg4(AsS)4
mp-1355420,Ag3Mo3AsO13,0.0,-0.087349353375,1.453038696062501,True,False,40,5.235736130317534,4,"['Ag', 'As', 'Mo', 'O']",Ag-As-Mo-O,Ag3Mo3AsO13
mp-1229143,AgMoAsO6,2.019,-1.545089119629629,0.015702411805555,False,False,36,4.937181814300375,4,"['Ag', 'As', 'Mo', 'O']",Ag-As-Mo-O,AgMoAsO6
mp-733466,Ag2As3S6N,0.0,0.31730994855903,0.455957346840275,True,False,48,3.577168441202507,4,"['Ag', 'As', 'N', 'S']",Ag-As-N-S,Ag2As3S6N
mp-1080805,Ag2AsS4N,0.0,0.536835336542969,0.6471504663541651,True,False,8,3.910688869017461,4,"['Ag', 'As', 'N', 'S']",Ag-As-N-S,Ag2AsS4N
mp-8411,Na2AgAs,0.7266,-0.476849584375001,0.0,False,True,8,4.196562005158032,3,"['Ag', 'As', 'Na']",Ag-As-Na,Na2AgAs
mp-864793,NdAgAs2,0.0,-0.902002909999996,0.0,True,True,16,7.605834545811606,3,"['Ag', 'As', 'Nd']",Ag-As-Nd,NdAgAs2
mp-729516,Ag2As2O7,0.0,-1.118627353939393,0.03995779890909,True,False,44,5.158992142424909,3,"['Ag', 'As', 'O']",Ag-As-O,Ag2As2O7
mp-5408,Ag3AsO4,0.0,-0.962176703437498,0.001830611875,True,False,16,6.623866544273742,3,"['Ag', 'As', 'O']",Ag-As-O,Ag3AsO4
mp-558950,AgAsO3,0.5930000000000001,-1.243945944583333,0.0257653142499999,False,False,120,5.320519664379105,3,"['Ag', 'As', 'O']",Ag-As-O,AgAsO3
mp-997022,AgAsO2,2.3783,-1.157919233541666,0.048772378888889,False,False,8,5.066045767798683,3,"['Ag', 'As', 'O']",Ag-As-O,AgAsO2
mp-3310553,Ag(AsO3)2,0.0,-1.059667038055555,0.0,True,True,36,5.9490087323451455,3,"['Ag', 'As', 'O']",Ag-As-O,Ag(AsO3)2
mp-35320,Ag3(AsO4)2,0.0,-1.021715522307691,0.029466763615383,True,False,13,4.694873581028049,3,"['Ag', 'As', 'O']",Ag-As-O,Ag3(AsO4)2
mp-1215023,Ag2AsO2,0.0,-0.152529003166665,0.8128242867777791,True,False,20,3.913921752639735,3,"['Ag', 'As', 'O']",Ag-As-O,Ag2AsO2
mp-1215111,Ag3Te(AsO7)2,0.0,-0.6869635645833321,0.267007354749998,True,False,40,4.590097865890619,4,"['Ag', 'As', 'O', 'Te']",Ag-As-O-Te,Ag3Te(AsO7)2
mp-645095,UAg3(AsO4)3,1.1053,-1.7482236090789471,0.014638819210528,False,False,152,5.655430411895923,4,"['Ag', 'As', 'O', 'U']",Ag-As-O-U,UAg3(AsO4)3
mp-3268832,VAg6AsO8,0.7483999999999991,-1.009451410781247,0.0,False,True,16,6.414459001047006,4,"['Ag', 'As', 'O', 'V']",Ag-As-O-V,VAg6AsO8
mp-1188566,VAg2AsO6,1.613099999999999,-1.496258252583333,0.016075591749999,False,False,20,5.258269581993509,4,"['Ag', 'As', 'O', 'V']",Ag-As-O-V,VAg2AsO6
mp-1204976,V2Ag6As2O13,0.9909,-1.35738644021739,0.016969173478251,False,False,46,5.7445234147667295,4,"['Ag', 'As', 'O', 'V']",Ag-As-O-V,V2Ag6As2O13
mp-3245495,YbAgAsO4,0.0,-1.752571506071427,0.327093413273811,True,False,14,7.42579166574363,4,"['Ag', 'As', 'O', 'Yb']",Ag-As-O-Yb,YbAgAsO4
mp-1357139,ZnAgAsO5,0.3494,-1.250092923333332,0.067409769661463,False,False,32,4.665130105538157,4,"['Ag', 'As', 'O', 'Zn']",Ag-As-O-Zn,ZnAgAsO5
mp-1197075,Zn3Ag(AsO4)3,0.0,-1.47541635258772,0.090196761370616,True,False,38,4.92614758529259,4,"['Ag', 'As', 'O', 'Zn']",Ag-As-O-Zn,Zn3Ag(AsO4)3
mp-3318201,Zn2Ag(AsO4)2,0.6142999999999991,-1.301201277692307,0.0,False,True,13,5.193520098377613,4,"['Ag', 'As', 'O', 'Zn']",Ag-As-O-Zn,Zn2Ag(AsO4)2
mp-3215565,Zr2Ag(AsO4)3,3.5461,-2.08253151625,0.0,False,True,36,4.098143096400122,4,"['Ag', 'As', 'O', 'Zr']",Ag-As-O-Zr,Zr2Ag(AsO4)3
mp-3210773,AgAs(PSe3)2,1.5782,-0.138862562282739,0.0,False,True,20,4.634076309906863,4,"['Ag', 'As', 'P', 'Se']",Ag-As-P-Se,AgAs(PSe3)2
mp-22665,AgAsPbS3,1.385999999999999,-0.49983294361111,0.0,False,True,24,5.493035443621214,4,"['Ag', 'As', 'Pb', 'S']",Ag-As-Pb-S,AgAsPbS3
mp-677611,TlAgAs2PbS5,1.4998999999999991,-0.508144277249999,0.0,False,True,20,5.429670583627168,5,"['Ag', 'As', 'Pb', 'S', 'Tl']",Ag-As-Pb-S-Tl,TlAgAs2PbS5
mp-4308,PrAgAs2,0.0,-0.7611780233333331,0.0,True,True,16,7.427128758672805,3,"['Ag', 'As', 'Pr']",Ag-As-Pr,PrAgAs2
mp-1219712,PrZnAgAs2,0.065599999999999,-0.623803457666667,0.028840824604167,False,False,5,6.731109896172739,4,"['Ag', 'As', 'Pr', 'Zn']",Ag-As-Pr-Zn,PrZnAgAs2
mp-3210550,RbAg2AsS3,1.8293,-0.516494547812499,0.0,False,True,28,4.3560337299939365,4,"['Ag', 'As', 'Rb', 'S']",Ag-As-Rb-S,RbAg2AsS3
mp-3283956,RbAg2AsSe3,1.4531,-0.495800597991071,0.0,False,True,28,5.138733274701686,4,"['Ag', 'As', 'Rb', 'Se']",Ag-As-Rb-Se,RbAg2AsSe3
mp-541916,Rb2Ag(AsSe2)3,1.4299,-0.70040900047743,0.0,False,True,48,4.189968390002707,4,"['Ag', 'As', 'Rb', 'Se']",Ag-As-Rb-Se,Rb2Ag(AsSe2)3
mp-570593,RbAg2(AsSe2)3,1.201299999999999,-0.5269207643663201,0.0,False,True,48,4.912398086331313,4,"['Ag', 'As', 'Rb', 'Se']",Ag-As-Rb-Se,RbAg2(AsSe2)3
mp-631567,AgAsRu2,0.0,0.493404966458335,0.664681081458333,True,False,4,10.185426461398478,3,"['Ag', 'As', 'Ru']",Ag-As-Ru,AgAsRu2
mp-13740,AgAsS2,1.4968,-0.157485410156247,0.001087975624999,False,False,24,4.454054201829025,3,"['Ag', 'As', 'S']",Ag-As-S,AgAsS2
mp-555843,Ag3AsS3,1.6989,-0.139178357633923,0.02086887857143,False,False,14,4.820572054822076,3,"['Ag', 'As', 'S']",Ag-As-S,Ag3AsS3
mp-9538,Ag3AsS4,0.3576,-0.141018007968748,0.0,False,True,16,4.841724156265268,3,"['Ag', 'As', 'S']",Ag-As-S,Ag3AsS4
mp-984714,AgAsS,0.0,-0.112578582395831,0.011902601319444,True,False,12,4.876732488134934,3,"['Ag', 'As', 'S']",Ag-As-S,AgAsS
mp-15077,Ag7AsS6,0.7299000000000001,-0.125769721562499,0.005543654107141,False,False,56,5.62606129032458,3,"['Ag', 'As', 'S']",Ag-As-S,Ag7AsS6
mp-1197575,Ag2AsS2,0.533399999999999,-0.146347212812494,0.003030207645833,False,False,40,5.345360682313937,3,"['Ag', 'As', 'S']",Ag-As-S,Ag2AsS2
mp-1229145,Ag6SbAsS6,1.441999999999999,-0.178491079419645,0.004927204999997,False,False,14,5.317828429409702,4,"['Ag', 'As', 'S', 'Sb']",Ag-As-S-Sb,Ag6SbAsS6
mp-1229180,Ag8Sb5As3S16,1.0255,-0.200290888281251,0.015493755703124,False,False,32,5.107624690147718,4,"['Ag', 'As', 'S', 'Sb']",Ag-As-S-Sb,Ag8Sb5As3S16
mp-3213126,SrAgAsS3,1.887,-0.943778351822918,0.0,False,True,24,4.168588601009747,4,"['Ag', 'As', 'S', 'Sr']",Ag-As-S-Sr,SrAgAsS3
mp-3204777,TaAg6AsS8,1.1450999999999991,-0.345871748895829,0.0,False,True,16,5.226652805556415,4,"['Ag', 'As', 'S', 'Ta']",Ag-As-S-Ta,TaAg6AsS8
mp-583184,Tl3Ag3(AsS3)2,1.2454,-0.434354706428572,0.0,False,True,56,5.941960629174071,4,"['Ag', 'As', 'S', 'Tl']",Ag-As-S-Tl,Tl3Ag3(AsS3)2
mp-662599,Ag3AsSe3,0.9037,-0.302367482433035,0.0,False,True,84,6.331067758862241,3,"['Ag', 'As', 'Se']",Ag-As-Se,Ag3AsSe3
mp-985442,AgAsSe,0.0,-0.218942903836805,0.016807346666668,True,False,12,5.459497523124781,3,"['Ag', 'As', 'Se']",Ag-As-Se,AgAsSe
mp-1200563,Ag7AsSe6,0.0,-0.273260945052082,0.0,True,True,56,6.4157744891725175,3,"['Ag', 'As', 'Se']",Ag-As-Se,Ag7AsSe6
mp-4483,AgAsSe2,0.0,-0.301251628463541,0.051942090833334,True,False,4,6.446551481834722,3,"['Ag', 'As', 'Se']",Ag-As-Se,AgAsSe2
mp-1215094,Ag(AsSe2)3,0.0,1.099221675177083,1.456981329120538,True,False,10,0.264466473330367,3,"['Ag', 'As', 'Se']",Ag-As-Se,Ag(AsSe2)3
mp-3211882,Si3Ag3(SnAs3)2,0.661999999999999,-0.108405291071428,0.0,False,True,28,5.841622610051396,4,"['Ag', 'As', 'Si', 'Sn']",Ag-As-Si-Sn,Si3Ag3(SnAs3)2
mp-867175,SmAgAs2,0.0,-0.895839380624998,0.003573997499998,True,False,16,7.917153716931768,3,"['Ag', 'As', 'Sm']",Ag-As-Sm,SmAgAs2
mp-1218973,SmZnAgAs2,0.1562,-0.624403240333333,0.03951588736979,False,False,5,7.096225656215846,4,"['Ag', 'As', 'Sm', 'Zn']",Ag-As-Sm-Zn,SmZnAgAs2
mp-3212551,Sr6AgSn8As,0.2371,-0.6914746379687521,0.0,False,True,16,5.547098972158286,4,"['Ag', 'As', 'Sn', 'Sr']",Ag-As-Sn-Sr,Sr6AgSn8As
mp-6954,SrAgAs,0.0,-0.911668334166667,0.0,True,True,6,6.003325513791049,3,"['Ag', 'As', 'Sr']",Ag-As-Sr,SrAgAs
mp-3312066,Sr8AgAs5,1.3195,-1.196345214821428,0.0,False,True,14,4.536290994802115,3,"['Ag', 'As', 'Sr']",Ag-As-Sr,Sr8AgAs5
mp-1186868,TbAgAs2,0.0,-0.7471907358333321,0.014766695208334,True,False,16,8.247285287486418,3,"['Ag', 'As', 'Tb']",Ag-As-Tb,TbAgAs2
mp-1217412,TbZnAgAs2,0.235999999999999,-0.6134576366666661,0.054362513369792,False,False,5,7.372893854163883,4,"['Ag', 'As', 'Tb', 'Zn']",Ag-As-Tb-Zn,TbZnAgAs2
mp-1229256,Ag32Te20As3,0.0,0.213518611060602,0.296776285,True,False,55,7.113380380907173,3,"['Ag', 'As', 'Te']",Ag-As-Te,Ag32Te20As3
mp-3251879,Yb8AgAs5,0.0,-1.079767327678569,0.233713789999999,True,False,14,9.06237614842708,3,"['Ag', 'As', 'Yb']",Ag-As-Yb,Yb8AgAs5
mp-34611,ZnAgAs,0.0,0.039595513611111,0.136685855616319,True,False,3,6.783175698491685,3,"['Ag', 'As', 'Zn']",Ag-As-Zn,ZnAgAs
mp-3212709,Zr6Zn15Ag8As,0.0,-0.323321117916666,0.0,True,True,30,8.354111313355013,4,"['Ag', 'As', 'Zn', 'Zr']",Ag-As-Zn-Zr,Zr6Zn15Ag8As
mp-3213743,Zr6Zn21Ag2As,0.0,-0.364249595916669,0.0,True,True,30,7.800985834738035,4,"['Ag', 'As', 'Zn', 'Zr']",Ag-As-Zn-Zr,Zr6Zn21Ag2As
mp-863750,AgAu3,0.0,-0.064884731250003,0.0,True,True,4,16.57198585092049,2,"['Ag', 'Au']",Ag-Au,AgAu3
mp-1183137,Ag3Au,0.0,-0.061713688749996,0.0,True,True,4,12.44105590633127,2,"['Ag', 'Au']",Ag-Au,Ag3Au
mp-1183227,AgAu,0.0,-0.046850372500003,0.016448837500007,True,False,2,14.444606395462564,2,"['Ag', 'Au']",Ag-Au,AgAu
mp-1097642,Ba2AgAu,0.115699999999999,0.8311291620833331,1.330480763125,False,False,4,0.571655807810113,3,"['Ag', 'Au', 'Ba']",Ag-Au-Ba,Ba2AgAu
mp-3241318,Ba2AgAu3,0.0,-0.670057225833332,0.0,True,True,6,9.292558009813284,3,"['Ag', 'Au', 'Ba']",Ag-Au-Ba,Ba2AgAu3
mp-3329307,Ba2Ag3Au,0.0,-0.404825670833332,0.0,True,True,6,7.442158493985964,3,"['Ag', 'Au', 'Ba']",Ag-Au-Ba,Ba2Ag3Au
mp-556896,Ba4AgAuO6,1.8623,-2.196761526805555,0.0,False,True,24,6.858530176231176,4,"['Ag', 'Au', 'Ba', 'O']",Ag-Au-Ba-O,Ba4AgAuO6
mp-3295780,Ba2AgAu3O8,1.234699999999999,-1.173841648214286,0.0,False,True,14,8.463935747636997,4,"['Ag', 'Au', 'Ba', 'O']",Ag-Au-Ba-O,Ba2AgAu3O8
mp-3321997,BaAgAuO4,1.1398,-1.142633958571429,0.0,False,True,14,7.817811264444963,4,"['Ag', 'Au', 'Ba', 'O']",Ag-Au-Ba-O,BaAgAuO4
mp-3321999,Ba2Ag3AuO8,1.115,-1.107024753214286,0.0,False,True,14,7.161726817309191,4,"['Ag', 'Au', 'Ba', 'O']",Ag-Au-Ba-O,Ba2Ag3AuO8
mp-3217388,AgBi8Au7,0.0,0.000681883437501,0.016903066250002,True,False,16,13.493164890764652,3,"['Ag', 'Au', 'Bi']",Ag-Au-Bi,AgBi8Au7
mp-3204960,AgBi(AuO2)4,0.844299999999999,-0.452613997142857,0.0,False,True,14,10.94480427947318,4,"['Ag', 'Au', 'Bi', 'O']",Ag-Au-Bi-O,AgBi(AuO2)4
mp-1113575,Cs2AgAuBr6,0.0,-1.203201411097701,0.024743095500001,True,False,10,5.270201492282821,4,"['Ag', 'Au', 'Br', 'Cs']",Ag-Au-Br-Cs,Cs2AgAuBr6
mp-1112101,K2AgAuBr6,0.0,-1.139873478616666,0.054352212749999,True,False,10,4.504895873105154,4,"['Ag', 'Au', 'Br', 'K']",Ag-Au-Br-K,K2AgAuBr6
mp-1111187,Na2AgAuBr6,0.0,-0.951946462442528,0.136803043499999,True,False,10,4.432147738595368,4,"['Ag', 'Au', 'Br', 'Na']",Ag-Au-Br-Na,Na2AgAuBr6
mp-3204104,Ag3P10Au4Br,0.8441999999999991,-0.160492321792329,0.0,False,True,18,6.537748174350365,4,"['Ag', 'Au', 'Br', 'P']",Ag-Au-Br-P,Ag3P10Au4Br
mp-1111734,Rb2AgAuBr6,0.0,-1.175396540666665,0.035179272625001,True,False,10,5.106797714264959,4,"['Ag', 'Au', 'Br', 'Rb']",Ag-Au-Br-Rb,Rb2AgAuBr6
mp-3269739,Ca5AgAu2,0.0,-0.5709154762499999,0.0,True,True,16,5.085712659268096,3,"['Ag', 'Au', 'Ca']",Ag-Au-Ca,Ca5AgAu2
mp-1093571,CaAgAu2,0.345,0.685743333333327,1.266776484583331,False,False,4,0.787769679638982,3,"['Ag', 'Au', 'Ca']",Ag-Au-Ca,CaAgAu2
mp-983850,Ca2AgAu,0.0,-0.55499469375,0.0255468087499999,True,False,4,6.619206793588515,3,"['Ag', 'Au', 'Ca']",Ag-Au-Ca,Ca2AgAu
mp-3210732,Ca4In4Ag3Au,0.0,-0.531992335416662,0.0,True,True,12,6.453700016743392,4,"['Ag', 'Au', 'Ca', 'In']",Ag-Au-Ca-In,Ca4In4Ag3Au
mp-3210510,Ca2Zn3AgAu8,0.0,-0.481796850714285,0.0,True,True,14,12.469881650358005,4,"['Ag', 'Au', 'Ca', 'Zn']",Ag-Au-Ca-Zn,Ca2Zn3AgAu8
mp-3257348,Cd2Ag3Au5,0.0,-0.140050220499995,0.0,True,True,10,14.179561734107963,3,"['Ag', 'Au', 'Cd']",Ag-Au-Cd,Cd2Ag3Au5
mp-3262479,Cd4(AgAu3)3,0.0,-0.15092108593749,0.001463631006942,True,False,16,14.648533698825972,3,"['Ag', 'Au', 'Cd']",Ag-Au-Cd,Cd4(AgAu3)3
mp-3266760,Cd5Ag7Au4,0.0,-0.129763778437499,0.0,True,True,16,12.015155495122317,3,"['Ag', 'Au', 'Cd']",Ag-Au-Cd,Cd5Ag7Au4
mp-1183634,CdAgAu2,0.0,-0.137242403750001,0.014633118425905,True,False,4,14.034627092744913,3,"['Ag', 'Au', 'Cd']",Ag-Au-Cd,CdAgAu2
mp-983602,CdAg2Au,0.0,-0.088548262499998,0.027605498000003,True,False,4,12.09238578749592,3,"['Ag', 'Au', 'Cd']",Ag-Au-Cd,CdAg2Au
mp-31170,Cd2AgAu,0.0,-0.151908938750001,0.0,True,True,4,11.666876883907474,3,"['Ag', 'Au', 'Cd']",Ag-Au-Cd,Cd2AgAu
mp-3343207,Cd2AgAu7,0.0,-0.138663125499999,0.0,True,True,10,15.798263990561894,3,"['Ag', 'Au', 'Cd']",Ag-Au-Cd,Cd2AgAu7
mp-3246700,CeCdAgAu4,0.0,-0.493819166428571,0.0,True,True,7,13.442690568127109,4,"['Ag', 'Au', 'Cd', 'Ce']",Ag-Au-Cd-Ce,CeCdAgAu4
mp-3230039,La3Cd3Ag2Au,0.0,-0.5079847027777761,0.0,True,True,9,8.442921203219264,4,"['Ag', 'Au', 'Cd', 'La']",Ag-Au-Cd-La,La3Cd3Ag2Au
mp-3222457,Lu3Cd3AgAu2,0.0,-0.607589624999996,0.0,True,True,9,11.717512899867408,4,"['Ag', 'Au', 'Cd', 'Lu']",Ag-Au-Cd-Lu,Lu3Cd3AgAu2
mp-3230090,Pr3Cd3AgAu2,0.0,-0.6114944455555551,0.0,True,True,9,9.483967488716962,4,"['Ag', 'Au', 'Cd', 'Pr']",Ag-Au-Cd-Pr,Pr3Cd3AgAu2
mp-3230831,Pr3Cd3Ag2Au,0.0,-0.47898647722222,0.0,True,True,9,8.7510541314817,4,"['Ag', 'Au', 'Cd', 'Pr']",Ag-Au-Cd-Pr,Pr3Cd3Ag2Au
mp-3222259,Sm3Cd3Ag2Au,0.0,-0.500118908888888,0.0,True,True,9,9.368620232328412,4,"['Ag', 'Au', 'Cd', 'Sm']",Ag-Au-Cd-Sm,Sm3Cd3Ag2Au
mp-3215091,Sr2Cd3AgAu8,0.0,-0.486242415357139,0.0,True,True,14,12.427274178845208,4,"['Ag', 'Au', 'Cd', 'Sr']",Ag-Au-Cd-Sr,Sr2Cd3AgAu8
mp-3230875,Tb3Cd3AgAu2,0.0,-0.647182513888891,0.0,True,True,9,10.71645776772069,4,"['Ag', 'Au', 'Cd', 'Tb']",Ag-Au-Cd-Tb,Tb3Cd3AgAu2
mp-865862,CeAgAu2,0.0,-0.5002370729166671,0.007154323333331,True,False,4,12.107009833781758,3,"['Ag', 'Au', 'Ce']",Ag-Au-Ce,CeAgAu2
mp-3229738,Ce2AgSb4Au,0.0,-0.787379978124999,0.006824838749999,True,False,8,8.63195518838445,4,"['Ag', 'Au', 'Ce', 'Sb']",Ag-Au-Ce-Sb,Ce2AgSb4Au
mp-570340,AgAuCl4,0.8406,-0.454436350000001,0.0,False,True,12,4.7987161874327935,3,"['Ag', 'Au', 'Cl']",Ag-Au-Cl,AgAuCl4
mp-567776,Cs2AgAuCl6,0.448,-1.4474644520977011,0.0,False,True,10,4.094021389690092,4,"['Ag', 'Au', 'Cl', 'Cs']",Ag-Au-Cl-Cs,Cs2AgAuCl6
mp-1112479,K2AgAuCl6,0.0,-1.343391598616666,0.042976044499998,True,False,10,3.649448975783993,4,"['Ag', 'Au', 'Cl', 'K']",Ag-Au-Cl-K,K2AgAuCl6
mp-1183003,Ag2Au3N6Cl17,0.0,0.6387050524999941,0.879637937232125,True,False,28,2.649578758895232,4,"['Ag', 'Au', 'Cl', 'N']",Ag-Au-Cl-N,Ag2Au3N6Cl17
mp-1111541,Na2AgAuCl6,0.0,-1.159400961442529,0.145296239499999,True,False,10,3.534040115049625,4,"['Ag', 'Au', 'Cl', 'Na']",Ag-Au-Cl-Na,Na2AgAuCl6
mp-1111469,Rb2AgAuCl6,0.0,-1.374417813666666,0.030118324124999,True,False,10,4.14190255762106,4,"['Ag', 'Au', 'Cl', 'Rb']",Ag-Au-Cl-Rb,Rb2AgAuCl6
mp-1097285,Cs2AgAu,1.974999999999999,0.242260758850573,0.422540181350573,False,False,4,0.5088749556273641,3,"['Ag', 'Au', 'Cs']",Ag-Au-Cs,Cs2AgAu
mp-1113576,Cs2AgAuF6,0.0,-1.948868648333331,0.046220554499981,True,False,10,6.048730197467282,4,"['Ag', 'Au', 'Cs', 'F']",Ag-Au-Cs-F,Cs2AgAuF6
mp-3201079,CsAg2AuS2,2.1749,-0.552360164270832,0.0,False,True,6,5.440212307747858,4,"['Ag', 'Au', 'Cs', 'S']",Ag-Au-Cs-S,CsAg2AuS2
mp-1093618,Cu2AgAu,0.1318,1.655287159583334,1.6907206308333331,False,False,4,1.244762430804528,3,"['Ag', 'Au', 'Cu']",Ag-Au-Cu,Cu2AgAu
mp-1184089,Dy2AgAu,0.0,-0.5903140237499951,0.010139592500003,True,False,4,11.347686114473074,3,"['Ag', 'Au', 'Dy']",Ag-Au-Dy,Dy2AgAu
mp-3241064,DyAgAu,0.0,-0.676368789999997,0.0,True,True,3,12.399440751664676,3,"['Ag', 'Au', 'Dy']",Ag-Au-Dy,DyAgAu
mp-3230974,Dy3In3Ag2Au,0.0,-0.640774173888884,0.0,True,True,9,10.026700856819,4,"['Ag', 'Au', 'Dy', 'In']",Ag-Au-Dy-In,Dy3In3Ag2Au
mp-1184110,Er2AgAu,0.0,-0.612601145416663,0.007829208750001,True,False,4,11.838361836304884,3,"['Ag', 'Au', 'Er']",Ag-Au-Er,Er2AgAu
mp-3230827,Er3ZnAg3Au2,0.0,-0.59427367888889,0.0,True,True,9,11.553412446481996,4,"['Ag', 'Au', 'Er', 'Zn']",Ag-Au-Er-Zn,Er3ZnAg3Au2
mp-865013,EuAgAu2,0.0,-0.477775561666668,0.080017365833333,True,False,4,12.38951584191587,3,"['Ag', 'Au', 'Eu']",Ag-Au-Eu,EuAgAu2
mp-1183891,Eu2AgAu,0.0,-0.5343744529166711,0.018999938124999,True,False,4,9.523395883635224,3,"['Ag', 'Au', 'Eu']",Ag-Au-Eu,Eu2AgAu
mp-3257013,Ag3AuF12,0.0,-1.153306394687499,0.0,True,True,16,5.388499192190944,3,"['Ag', 'Au', 'F']",Ag-Au-F,Ag3AuF12
mp-3257162,AgAuF6,0.6699,-1.157770452500001,0.0,False,True,16,5.261715365473572,3,"['Ag', 'Au', 'F']",Ag-Au-F,AgAuF6
mp-3291791,Ag(AuF6)2,0.6035,-1.021428120333333,0.0,False,True,15,5.706074942701609,3,"['Ag', 'Au', 'F']",Ag-Au-F,Ag(AuF6)2
mp-16060,AgAuF4,1.0268,-1.254503722499999,0.0,False,True,12,7.222443125335128,3,"['Ag', 'Au', 'F']",Ag-Au-F,AgAuF4
mp-1196161,AgAuF7,0.0,-1.08911063388889,0.0,True,True,36,5.238674453652256,3,"['Ag', 'Au', 'F']",Ag-Au-F,AgAuF7
mp-18125,Ag(AuF4)2,0.258499999999999,-1.201867790454545,0.0,False,True,22,6.941567477313422,3,"['Ag', 'Au', 'F']",Ag-Au-F,Ag(AuF4)2
mp-1112289,K2AgAuF6,0.0,-2.007797548616666,0.072210774666659,True,False,10,4.688162500821145,4,"['Ag', 'Au', 'F', 'K']",Ag-Au-F-K,K2AgAuF6
mp-1111335,Na2AgAuF6,0.0,-1.746758726700002,0.200679823999998,True,False,10,4.507598148676567,4,"['Ag', 'Au', 'F', 'Na']",Ag-Au-F-Na,Na2AgAuF6
mp-1110612,Rb2AgAuF6,0.0,-2.029013695666666,0.055373330833333,True,False,10,5.455729285294859,4,"['Ag', 'Au', 'F', 'Rb']",Ag-Au-F-Rb,Rb2AgAuF6
mp-1184381,Gd2AgAu,0.0,-0.5509218812499981,0.0,True,True,4,10.743539456735787,3,"['Ag', 'Au', 'Gd']",Ag-Au-Gd,Gd2AgAu
mp-1096274,AgGeAu2,0.0131,1.257998989374989,1.306266157499997,False,False,4,1.07527706976367,3,"['Ag', 'Au', 'Ge']",Ag-Au-Ge,AgGeAu2
mp-3214579,Rb2AgH6Au,2.3505,-0.169655227999999,0.0,False,True,10,4.941088159192261,4,"['Ag', 'Au', 'H', 'Rb']",Ag-Au-H-Rb,Rb2AgH6Au
mp-1093765,HfAgAu2,9.999999999976698e-05,1.6838127533333271,2.145906985833328,False,False,4,1.16156128812621,3,"['Ag', 'Au', 'Hf']",Ag-Au-Hf,HfAgAu2
mp-1095946,Ag2HgAu,0.0,0.9339437568749952,0.980625403749996,True,False,4,1.018300100581862,3,"['Ag', 'Au', 'Hg']",Ag-Au-Hg,Ag2HgAu
mp-3203452,AgHg(AuO2)4,0.33,-0.241332613035719,0.0,False,True,14,11.014435561098352,4,"['Ag', 'Au', 'Hg', 'O']",Ag-Au-Hg-O,AgHg(AuO2)4
mp-3222957,AgHg2Au3S4,1.2838,-0.168859002124997,0.0,False,True,10,8.247302238331404,4,"['Ag', 'Au', 'Hg', 'S']",Ag-Au-Hg-S,AgHg2Au3S4
mp-3222586,Sm3AgHg3Au2,0.0,-0.6629519341666671,0.0,True,True,9,12.262581830926685,4,"['Ag', 'Au', 'Hg', 'Sm']",Ag-Au-Hg-Sm,Sm3AgHg3Au2
mp-3240707,Th2Ag2HgAu,0.0,-0.389768337916658,0.0,True,True,6,12.799917176052965,4,"['Ag', 'Au', 'Hg', 'Th']",Ag-Au-Hg-Th,Th2Ag2HgAu
mp-1184622,Ho2AgAu,0.0,-0.596929542916663,0.009083005,True,False,4,11.60175816841004,3,"['Ag', 'Au', 'Ho']",Ag-Au-Ho,Ho2AgAu
mp-3231367,Ho3In3AgAu2,0.0,-0.7612691033333351,0.0,True,True,9,10.984604206680013,4,"['Ag', 'Au', 'Ho', 'In']",Ag-Au-Ho-In,Ho3In3AgAu2
mp-3246123,HoAg(AuO2)4,0.9691,-0.914885866428566,0.0,False,True,14,10.923797622120038,4,"['Ag', 'Au', 'Ho', 'O']",Ag-Au-Ho-O,HoAg(AuO2)4
mp-3247565,HoAgAuO4,0.429299999999999,-1.595581644999997,0.0,False,True,14,10.058426537297487,4,"['Ag', 'Au', 'Ho', 'O']",Ag-Au-Ho-O,HoAgAuO4
mp-3248779,Ho2Ag3AuO8,0.2153,-1.570475386785712,0.0,False,True,14,9.272659843444002,4,"['Ag', 'Au', 'Ho', 'O']",Ag-Au-Ho-O,Ho2Ag3AuO8
mp-1229194,AgAu(IO3)4,1.257299999999999,-0.713105557037036,0.0,False,True,36,5.62725555586381,4,"['Ag', 'Au', 'I', 'O']",Ag-Au-I-O,AgAu(IO3)4
mp-570536,Rb2AgAu3I8,0.746,-0.758084205476187,0.0,False,True,28,5.821784679228479,4,"['Ag', 'Au', 'I', 'Rb']",Ag-Au-I-Rb,Rb2AgAu3I8
mp-1184870,InAgAu2,0.0,-0.14207610375,0.030357372083329,True,False,4,13.805104371427538,3,"['Ag', 'Au', 'In']",Ag-Au-In,InAgAu2
mp-1093943,InAg2Au,0.7894000000000001,0.9943846135416652,1.1446243666666651,False,False,4,0.8663034252719111,3,"['Ag', 'Au', 'In']",Ag-Au-In,InAg2Au
mp-3229730,InAgAu6,0.0,-0.114616679374996,0.0,True,True,8,16.271214215667232,3,"['Ag', 'Au', 'In']",Ag-Au-In,InAgAu6
mp-3334068,InAg3Au4,0.0,-0.128918170624999,0.0,True,True,8,14.211457773640973,3,"['Ag', 'Au', 'In']",Ag-Au-In,InAg3Au4
mp-3231606,La3In3AgAu2,0.0,-0.7791658599999961,0.0,True,True,9,9.103003518949205,4,"['Ag', 'Au', 'In', 'La']",Ag-Au-In-La,La3In3AgAu2
mp-3231069,Y3In3AgAu2,0.0,-0.7708343405555611,0.0,True,True,9,8.967213970570361,4,"['Ag', 'Au', 'In', 'Y']",Ag-Au-In-Y,Y3In3AgAu2
mp-3231976,Yb3In3AgAu2,0.0,-0.730927584444449,0.0,True,True,9,11.104837870555455,4,"['Ag', 'Au', 'In', 'Yb']",Ag-Au-In-Yb,Yb3In3AgAu2
mp-1097515,K2AgAu,1.9995,0.335919566145836,0.492287031770832,False,False,4,0.436592544175855,3,"['Ag', 'Au', 'K']",Ag-Au-K,K2AgAu
mp-3206170,K4Ag3AuO4,1.902,-0.9254339070833312,0.0,False,True,12,4.678035143460426,4,"['Ag', 'Au', 'K', 'O']",Ag-Au-K-O,K4Ag3AuO4
mp-3200865,K3Ag(PAu)2,1.1365,-0.527755160275297,0.0,False,True,8,5.304601656259478,4,"['Ag', 'Au', 'K', 'P']",Ag-Au-K-P,K3Ag(PAu)2
mp-3202455,K4AgP2Au,1.3135,-0.5206384219940461,0.0,False,True,8,3.888132356860174,4,"['Ag', 'Au', 'K', 'P']",Ag-Au-K-P,K4AgP2Au
mp-3200677,K3Ag(SbAu)2,1.1287,-0.5194351395312461,0.0,False,True,8,5.824137319492124,4,"['Ag', 'Au', 'K', 'Sb']",Ag-Au-K-Sb,K3Ag(SbAu)2
mp-3201969,K4AgSb2Au,1.345799999999999,-0.56274699875,0.0,False,True,8,4.305762938015676,4,"['Ag', 'Au', 'K', 'Sb']",Ag-Au-K-Sb,K4AgSb2Au
mp-3203249,K3Ag2Sb2Au,1.2553,-0.47638504640625,0.0,False,True,8,5.191583354203741,4,"['Ag', 'Au', 'K', 'Sb']",Ag-Au-K-Sb,K3Ag2Sb2Au
mp-3213978,K4Si2AgAu6,0.0,-0.371937109230771,0.0,True,True,13,7.535874793573954,4,"['Ag', 'Au', 'K', 'Si']",Ag-Au-K-Si,K4Si2AgAu6
mp-1097188,La2AgAu,0.0,1.627124387083332,2.163811893750001,True,False,4,0.842586091571566,3,"['Ag', 'Au', 'La']",Ag-Au-La,La2AgAu
mp-1097276,LaAg2Au,0.0,1.500574790416667,1.9129588489583311,True,False,4,0.7557526088063531,3,"['Ag', 'Au', 'La']",Ag-Au-La,LaAg2Au
mp-867910,LaAgAu2,0.0,-0.5917919341666671,0.012605053333325,True,False,4,11.757961657648805,3,"['Ag', 'Au', 'La']",Ag-Au-La,LaAgAu2
mp-1093804,LiAgAu2,1.712099999999999,0.811455391666655,1.14682254958333,False,False,4,0.919692570270568,3,"['Ag', 'Au', 'Li']",Ag-Au-Li,LiAgAu2
mp-1095903,LiAg2Au,0.4872,1.106203929999999,1.387534146666666,False,False,4,0.7580697465132831,3,"['Ag', 'Au', 'Li']",Ag-Au-Li,LiAg2Au
mp-865879,Li2AgAu,0.0,-0.393914744583334,0.0,True,True,4,8.879064631424875,3,"['Ag', 'Au', 'Li']",Ag-Au-Li,Li2AgAu
mp-3204760,Li4AgAu3S4,1.8162,-0.8392108169097191,0.0,False,True,12,6.247338007258004,4,"['Ag', 'Au', 'Li', 'S']",Ag-Au-Li-S,Li4AgAu3S4
mp-865445,Lu2AgAu,0.0,-0.6856060445833301,0.0,True,True,4,12.595692107300572,3,"['Ag', 'Au', 'Lu']",Ag-Au-Lu,Lu2AgAu
mp-864978,Mg2AgAu,0.0,-0.425984957916666,0.0,True,True,4,8.356768414805842,3,"['Ag', 'Au', 'Mg']",Ag-Au-Mg,Mg2AgAu
mp-1185824,MgAgAu2,0.0,-0.336101516666667,0.012053674333331,True,False,4,12.49531649498585,3,"['Ag', 'Au', 'Mg']",Ag-Au-Mg,MgAgAu2
mp-3203714,MgAg(AuO2)4,0.4908,-0.587193330714285,0.0,False,True,14,9.966249411443036,4,"['Ag', 'Au', 'Mg', 'O']",Ag-Au-Mg-O,MgAg(AuO2)4
mp-3205345,AgAu(NO3)4,1.0318,-0.21429543861111,0.0,False,True,36,3.801566463437549,4,"['Ag', 'Au', 'N', 'O']",Ag-Au-N-O,AgAu(NO3)4
mp-3201899,Zr6AgAuN2,0.0,-1.041358120250001,0.0,True,True,10,8.282844754228186,4,"['Ag', 'Au', 'N', 'Zr']",Ag-Au-N-Zr,Zr6AgAuN2
mp-3201262,Na2AgAu3,0.0,-0.3447295725,0.0,True,True,6,10.214891939662095,3,"['Ag', 'Au', 'Na']",Ag-Au-Na,Na2AgAu3
mp-3202273,Na4AgSb2Au,0.7848,-0.505318363124999,0.0,False,True,8,5.132526807260377,4,"['Ag', 'Au', 'Na', 'Sb']",Ag-Au-Na-Sb,Na4AgSb2Au
mp-3208661,NaAg(AuSe2)2,0.427899999999999,-0.379907913906251,0.0,False,True,16,7.35973618650685,4,"['Ag', 'Au', 'Na', 'Se']",Ag-Au-Na-Se,NaAg(AuSe2)2
mp-864892,NdAgAu2,0.0,-0.568616172291667,0.011866030044641,True,False,4,12.392187231070215,3,"['Ag', 'Au', 'Nd']",Ag-Au-Nd,NdAgAu2
mp-3231568,Nd4Ag3Au,0.0,-0.437312213125,0.0,True,True,8,8.540737811530914,3,"['Ag', 'Au', 'Nd']",Ag-Au-Nd,Nd4Ag3Au
mp-3338077,Nd4AgAu3,0.0,-0.752699808125001,0.0,True,True,8,10.095051872347964,3,"['Ag', 'Au', 'Nd']",Ag-Au-Nd,Nd4AgAu3
mp-752678,AgAuO3,0.0,0.002464529166667,0.418732773333331,True,False,20,7.963340122990181,3,"['Ag', 'Au', 'O']",Ag-Au-O,AgAuO3
mp-996977,AgAuO2,0.0,-0.435295059166666,0.0342497,True,False,8,8.947457572129613,3,"['Ag', 'Au', 'O']",Ag-Au-O,AgAuO2
mp-3206166,AgPb(AuO2)4,0.0,-0.394758044642856,0.0,True,True,14,10.76402179131628,4,"['Ag', 'Au', 'O', 'Pb']",Ag-Au-O-Pb,AgPb(AuO2)4
mp-3203279,Rb4Ag3AuO4,1.827699999999999,-0.8938586904166661,0.0,False,True,12,5.270321798212742,4,"['Ag', 'Au', 'O', 'Rb']",Ag-Au-O-Rb,Rb4Ag3AuO4
mp-3204708,AgAu(S2O7)2,0.8846,-1.0612033679375,0.0,False,True,20,3.655791653131273,4,"['Ag', 'Au', 'O', 'S']",Ag-Au-O-S,AgAu(S2O7)2
mp-3248791,SmAg(AuO2)4,1.0808,-0.9119536525,0.0,False,True,14,10.505816773121028,4,"['Ag', 'Au', 'O', 'Sm']",Ag-Au-O-Sm,SmAg(AuO2)4
mp-3247437,TmAgAuO4,0.3984,-1.604068845,0.0,False,True,14,10.309656212498334,4,"['Ag', 'Au', 'O', 'Tm']",Ag-Au-O-Tm,TmAgAuO4
mp-3212646,YAgAuO4,0.437199999999999,-1.584779460714285,0.0,False,True,14,8.53198590645779,4,"['Ag', 'Au', 'O', 'Y']",Ag-Au-O-Y,YAgAuO4
mp-3244998,Yb2Ag3AuO8,0.0,-1.485968711071426,0.079680914910721,True,False,14,9.65228219897671,4,"['Ag', 'Au', 'O', 'Yb']",Ag-Au-O-Yb,Yb2Ag3AuO8
mp-3245906,YbAgAuO4,0.0,-1.491467030714281,0.09026809169643,True,False,14,10.437283356807797,4,"['Ag', 'Au', 'O', 'Yb']",Ag-Au-O-Yb,YbAgAuO4
mp-3209281,Rb3Ag(PAu)2,1.4223,-0.520584618087795,0.0,False,True,8,5.847686170025877,4,"['Ag', 'Au', 'P', 'Rb']",Ag-Au-P-Rb,Rb3Ag(PAu)2
mp-3200831,Rb3Ag2P2Au,1.5076,-0.456258369962796,0.0,False,True,8,5.2598819995670985,4,"['Ag', 'Au', 'P', 'Rb']",Ag-Au-P-Rb,Rb3Ag2P2Au
mp-3204006,AgSnP7Au2,0.3645,-0.116315038712121,0.0,False,True,22,6.453238157854741,4,"['Ag', 'Au', 'P', 'Sn']",Ag-Au-P-Sn,AgSnP7Au2
mp-977444,PaAgAu2,0.0,-0.316874893749997,0.13700548125,True,False,4,14.699850055679114,3,"['Ag', 'Au', 'Pa']",Ag-Au-Pa,PaAgAu2
mp-3203767,Rb6AgPb8Au,0.6093000000000001,-0.326634825156247,0.0,False,True,16,6.146057279085209,4,"['Ag', 'Au', 'Pb', 'Rb']",Ag-Au-Pb-Rb,Rb6AgPb8Au
mp-1183167,AgPdAu2,0.0,-0.089660366250001,0.014482154772707,True,False,4,14.911477813429896,3,"['Ag', 'Au', 'Pd']",Ag-Au-Pd,AgPdAu2
mp-1093988,AgPd2Au,0.0,2.014356130833331,2.102137613749999,True,False,4,1.005063786540109,3,"['Ag', 'Au', 'Pd']",Ag-Au-Pd,AgPd2Au
mp-1096329,Ag2PdAu,0.0,1.658512415833346,1.754791473333334,True,False,4,0.9251373251805952,3,"['Ag', 'Au', 'Pd']",Ag-Au-Pd,Ag2PdAu
mp-3332925,Ag5Pd2Au,0.0,-0.085522730625001,0.0,True,True,8,11.814600086069978,3,"['Ag', 'Au', 'Pd']",Ag-Au-Pd,Ag5Pd2Au
mp-3334695,Ag2(PdAu)3,0.0,-0.113523718749995,0.0,True,True,8,14.158201075396423,3,"['Ag', 'Au', 'Pd']",Ag-Au-Pd,Ag2(PdAu)3
mp-3338322,Ag3Pd2Au3,0.0,-0.107035384374995,0.0,True,True,8,13.96033983904804,3,"['Ag', 'Au', 'Pd']",Ag-Au-Pd,Ag3Pd2Au3
mp-3241471,SrAg(PdAu)2,0.0,-0.484958322500001,0.0,True,True,6,10.985785284272769,4,"['Ag', 'Au', 'Pd', 'Sr']",Ag-Au-Pd-Sr,SrAg(PdAu)2
mp-862872,PmAgAu2,0.0,-0.6382697956249991,0.0,True,True,4,12.614631360489462,3,"['Ag', 'Au', 'Pm']",Ag-Au-Pm,PmAgAu2
mp-1186438,Pm2AgAu,0.0,-0.5861513324999941,0.0,True,True,4,9.861730281329278,3,"['Ag', 'Au', 'Pm']",Ag-Au-Pm,Pm2AgAu
mp-3334745,Pm2Ag5Au,0.0,-0.329159673749998,0.0,True,True,8,9.88571478737719,3,"['Ag', 'Au', 'Pm']",Ag-Au-Pm,Pm2Ag5Au
mp-3257193,Pr3(Ag2Au)2,0.0,-0.528982230555552,0.0,True,True,9,9.799549793525,3,"['Ag', 'Au', 'Pr']",Ag-Au-Pr,Pr3(Ag2Au)2
mp-1186739,PrAgAu2,0.0,-0.5549010508333351,0.012467470833323,True,False,4,12.128907938919372,3,"['Ag', 'Au', 'Pr']",Ag-Au-Pr,PrAgAu2
mp-3170824,Pr3(AgAu2)2,0.0,-0.6970074016666671,0.0,True,True,9,11.247189782551478,3,"['Ag', 'Au', 'Pr']",Ag-Au-Pr,Pr3(AgAu2)2
mp-3331581,Pr4Ag3Au,0.0,-0.417894411458327,0.0,True,True,8,8.241024930041945,3,"['Ag', 'Au', 'Pr']",Ag-Au-Pr,Pr4Ag3Au
mp-3333653,Pr4AgAu3,0.0,-0.728963075208334,0.0,True,True,8,9.75743520840262,3,"['Ag', 'Au', 'Pr']",Ag-Au-Pr,Pr4AgAu3
mp-3230164,Pr3Ag3RhAu2,0.0,-0.5945928166666661,0.0,True,True,9,10.027923252040772,4,"['Ag', 'Au', 'Pr', 'Rh']",Ag-Au-Pr-Rh,Pr3Ag3RhAu2
mp-1186806,PuAgAu2,0.0,0.064517496874998,0.439754695833336,True,False,4,14.37809169662521,3,"['Ag', 'Au', 'Pu']",Ag-Au-Pu,PuAgAu2
mp-3200802,Rb3Ag(SbAu)2,1.319399999999999,-0.512663393593751,0.0,False,True,8,6.151946705581294,4,"['Ag', 'Au', 'Rb', 'Sb']",Ag-Au-Rb-Sb,Rb3Ag(SbAu)2
mp-3203012,Rb3Ag2Sb2Au,1.4327,-0.46521935921875,0.0,False,True,8,5.606732633280222,4,"['Ag', 'Au', 'Rb', 'Sb']",Ag-Au-Rb-Sb,Rb3Ag2Sb2Au
mp-3211354,Rb4Si2AgAu6,0.0,-0.362142946153846,0.0,True,True,13,8.171757822502354,4,"['Ag', 'Au', 'Rb', 'Si']",Ag-Au-Rb-Si,Rb4Si2AgAu6
mp-3208487,Rb4Ag(SnAu3)2,0.0,-0.361051942307693,0.0,True,True,13,7.775833473126652,4,"['Ag', 'Au', 'Rb', 'Sn']",Ag-Au-Rb-Sn,Rb4Ag(SnAu3)2
mp-675633,Ag4AuS2,0.0,0.068482325267857,0.180180802499997,True,False,7,8.13036619981891,3,"['Ag', 'Au', 'S']",Ag-Au-S,Ag4AuS2
mp-1247859,Ag5Au3S4,0.9308999999999992,-0.096961325243057,0.024723359444447,False,False,12,7.346254701665375,3,"['Ag', 'Au', 'S']",Ag-Au-S,Ag5Au3S4
mp-27554,Ag3AuS2,0.180299999999999,-0.094857997604165,0.02572308083333,False,False,48,8.067572516653907,3,"['Ag', 'Au', 'S']",Ag-Au-S,Ag3AuS2
mp-3240248,AgAu3S2,2.369999999999999,-0.124995503437503,0.0,False,True,6,8.751889805830066,3,"['Ag', 'Au', 'S']",Ag-Au-S,AgAu3S2
mp-35835,Ag(AuS)2,0.0,-0.060644610677087,0.051189178666668,True,False,10,8.073054023127192,3,"['Ag', 'Au', 'S']",Ag-Au-S,Ag(AuS)2
mp-37920,AgAuS2,0.2197,0.042853256093746,0.134944474296876,False,False,8,5.935769207810506,3,"['Ag', 'Au', 'S']",Ag-Au-S,AgAuS2
mp-1229181,Ag6Au2Se3S,0.037299999999999,-0.01587173291666,0.126166662395835,False,False,24,8.508580721527489,4,"['Ag', 'Au', 'S', 'Se']",Ag-Au-S-Se,Ag6Au2Se3S
mp-1229183,Ag3AuSeS,0.094899999999999,-0.040098596562505,0.094787359791659,False,False,24,8.381175392894844,4,"['Ag', 'Au', 'S', 'Se']",Ag-Au-S-Se,Ag3AuSeS
mp-862703,Sc2AgAu,0.0,-0.584058553750001,0.007804138124999,True,False,4,8.347539489556416,3,"['Ag', 'Au', 'Sc']",Ag-Au-Sc,Sc2AgAu
mp-1093750,ScAgAu2,0.0,1.150943669583341,1.810632983333334,True,False,4,0.924290160924893,3,"['Ag', 'Au', 'Sc']",Ag-Au-Sc,ScAgAu2
mp-3240273,AgAuSe2,0.0,-0.138513873281251,0.0,True,True,4,8.200724157990582,3,"['Ag', 'Au', 'Se']",Ag-Au-Se,AgAuSe2
mp-3172,Ag3AuSe2,0.023499999999999,-0.14919083427083,0.0,False,True,24,8.918091138858923,3,"['Ag', 'Au', 'Se']",Ag-Au-Se,Ag3AuSe2
mp-3201517,Ag2Te5Au2Se3,0.169599999999999,-0.100982235598957,0.0,False,True,12,7.524554577394038,4,"['Ag', 'Au', 'Se', 'Te']",Ag-Au-Se-Te,Ag2Te5Au2Se3
mp-867254,SmAgAu2,0.0,-0.583560251666669,0.0,True,True,4,12.851789794351834,3,"['Ag', 'Au', 'Sm']",Ag-Au-Sm,SmAgAu2
mp-1097586,AgSnAu2,0.0,1.181454079999994,1.284875025000005,True,False,4,1.077701028396771,3,"['Ag', 'Au', 'Sn']",Ag-Au-Sn,AgSnAu2
mp-3210107,Sr4Zn6AgAu11,0.0,-0.56457479340909,0.0,True,True,22,11.08689636187702,4,"['Ag', 'Au', 'Sr', 'Zn']",Ag-Au-Sr-Zn,Sr4Zn6AgAu11
mp-3206963,Sr4Zn5AgAu12,0.0,-0.57184774363636,0.0,True,True,22,11.435568547588856,4,"['Ag', 'Au', 'Sr', 'Zn']",Ag-Au-Sr-Zn,Sr4Zn5AgAu12
mp-3245594,TbAgAu,0.0,-0.6699106916666671,0.0,True,True,3,12.174813226812567,3,"['Ag', 'Au', 'Tb']",Ag-Au-Tb,TbAgAu
mp-3291,AgTe4Au,0.0,-0.095523587500001,0.0,True,True,12,7.676916595339155,3,"['Ag', 'Au', 'Te']",Ag-Au-Te,AgTe4Au
mp-5710,Ag3Te2Au,0.1725,-0.105850737500001,0.0,False,True,24,9.002915200236917,3,"['Ag', 'Au', 'Te']",Ag-Au-Te,Ag3Te2Au
mp-31495,AgTe2Au,0.0,0.112651950208334,0.211029390625,True,False,8,8.702003795334129,3,"['Ag', 'Au', 'Te']",Ag-Au-Te,AgTe2Au
mp-1229158,Ag(Te5Au2)2,0.0,-0.063283909916655,0.029468011083334,True,False,15,8.865831141627725,3,"['Ag', 'Au', 'Te']",Ag-Au-Te,Ag(Te5Au2)2
mp-1229219,Ag3Te32Au13,0.0,-0.088411267239569,0.004225167656265,True,False,48,8.29889977394239,3,"['Ag', 'Au', 'Te']",Ag-Au-Te,Ag3Te32Au13
mp-3221735,Th4ZnAg3Au4,0.0,-0.526842654999995,0.0,True,True,12,12.92339691612974,4,"['Ag', 'Au', 'Th', 'Zn']",Ag-Au-Th-Zn,Th4ZnAg3Au4
mp-3250262,Th4Zn2AgAu5,0.0,-0.636238360416664,0.0,True,True,12,13.305381085890357,4,"['Ag', 'Au', 'Th', 'Zn']",Ag-Au-Th-Zn,Th4Zn2AgAu5
mp-1096422,TiAgAu2,0.0,1.510642609166666,1.873149603333331,True,False,4,1.005317655962422,3,"['Ag', 'Au', 'Ti']",Ag-Au-Ti,TiAgAu2
mp-1187588,Tm2AgAu,0.0,-0.6765553587500001,0.004178418749994,True,False,4,12.036403955411553,3,"['Ag', 'Au', 'Tm']",Ag-Au-Tm,Tm2AgAu
mp-1187720,Y2AgAu,0.0,-0.6383172437499981,0.011026152499997,True,False,4,8.595261160797879,3,"['Ag', 'Au', 'Y']",Ag-Au-Y,Y2AgAu
mp-1095956,YAgAu2,0.1754,1.124921120833335,1.824752813333333,False,False,4,0.88560623887707,3,"['Ag', 'Au', 'Y']",Ag-Au-Y,YAgAu2
mp-1187879,Yb2AgAu,0.0,-0.6922316712499991,0.0,True,True,4,12.369861444496047,3,"['Ag', 'Au', 'Yb']",Ag-Au-Yb,Yb2AgAu
mp-1187938,YbAgAu2,0.0,-0.6674539099999991,0.004471510227268,True,False,4,14.374701125061444,3,"['Ag', 'Au', 'Yb']",Ag-Au-Yb,YbAgAu2
mp-3316842,Yb20(AgAu3)3,0.0,-0.5948542585937561,0.126685895312498,True,False,32,11.013997001221265,3,"['Ag', 'Au', 'Yb']",Ag-Au-Yb,Yb20(AgAu3)3
mp-1095900,ZnAgAu2,1.690999999999999,0.97560506583332,1.122803951249999,False,False,4,1.051596633351162,3,"['Ag', 'Au', 'Zn']",Ag-Au-Zn,ZnAgAu2
mp-3241251,Zn3AgAu2,0.0,-0.183991631666666,0.0,True,True,6,12.33090881348238,3,"['Ag', 'Au', 'Zn']",Ag-Au-Zn,Zn3AgAu2
mp-31171,Zn2AgAu,0.0,-0.156005926249999,0.0,True,True,4,11.63982516675539,3,"['Ag', 'Au', 'Zn']",Ag-Au-Zn,Zn2AgAu
mp-1093875,ZrAgAu2,0.0,1.607389147083338,2.095925613333335,True,False,4,0.9970167776602152,3,"['Ag', 'Au', 'Zr']",Ag-Au-Zr,ZrAgAu2
mp-3331561,Zr4Ag3Au,0.0,-0.259435069375001,0.0,True,True,8,9.20318549897388,3,"['Ag', 'Au', 'Zr']",Ag-Au-Zr,Zr4Ag3Au
mp-12062,AgB2,0.0,0.523821864999999,0.523821865,True,False,3,6.668703845978472,2,"['Ag', 'B']",Ag-B,AgB2
mp-3208906,BaAgBF10,1.2002,-2.305625940448718,0.0,False,True,39,3.552737819514146,4,"['Ag', 'B', 'Ba', 'F']",Ag-B-Ba-F,BaAgBF10
mp-3203994,BaAg(BS2)3,2.6566,-0.8562257831250001,0.0,False,True,22,3.097873692563887,4,"['Ag', 'B', 'Ba', 'S']",Ag-B-Ba-S,BaAg(BS2)3
mp-631581,Ag2BBr,0.0,0.968938673125001,1.298749192291667,True,False,4,6.828267002085728,3,"['Ag', 'B', 'Br']",Ag-B-Br,Ag2BBr
mp-703539,AgB11H6CBr6,3.296399999999999,-0.489973033799999,0.0,False,True,100,2.66732827232553,5,"['Ag', 'B', 'Br', 'C', 'H']",Ag-B-Br-C-H,AgB11H6CBr6
mp-1204520,AgB10P2H40C15NCl2O3,1.9977,-0.187648865407014,0.299161901033784,False,False,296,1.261627772768507,8,"['Ag', 'B', 'C', 'Cl', 'H', 'N', 'O', 'P']",Ag-B-C-Cl-H-N-O-P,AgB10P2H40C15NCl2O3
mp-759882,AgBH8C4(N2F)4,3.8049,-0.8293312986858971,0.077754530576927,False,False,52,2.136742848920456,6,"['Ag', 'B', 'C', 'F', 'H', 'N']",Ag-B-C-F-H-N,AgBH8C4(N2F)4
mp-1215142,AgBHC12(NF2)9,3.4749,-1.1526269053472231,0.150790040119044,False,False,168,2.175558049275718,6,"['Ag', 'B', 'C', 'F', 'H', 'N']",Ag-B-C-F-H-N,AgBHC12(NF2)9
mp-557494,AgBTe4C2(O3F10)2,2.8918,-2.091758352279411,0.160985800465687,False,False,136,3.19322675684434,6,"['Ag', 'B', 'C', 'F', 'O', 'Te']",Ag-B-C-F-O-Te,AgBTe4C2(O3F10)2
mp-559834,AgBTe4C(OF4)5,2.5739,-2.16085398859375,0.085251042421876,False,False,128,3.458251751199684,6,"['Ag', 'B', 'C', 'F', 'O', 'Te']",Ag-B-C-F-O-Te,AgBTe4C(OF4)5
mp-738633,AgB10H26C6N,3.9999,-0.133861646496211,0.143578527184342,False,False,176,1.347395925257623,5,"['Ag', 'B', 'C', 'H', 'N']",Ag-B-C-H-N,AgB10H26C6N
mp-10413,AgB(CN)4,4.2798,0.154124887708333,0.436720686333334,False,False,10,1.90557316828904,4,"['Ag', 'B', 'C', 'N']",Ag-B-C-N,AgB(CN)4
mp-567334,Ag(BCl)6,2.7028,-0.736950766538461,0.0,False,True,104,2.666185535806875,3,"['Ag', 'B', 'Cl']",Ag-B-Cl,Ag(BCl)6
mp-1194697,AgB5H6N2Cl5,2.7748,-0.7261639262499999,0.156560678004383,False,False,152,1.871555433953394,5,"['Ag', 'B', 'Cl', 'H', 'N']",Ag-B-Cl-H-N,AgB5H6N2Cl5
mp-699468,CsAg(BH)10,3.953,-0.197545709882919,0.086146454548893,False,False,88,2.329383533386503,4,"['Ag', 'B', 'Cs', 'H']",Ag-B-Cs-H,CsAg(BH)10
mp-679997,CsAg2(B5O8)3,3.6769,-2.657623859594964,0.0,False,True,168,2.836523708866433,4,"['Ag', 'B', 'Cs', 'O']",Ag-B-Cs-O,CsAg2(B5O8)3
mp-5160,AgBF5,0.0,-2.276470174642857,0.0,True,True,14,4.053972218692769,3,"['Ag', 'B', 'F']",Ag-B-F,AgBF5
mp-12021,AgBF4,3.157,-2.469788318333332,0.0,False,True,24,4.612169661838752,3,"['Ag', 'B', 'F']",Ag-B-F,AgBF4
mp-24058,AgBH2OF4,3.044,-2.163186291203704,0.0,False,True,72,3.632520551919322,5,"['Ag', 'B', 'F', 'H', 'O']",Ag-B-F-H-O,AgBH2OF4
mp-1100399,HfAgB,0.0,0.8752871963888961,1.455574813055559,True,False,3,8.957842786365353,3,"['Ag', 'B', 'Hf']",Ag-B-Hf,HfAgB
mp-3208444,K3Ag(BPt3)2,0.0,-0.365623559270829,0.0,True,True,12,11.028137043031771,4,"['Ag', 'B', 'K', 'Pt']",Ag-B-K-Pt,K3Ag(BPt3)2
mp-3223076,NaAg(BPt3)2,0.0,-0.403531917999998,0.0,True,True,10,14.960890776175855,4,"['Ag', 'B', 'Na', 'Pt']",Ag-B-Na-Pt,NaAg(BPt3)2
mp-3221995,NdAg(BPt3)2,0.0,-0.6457645237499999,0.0,True,True,10,15.715441365584022,4,"['Ag', 'B', 'Nd', 'Pt']",Ag-B-Nd-Pt,NdAg(BPt3)2
mp-759792,Ag2B8O13,2.858,-2.499107242137681,0.011548473586955,False,False,92,3.391398519078204,3,"['Ag', 'B', 'O']",Ag-B-O,Ag2B8O13
mp-559803,AgBO2,1.285299999999999,-1.8833510627864567,0.009954755390622,False,False,128,5.293435268272394,3,"['Ag', 'B', 'O']",Ag-B-O,AgBO2
mp-561550,Ag3BO3,0.8717,-1.2012752898809511,0.015885402410713,False,False,28,6.648231554285297,3,"['Ag', 'B', 'O']",Ag-B-O,Ag3BO3
mp-780275,AgBO3,0.0,-1.501129671166666,0.085240030499998,True,False,10,5.035218550839825,3,"['Ag', 'B', 'O']",Ag-B-O,AgBO3
mp-1194638,Ag3B5O9,1.8021,-2.16436092504902,0.007357592022056,False,False,68,4.770354001578002,3,"['Ag', 'B', 'O']",Ag-B-O,Ag3B5O9
mp-1194753,AgB3O5,2.3274,-2.4009590843518502,0.018237387291663,False,False,36,4.390398371393116,3,"['Ag', 'B', 'O']",Ag-B-O,AgB3O5
mp-3209104,AgB(SO4)2,4.1431,-1.466179395260417,0.0,False,True,24,3.323871243463097,4,"['Ag', 'B', 'O', 'S']",Ag-B-O-S,AgB(SO4)2
mp-554259,SrAgB7O12,3.0004,-2.775671727896826,0.0,False,True,84,3.499803172008862,4,"['Ag', 'B', 'O', 'Sr']",Ag-B-O-Sr,SrAgB7O12
mp-3214106,Rb2AgB2Pt7,0.0,-0.265259905208334,0.0,True,True,12,13.277294533970842,4,"['Ag', 'B', 'Pt', 'Rb']",Ag-B-Pt-Rb,Rb2AgB2Pt7
mp-3222673,ScAg(BPt3)2,0.0,-0.5977021584999981,0.0,True,True,10,15.262785661472291,4,"['Ag', 'B', 'Pt', 'Sc']",Ag-B-Pt-Sc,ScAg(BPt3)2
mp-3222107,TbAg(BPt3)2,0.0,-0.674618920000006,0.0,True,True,10,16.15122180807972,4,"['Ag', 'B', 'Pt', 'Tb']",Ag-B-Pt-Tb,TbAg(BPt3)2
mp-3222532,TmAg(BPt3)2,0.0,-0.669727598999998,0.0,True,True,10,16.40675178094151,4,"['Ag', 'B', 'Pt', 'Tm']",Ag-B-Pt-Tm,TmAg(BPt3)2
mp-1229225,Ag5BS4,0.0,-0.105090334749998,0.253833717139996,True,False,20,5.78595760142882,3,"['Ag', 'B', 'S']",Ag-B-S,Ag5BS4
mp-961701,ZrAgB,0.0,0.843246142222222,1.419550030555555,True,False,3,6.136514817990506,3,"['Ag', 'B', 'Zr']",Ag-B-Zr,ZrAgB
mp-3275498,Ba2Ag9,0.0,-0.157057709090909,0.0,True,True,22,7.962250947821962,2,"['Ag', 'Ba']",Ag-Ba,Ba2Ag9
mp-1241,BaAg2,0.0,-0.288192847777776,0.0,True,True,6,6.511946798117879,2,"['Ag', 'Ba']",Ag-Ba,BaAg2
mp-12612,Ba3Ag2,0.0,-0.224837397999999,0.0,True,True,15,4.987606549285319,2,"['Ag', 'Ba']",Ag-Ba,Ba3Ag2
mp-11840,BaAg,0.0,-0.275995824583332,0.0,True,True,8,5.584627716741473,2,"['Ag', 'Ba']",Ag-Ba,BaAg
mp-1814,BaAg5,0.0,-0.155002803055553,0.0,True,True,6,8.20275388423451,2,"['Ag', 'Ba']",Ag-Ba,BaAg5
mp-1183207,Ba2AgBi,0.0581,-0.6575103079166651,0.0169905275,False,False,4,6.496551679641452,3,"['Ag', 'Ba', 'Bi']",Ag-Ba-Bi,Ba2AgBi
mp-1205318,BaAgBi,0.0,-0.654724600555557,0.0,True,True,6,7.434441266452487,3,"['Ag', 'Ba', 'Bi']",Ag-Ba-Bi,BaAgBi
mp-3326372,Ba8AgBi5,0.956,-1.001988877142862,0.0,False,True,14,6.077341487811577,3,"['Ag', 'Ba', 'Bi']",Ag-Ba-Bi,Ba8AgBi5
mp-3211896,Ba3AgBi2H,0.7658,-0.8741174744642861,0.0,False,True,28,6.418492293545447,4,"['Ag', 'Ba', 'Bi', 'H']",Ag-Ba-Bi-H,Ba3AgBi2H
mp-3222925,Ba2Li3AgBi4,0.0,-0.722595334499999,0.0,True,True,10,7.202017587874277,4,"['Ag', 'Ba', 'Bi', 'Li']",Ag-Ba-Bi-Li,Ba2Li3AgBi4
mp-3223419,Ba2LiAg3Bi4,0.0,-0.551243118166672,0.0,True,True,10,8.130568723080497,4,"['Ag', 'Ba', 'Bi', 'Li']",Ag-Ba-Bi-Li,Ba2LiAg3Bi4
mp-3203878,Ba3AgBiO6,1.540999999999999,-2.010217844772729,0.0,False,True,22,7.008553640583697,4,"['Ag', 'Ba', 'Bi', 'O']",Ag-Ba-Bi-O,Ba3AgBiO6
mp-3222851,BaAgBi2Pt,0.0,-0.602802649,0.0,True,True,10,10.19726321751828,4,"['Ag', 'Ba', 'Bi', 'Pt']",Ag-Ba-Bi-Pt,BaAgBi2Pt
mp-3210506,Ba2Ag5BiS6,1.4618,-0.841532884062498,0.0,False,True,14,6.058769912044666,4,"['Ag', 'Ba', 'Bi', 'S']",Ag-Ba-Bi-S,Ba2Ag5BiS6
mp-3201189,Ba2AgBrO2,3.038599999999999,-2.108997990000001,0.0,False,True,6,4.960462307262419,4,"['Ag', 'Ba', 'Br', 'O']",Ag-Ba-Br-O,Ba2AgBrO2
mp-1045649,Ba2CaCuAg2F14,0.0,-2.698657741166666,0.018580216861108,True,False,40,4.690295479380163,5,"['Ag', 'Ba', 'Ca', 'Cu', 'F']",Ag-Ba-Ca-Cu-F,Ba2CaCuAg2F14
mp-1041316,BaCaAgF7,0.6397,-3.012488982916666,0.027968231583338,False,False,40,4.34501428342153,4,"['Ag', 'Ba', 'Ca', 'F']",Ag-Ba-Ca-F,BaCaAgF7
mp-1046998,BaCa(AgO2)4,0.0,-0.920845028333332,0.342380763214284,True,False,14,5.276493055089633,4,"['Ag', 'Ba', 'Ca', 'O']",Ag-Ba-Ca-O,BaCa(AgO2)4
mp-3230544,BaCa2(AgSn)3,0.0,-0.5724028655555551,0.0,True,True,9,6.112346791927616,4,"['Ag', 'Ba', 'Ca', 'Sn']",Ag-Ba-Ca-Sn,BaCa2(AgSn)3
mp-3277372,BaCd9Ag2,0.0,-0.1969077612499999,0.0,True,True,24,8.236435245134464,3,"['Ag', 'Ba', 'Cd']",Ag-Ba-Cd,BaCd9Ag2
mp-1093931,Ba2CdAg,0.3205,1.072896072083334,1.365499896875,False,False,4,0.421255508893508,3,"['Ag', 'Ba', 'Cd']",Ag-Ba-Cd,Ba2CdAg
mp-3240986,BaCd3Ag2,0.0,-0.235099612499998,0.0,True,True,6,7.630959064791581,3,"['Ag', 'Ba', 'Cd']",Ag-Ba-Cd,BaCd3Ag2
mp-532680,Ba6CdAg2(SnS4)4,1.7034,-1.4275910639080451,0.0,False,True,58,4.251184060983624,5,"['Ag', 'Ba', 'Cd', 'S', 'Sn']",Ag-Ba-Cd-S-Sn,Ba6CdAg2(SnS4)4
mp-3205335,Ba8Cd3Si12Ag,0.0,-0.436768330208333,0.0,True,True,24,4.731736072386162,4,"['Ag', 'Ba', 'Cd', 'Si']",Ag-Ba-Cd-Si,Ba8Cd3Si12Ag
mp-3251695,BaCeAgSe3,0.229599999999999,-1.777604116197916,0.0,False,True,12,5.957777301306408,4,"['Ag', 'Ba', 'Ce', 'Se']",Ag-Ba-Ce-Se,BaCeAgSe3
mp-3247436,Ba2CeAg5Se6,0.299199999999999,-1.167339864241069,0.0,False,True,14,6.384290691795182,4,"['Ag', 'Ba', 'Ce', 'Se']",Ag-Ba-Ce-Se,Ba2CeAg5Se6
mp-3214167,Ba2AgClO2,3.0918,-2.176619140833333,0.0,False,True,6,4.7021371398519385,4,"['Ag', 'Ba', 'Cl', 'O']",Ag-Ba-Cl-O,Ba2AgClO2
mp-3209827,Ba4CoAgH12,2.2241,-0.47758934611111,0.0,False,True,18,4.718359420686629,4,"['Ag', 'Ba', 'Co', 'H']",Ag-Ba-Co-H,Ba4CoAgH12
mp-1078198,Ba2CoAg2(SeO)2,0.0,-1.432481649780092,0.125259101574076,True,False,9,6.636055001215707,5,"['Ag', 'Ba', 'Co', 'O', 'Se']",Ag-Ba-Co-O-Se,Ba2CoAg2(SeO)2
mp-3210348,Ba4CrAgH12,2.2911,-0.45966645,0.0,False,True,18,4.5059517200709465,4,"['Ag', 'Ba', 'Cr', 'H']",Ag-Ba-Cr-H,Ba4CrAgH12
mp-1045802,Ba2MgCuAg2F14,0.1195,-2.609720167166666,0.048549087125008,False,False,40,4.761745770882777,5,"['Ag', 'Ba', 'Cu', 'F', 'Mg']",Ag-Ba-Cu-F-Mg,Ba2MgCuAg2F14
mp-1045718,Ba2ZnCuAg2F14,0.0381,-2.437900280666666,0.04426658075,False,False,40,4.886256376749372,5,"['Ag', 'Ba', 'Cu', 'F', 'Zn']",Ag-Ba-Cu-F-Zn,Ba2ZnCuAg2F14
mp-2222863,BaYMgCuAgO5,0.0,-2.019317963166666,0.445030117075003,True,False,10,5.672498764494787,6,"['Ag', 'Ba', 'Cu', 'Mg', 'O', 'Y']",Ag-Ba-Cu-Mg-O-Y,BaYMgCuAgO5
mp-3283219,Ba4CuAgO6,1.42,-2.092644451458333,0.0,False,True,24,6.291674993984502,4,"['Ag', 'Ba', 'Cu', 'O']",Ag-Ba-Cu-O,Ba4CuAgO6
mp-1096847,BaCu2(AgO2)2,0.0,-1.117537564814814,0.135894348888888,True,False,18,6.123353828393927,4,"['Ag', 'Ba', 'Cu', 'O']",Ag-Ba-Cu-O,BaCu2(AgO2)2
mp-1192702,BaV2Cu(AgO4)2,0.0,-1.910731084523808,0.041467136785722,True,False,28,5.374012644171912,5,"['Ag', 'Ba', 'Cu', 'O', 'V']",Ag-Ba-Cu-O-V,BaV2Cu(AgO4)2
mp-1042153,BaYCuAgO5,0.0,-2.048854301851852,0.110904986458333,True,False,9,6.241804365228147,5,"['Ag', 'Ba', 'Cu', 'O', 'Y']",Ag-Ba-Cu-O-Y,BaYCuAgO5
mp-1228373,Ba3Cu17AgP6,0.0,-0.310235762945327,0.0,True,True,27,6.712935652250775,4,"['Ag', 'Ba', 'Cu', 'P']",Ag-Ba-Cu-P,Ba3Cu17AgP6
mp-1214413,BaCu5AgP2,0.0,-0.294808538994708,0.013166767822223,True,False,9,6.666049738493729,4,"['Ag', 'Ba', 'Cu', 'P']",Ag-Ba-Cu-P,BaCu5AgP2
mp-1228525,Ba2CuAg3(SnS4)2,0.8773999999999991,-1.011424582812498,0.009401371354162,False,False,16,4.641152615385017,5,"['Ag', 'Ba', 'Cu', 'S', 'Sn']",Ag-Ba-Cu-S-Sn,Ba2CuAg3(SnS4)2
mp-3247055,Ba2DyAg5S6,1.663999999999999,-1.206361765491071,0.0,False,True,14,5.938969313965286,4,"['Ag', 'Ba', 'Dy', 'S']",Ag-Ba-Dy-S,Ba2DyAg5S6
mp-3249362,Ba2DyAg5Se6,1.476499999999999,-1.161667768883928,0.0,False,True,14,6.628549795816585,4,"['Ag', 'Ba', 'Dy', 'Se']",Ag-Ba-Dy-Se,Ba2DyAg5Se6
mp-3248566,BaDyAgSe3,1.6526,-1.78084394953125,0.0,False,True,12,6.535113469375158,4,"['Ag', 'Ba', 'Dy', 'Se']",Ag-Ba-Dy-Se,BaDyAgSe3
mp-3240525,BaDy(AgSn)2,0.0,-0.611332619999998,0.0,True,True,6,7.487862219908746,4,"['Ag', 'Ba', 'Dy', 'Sn']",Ag-Ba-Dy-Sn,BaDy(AgSn)2
mp-3245884,BaDyAgTe3,1.0773,-1.464763098333331,0.0,False,True,12,6.652693065738732,4,"['Ag', 'Ba', 'Dy', 'Te']",Ag-Ba-Dy-Te,BaDyAgTe3
mp-559025,BaErAgS3,0.9827999999999992,-1.8557283031944432,0.005414972499997,False,False,12,5.664208521466768,4,"['Ag', 'Ba', 'Er', 'S']",Ag-Ba-Er-S,BaErAgS3
mp-3295356,Ba2ErAg5S6,1.700999999999999,-1.200367585372023,0.0,False,True,14,5.983544702638542,4,"['Ag', 'Ba', 'Er', 'S']",Ag-Ba-Er-S,Ba2ErAg5S6
mp-1102849,BaErAgSe3,1.3771,-1.7639503631163211,0.0,False,True,12,6.655987920436937,4,"['Ag', 'Ba', 'Er', 'Se']",Ag-Ba-Er-Se,BaErAgSe3
mp-3305179,Ba2ErAg5Se6,1.493199999999999,-1.153586441622025,0.0,False,True,14,6.684324908529458,4,"['Ag', 'Ba', 'Er', 'Se']",Ag-Ba-Er-Se,Ba2ErAg5Se6
mp-3240295,BaEr(AgSn)2,0.0,-0.595665438055552,0.0,True,True,6,7.598390607108848,4,"['Ag', 'Ba', 'Er', 'Sn']",Ag-Ba-Er-Sn,BaEr(AgSn)2
mp-3246090,BaErAgTe3,1.081299999999999,-1.443674276388894,0.0,False,True,12,6.768821390464467,4,"['Ag', 'Ba', 'Er', 'Te']",Ag-Ba-Er-Te,BaErAgTe3
mp-3207126,BaGa2AgF9,2.960999999999999,-2.932898476538461,0.0,False,True,26,5.12495568689608,4,"['Ag', 'Ba', 'F', 'Ga']",Ag-Ba-F-Ga,BaGa2AgF9
mp-1041232,BaMgAgF7,0.4246,-2.911876106166666,0.007101863833338,False,False,40,4.602045328489441,4,"['Ag', 'Ba', 'F', 'Mg']",Ag-Ba-F-Mg,BaMgAgF7
mp-1086652,BaAgSF,1.4324,-2.250060911041666,0.0,False,True,8,5.637314434554091,4,"['Ag', 'Ba', 'F', 'S']",Ag-Ba-F-S,BaAgSF
mp-1079647,BaAgSeF,1.269299999999999,-2.263063682252604,0.0,False,True,8,6.142612558392519,4,"['Ag', 'Ba', 'F', 'Se']",Ag-Ba-F-Se,BaAgSeF
mp-16742,BaAgTeF,1.510999999999999,-2.183376328333333,0.0,False,True,8,6.298244067181046,4,"['Ag', 'Ba', 'F', 'Te']",Ag-Ba-F-Te,BaAgTeF
mp-1214752,Ba2AgTe2F,0.0,-0.923180489999999,1.200261948333334,True,False,6,4.335271629594071,4,"['Ag', 'Ba', 'F', 'Te']",Ag-Ba-F-Te,Ba2AgTe2F
mp-1041309,BaZnAgF7,0.3827,-2.5606568721666663,0.0,False,True,40,5.032306953965164,4,"['Ag', 'Ba', 'F', 'Zn']",Ag-Ba-F-Zn,BaZnAgF7
mp-1228403,Ba2Ga7Ag,0.0,-0.409345295416666,0.008028120333336,True,False,10,6.375414011730203,3,"['Ag', 'Ba', 'Ga']",Ag-Ba-Ga,Ba2Ga7Ag
mp-3203239,BaIn2GaAg,0.0,-0.441629046000002,0.0,True,True,5,6.878353444553521,4,"['Ag', 'Ba', 'Ga', 'In']",Ag-Ba-Ga-In,BaIn2GaAg
mp-1198460,Ba7Ga5AgSe15,1.904,-1.590535267832961,0.007478007996032,False,False,56,5.022145868247949,4,"['Ag', 'Ba', 'Ga', 'Se']",Ag-Ba-Ga-Se,Ba7Ga5AgSe15
mp-1228309,Ba4Ga5AgSe12,1.5706,-1.3977960660132571,0.013194890176769,False,False,44,5.030016796014133,4,"['Ag', 'Ba', 'Ga', 'Se']",Ag-Ba-Ga-Se,Ba4Ga5AgSe12
mp-570662,Ba4Ag3Ge20,0.0,-0.259427691851851,0.0,True,True,54,5.771531425673117,3,"['Ag', 'Ba', 'Ge']",Ag-Ba-Ge,Ba4Ag3Ge20
mp-13910,Ba(AgGe)2,0.0,-0.332178010666667,0.0,True,True,5,7.177096954932917,3,"['Ag', 'Ba', 'Ge']",Ag-Ba-Ge,Ba(AgGe)2
mp-3202120,BaIn2AgGe,0.0,-0.439054212000004,0.0,True,True,5,6.880452157017992,4,"['Ag', 'Ba', 'Ge', 'In']",Ag-Ba-Ge-In,BaIn2AgGe
mp-7394,BaAg2GeS4,0.5960999999999991,-1.017806503541665,0.0,False,True,8,4.70604412291684,4,"['Ag', 'Ba', 'Ge', 'S']",Ag-Ba-Ge-S,BaAg2GeS4
mp-569790,BaAg2GeSe4,0.035,-0.94860190346354,0.0,False,True,8,5.52152132974412,4,"['Ag', 'Ba', 'Ge', 'Se']",Ag-Ba-Ge-Se,BaAg2GeSe4
mp-3205423,Ba4AgH12Ir,2.7131,-0.571762675555555,0.0,False,True,18,5.402855346814566,4,"['Ag', 'Ba', 'H', 'Ir']",Ag-Ba-H-Ir,Ba4AgH12Ir
mp-3215532,Ba4AgH12Pt,0.0,-0.520243122222221,0.0,True,True,18,5.36574200880025,4,"['Ag', 'Ba', 'H', 'Pt']",Ag-Ba-H-Pt,Ba4AgH12Pt
mp-3205187,BaAgH9W,3.3607,-0.203900746840278,0.0,False,True,36,6.142425306081253,4,"['Ag', 'Ba', 'H', 'W']",Ag-Ba-H-W,BaAgH9W
mp-1093547,Ba2AgHg,0.1757,0.942912531458332,1.345928071874999,False,False,4,0.533427162197285,3,"['Ag', 'Ba', 'Hg']",Ag-Ba-Hg,Ba2AgHg
mp-557862,BaAg2(HgO2)2,1.3289,-1.119327563703704,0.004615819166665,False,False,18,7.781201733227896,4,"['Ag', 'Ba', 'Hg', 'O']",Ag-Ba-Hg-O,BaAg2(HgO2)2
mp-3212446,Ba4Si6AgHg,0.0,-0.462710569791669,0.0,True,True,24,5.235904571200327,4,"['Ag', 'Ba', 'Hg', 'Si']",Ag-Ba-Hg-Si,Ba4Si6AgHg
mp-3205511,Ba8Si12Ag3Hg,0.0,-0.469354045104166,0.0,True,True,24,5.028567805613002,4,"['Ag', 'Ba', 'Hg', 'Si']",Ag-Ba-Hg-Si,Ba8Si12Ag3Hg
mp-3222341,Ba2AgSn4Hg3,0.0,-0.423168184749999,0.0,True,True,10,8.354023723056132,4,"['Ag', 'Ba', 'Hg', 'Sn']",Ag-Ba-Hg-Sn,Ba2AgSn4Hg3
mp-3230542,Ba2Yb(AgHg)3,0.0,-0.379243442499999,0.054692053333326,True,False,9,8.868117991179533,4,"['Ag', 'Ba', 'Hg', 'Yb']",Ag-Ba-Hg-Yb,Ba2Yb(AgHg)3
mp-3250717,Ba2HoAg5S6,1.6867,-1.203631849062497,0.0,False,True,14,5.952950453670186,4,"['Ag', 'Ba', 'Ho', 'S']",Ag-Ba-Ho-S,Ba2HoAg5S6
mp-3250865,BaHoAgS3,1.9836999999999991,-1.861911046406248,0.0,False,True,12,5.75176426922207,4,"['Ag', 'Ba', 'Ho', 'S']",Ag-Ba-Ho-S,BaHoAgS3
mp-3244197,BaHoAgSe3,1.659399999999999,-1.773336054531251,0.0,False,True,12,6.59122872905234,4,"['Ag', 'Ba', 'Ho', 'Se']",Ag-Ba-Ho-Se,BaHoAgSe3
mp-3247293,Ba2HoAg5Se6,1.4899,-1.157990741741071,0.0,False,True,14,6.648746485049703,4,"['Ag', 'Ba', 'Ho', 'Se']",Ag-Ba-Ho-Se,Ba2HoAg5Se6
mp-3251047,BaHoAgTe3,1.0873,-1.455306455000003,0.0,False,True,12,6.709314389307574,4,"['Ag', 'Ba', 'Ho', 'Te']",Ag-Ba-Ho-Te,BaHoAgTe3
mp-1206237,Ba2AgIO6,0.1266,-1.876649127666666,0.003304425312498,False,False,10,6.3888076361701,4,"['Ag', 'Ba', 'I', 'O']",Ag-Ba-I-O,Ba2AgIO6
mp-3201612,BaIn2AgPb,0.0,-0.431035842,0.0,True,True,5,7.647107440554683,4,"['Ag', 'Ba', 'In', 'Pb']",Ag-Ba-In-Pb,BaIn2AgPb
mp-1195568,Ba4InAgS6,1.6864,-1.800372195694443,0.0,False,True,48,4.6092395718396855,4,"['Ag', 'Ba', 'In', 'S']",Ag-Ba-In-S,Ba4InAgS6
mp-1197611,Ba2InAgS4,1.7053999999999991,-1.519280083229166,0.004069894821425,False,False,32,4.67434385881705,4,"['Ag', 'Ba', 'In', 'S']",Ag-Ba-In-S,Ba2InAgS4
mp-3201622,BaIn2AgSn,0.0,-0.473728502000003,0.0,True,True,5,6.8724127519472304,4,"['Ag', 'Ba', 'In', 'Sn']",Ag-Ba-In-Sn,BaIn2AgSn
mp-1223499,KBa(AgTe2)2,0.0,-0.9445887496562492,0.0,True,True,8,5.744128448665666,4,"['Ag', 'Ba', 'K', 'Te']",Ag-Ba-K-Te,KBa(AgTe2)2
mp-3271738,BaLaAgS3,2.1722,-1.908131807239579,0.0,False,True,24,4.997023940996589,4,"['Ag', 'Ba', 'La', 'S']",Ag-Ba-La-S,BaLaAgS3
mp-553874,Ba2LaAg5S6,1.4647,-1.270610511309522,0.0,False,True,14,5.546750588830426,4,"['Ag', 'Ba', 'La', 'S']",Ag-Ba-La-S,Ba2LaAg5S6
mp-1101818,BaLaAgSe3,1.6435,-1.8427492439496511,0.0,False,True,12,5.854879503739593,4,"['Ag', 'Ba', 'La', 'Se']",Ag-Ba-La-Se,BaLaAgSe3
mp-1214348,BaLaAgTe3,1.378399999999999,-1.545353126944442,0.0,False,True,12,6.033301002206259,4,"['Ag', 'Ba', 'La', 'Te']",Ag-Ba-La-Te,BaLaAgTe3
mp-3208250,Ba4LiAgO6,1.31,-2.186501805347222,0.0,False,True,24,5.822539287552126,4,"['Ag', 'Ba', 'Li', 'O']",Ag-Ba-Li-O,Ba4LiAgO6
mp-3215314,Ba8Li(AgO4)3,1.4895,-2.094813937361112,0.0,False,True,24,6.127768235203333,4,"['Ag', 'Ba', 'Li', 'O']",Ag-Ba-Li-O,Ba8Li(AgO4)3
mp-3203055,Ba2LuAg5S6,1.742199999999999,-1.191288505610119,0.0,False,True,14,6.06425859148351,4,"['Ag', 'Ba', 'Lu', 'S']",Ag-Ba-Lu-S,Ba2LuAg5S6
mp-3240115,BaLu(AgSn)2,0.0,-0.5722686302777761,0.0,True,True,6,7.785332556370908,4,"['Ag', 'Ba', 'Lu', 'Sn']",Ag-Ba-Lu-Sn,BaLu(AgSn)2
mp-2232129,BaMgMnV2(AgO4)2,0.9683,-2.053807189084291,0.291241550527788,False,False,15,4.967840035547998,6,"['Ag', 'Ba', 'Mg', 'Mn', 'O', 'V']",Ag-Ba-Mg-Mn-O-V,BaMgMnV2(AgO4)2
mp-1046961,BaMg(AgO2)4,0.0,-0.870694029404761,0.292339046428577,True,False,14,5.723466454244234,4,"['Ag', 'Ba', 'Mg', 'O']",Ag-Ba-Mg-O,BaMg(AgO2)4
mp-2217139,Ba2Mg(AgO2)2,0.029599999999999,-1.772750794259258,0.307957612037039,False,False,9,5.420228257885604,4,"['Ag', 'Ba', 'Mg', 'O']",Ag-Ba-Mg-O,Ba2Mg(AgO2)2
mp-2224451,BaMgAgO2,0.0,-1.035362407333333,1.309418343666669,True,False,5,4.2402032620379,4,"['Ag', 'Ba', 'Mg', 'O']",Ag-Ba-Mg-O,BaMgAgO2
mp-19174,BaMnV2(AgO4)2,2.3708,-2.123178457233168,0.021243511249998,False,False,28,5.155193960892098,5,"['Ag', 'Ba', 'Mn', 'O', 'V']",Ag-Ba-Mn-O-V,BaMnV2(AgO4)2
mp-3214144,BaAg3(NO3)8,0.6929000000000001,-0.451158290833332,0.0,False,True,36,3.360052440793539,4,"['Ag', 'Ba', 'N', 'O']",Ag-Ba-N-O,BaAg3(NO3)8
mp-3214442,Ba2ReAgN4,1.538899999999999,-0.643802052812496,0.0,False,True,16,6.98845517446703,4,"['Ag', 'Ba', 'N', 'Re']",Ag-Ba-N-Re,Ba2ReAgN4
mp-1095616,BaNdAgS3,1.6623,-1.865910495277778,0.0,False,True,12,5.212548506747777,4,"['Ag', 'Ba', 'Nd', 'S']",Ag-Ba-Nd-S,BaNdAgS3
mp-3304355,Ba2NdAg5S6,1.5472,-1.206112637812499,0.0,False,True,14,5.727391738102291,4,"['Ag', 'Ba', 'Nd', 'S']",Ag-Ba-Nd-S,Ba2NdAg5S6
mp-3247097,BaNdAgSe3,1.6461,-1.78977119244792,0.0,False,True,12,6.059335136635241,4,"['Ag', 'Ba', 'Nd', 'Se']",Ag-Ba-Nd-Se,BaNdAgSe3
mp-3241225,BaNd(AgSn)2,0.0,-0.621493145416664,0.0,True,True,6,7.057417107988122,4,"['Ag', 'Ba', 'Nd', 'Sn']",Ag-Ba-Nd-Sn,BaNd(AgSn)2
mp-3252938,BaNdAgTe3,1.0766,-1.492957099583336,0.0,False,True,12,6.237533764125535,4,"['Ag', 'Ba', 'Nd', 'Te']",Ag-Ba-Nd-Te,BaNdAgTe3
mp-3280625,Ba2AgO3,1.3396,-1.998342625624999,0.0,False,True,24,6.434711325894654,3,"['Ag', 'Ba', 'O']",Ag-Ba-O,Ba2AgO3
mp-3290996,Ba4Ag2O7,1.4487,-1.891917197403846,0.0,False,True,26,6.402489783989287,3,"['Ag', 'Ba', 'O']",Ag-Ba-O,Ba4Ag2O7
mp-1048230,BaAg4O7,0.0,-0.376437597222221,0.474049462916667,True,False,24,4.7261007393077055,3,"['Ag', 'Ba', 'O']",Ag-Ba-O,BaAg4O7
mp-1096838,Ba(AgO)2,1.7273,-1.398802029666667,0.001692350666669,False,False,10,6.821766535397419,3,"['Ag', 'Ba', 'O']",Ag-Ba-O,Ba(AgO)2
mp-1096845,BaAgO2,0.7334,-1.716207567916666,0.0344104075,False,False,8,6.138478733760465,3,"['Ag', 'Ba', 'O']",Ag-Ba-O,BaAgO2
mp-27286,Ba(Ag3O2)2,0.9577999999999992,-0.830284046590908,0.0,False,True,44,7.243269557496879,3,"['Ag', 'Ba', 'O']",Ag-Ba-O,Ba(Ag3O2)2
mp-10070,BaAg(PO3)3,3.243999999999999,-2.6251055987925183,0.0,False,True,56,3.738944986168516,4,"['Ag', 'Ba', 'O', 'P']",Ag-Ba-O-P,BaAg(PO3)3
mp-3305950,Ba2Ag(PO4)2,0.2761,-2.583004373150183,0.0,False,True,13,4.354929071419188,4,"['Ag', 'Ba', 'O', 'P']",Ag-Ba-O-P,Ba2Ag(PO4)2
mp-3211397,Ba2Ag3(PdO2)7,0.0,-0.9327796375961512,0.0,True,True,26,7.314800531470685,4,"['Ag', 'Ba', 'O', 'Pd']",Ag-Ba-O-Pd,Ba2Ag3(PdO2)7
mp-3203917,Ba3AgRuO6,0.8847,-2.07741022386364,0.0,False,True,22,6.571500176062251,4,"['Ag', 'Ba', 'O', 'Ru']",Ag-Ba-O-Ru,Ba3AgRuO6
mp-1195220,BaAgSbS3O,0.0,-0.9674813361309512,0.396933196830357,True,False,56,4.168004925173178,5,"['Ag', 'Ba', 'O', 'S', 'Sb']",Ag-Ba-O-S-Sb,BaAgSbS3O
mp-3209011,Ba3AgSbO6,2.4412,-2.253580237954547,0.0,False,True,22,6.540381460420984,4,"['Ag', 'Ba', 'O', 'Sb']",Ag-Ba-O-Sb,Ba3AgSbO6
mp-622268,Ba2ZnAg2(SeO)2,1.318699999999999,-1.655471332002314,0.017617856296297,False,False,18,6.488903884781094,5,"['Ag', 'Ba', 'O', 'Se', 'Zn']",Ag-Ba-O-Se-Zn,Ba2ZnAg2(SeO)2
mp-1041560,Ba2YAg3O8,0.0,-1.754712076071427,0.057048036205356,True,False,14,6.372429314445797,4,"['Ag', 'Ba', 'O', 'Y']",Ag-Ba-O-Y,Ba2YAg3O8
mp-1046965,BaZn(AgO2)4,0.0,-0.6986592411904761,0.286172397857133,True,False,14,6.122671187006906,4,"['Ag', 'Ba', 'O', 'Zn']",Ag-Ba-O-Zn,BaZn(AgO2)4
mp-3260659,Ba8AgP5,1.2817,-1.051378516777211,0.0,False,True,14,4.635948083188835,3,"['Ag', 'Ba', 'P']",Ag-Ba-P,Ba8AgP5
mp-9899,BaAgP,0.1217,-0.72254780876984,0.0,False,True,6,5.785357274519448,3,"['Ag', 'Ba', 'P']",Ag-Ba-P,BaAgP
mp-3241227,BaPmAg3Pb,0.0,-0.400437442916668,0.0,True,True,6,7.933443549062156,4,"['Ag', 'Ba', 'Pb', 'Pm']",Ag-Ba-Pb-Pm,BaPmAg3Pb
mp-3252338,BaTh(AgPb)2,0.0,-0.428596262499998,0.0,True,True,6,9.18972002802797,4,"['Ag', 'Ba', 'Pb', 'Th']",Ag-Ba-Pb-Th,BaTh(AgPb)2
mp-3230334,Ba2Yb(AgPb)3,0.0,-0.454703993333326,0.028225409722175,True,False,9,8.435818613697206,4,"['Ag', 'Ba', 'Pb', 'Yb']",Ag-Ba-Pb-Yb,Ba2Yb(AgPb)3
mp-1093824,Ba2AgPd,0.0,0.8743772670833341,1.286975689374999,True,False,4,0.5038450184801431,3,"['Ag', 'Ba', 'Pd']",Ag-Ba-Pd,Ba2AgPd
mp-3240532,BaAg4Pd,0.0,-0.239579217499998,0.0,True,True,6,8.550197523425238,3,"['Ag', 'Ba', 'Pd']",Ag-Ba-Pd,BaAg4Pd
mp-3223028,BaAgSb2Pd,0.0,-0.7321325629999991,0.0,True,True,10,7.661062224825796,4,"['Ag', 'Ba', 'Pd', 'Sb']",Ag-Ba-Pd-Sb,BaAgSb2Pd
mp-3241315,BaPmAg3Sn,0.0,-0.457552936249996,0.0,True,True,6,7.198573405785315,4,"['Ag', 'Ba', 'Pm', 'Sn']",Ag-Ba-Pm-Sn,BaPmAg3Sn
mp-3244327,BaPrAgSe3,1.652,-1.785471179809031,0.0,False,True,12,5.965498230062111,4,"['Ag', 'Ba', 'Pr', 'Se']",Ag-Ba-Pr-Se,BaPrAgSe3
mp-8579,Ba(AgS)2,0.8761000000000001,-1.063721045666665,0.008285146999997,False,False,5,5.696195130144422,3,"['Ag', 'Ba', 'S']",Ag-Ba-S,Ba(AgS)2
mp-29682,BaAg8S5,0.8058000000000001,-0.521217914345237,0.01183440785714,False,False,56,6.559844559479574,3,"['Ag', 'Ba', 'S']",Ag-Ba-S,BaAg8S5
mp-1228614,Ba2Ag8S7,0.9648999999999992,-0.741530335637251,0.006784527058823,False,False,34,5.883198490119896,3,"['Ag', 'Ba', 'S']",Ag-Ba-S,Ba2Ag8S7
mp-1190401,BaAgSbS3,1.422899999999999,-1.118060334027777,0.0,False,True,24,4.632952646874406,4,"['Ag', 'Ba', 'S', 'Sb']",Ag-Ba-S-Sb,BaAgSbS3
mp-554796,BaSc3AgS6,1.479399999999999,-2.007088505833331,0.0,False,True,88,3.762289808277832,4,"['Ag', 'Ba', 'S', 'Sc']",Ag-Ba-S-Sc,BaSc3AgS6
mp-3247295,Ba2SmAg5S6,1.5812,-1.207472420848213,0.0,False,True,14,5.800510766017862,4,"['Ag', 'Ba', 'S', 'Sm']",Ag-Ba-S-Sm,Ba2SmAg5S6
mp-555166,BaAg2SnS4,0.3679,-1.010130186041665,0.0,False,True,8,4.874752565136565,4,"['Ag', 'Ba', 'S', 'Sn']",Ag-Ba-S-Sn,BaAg2SnS4
mp-1095340,BaTbAgS3,1.0016,-1.857764239305553,0.001104397291664,False,False,12,5.451552411970804,4,"['Ag', 'Ba', 'S', 'Tb']",Ag-Ba-S-Tb,BaTbAgS3
mp-3295769,Ba2TbAg5S6,1.6512,-1.208701562276784,0.0,False,True,14,5.899574165676542,4,"['Ag', 'Ba', 'S', 'Tb']",Ag-Ba-S-Tb,Ba2TbAg5S6
mp-3250336,Ba2ThAg2S5,1.6088,-1.70883121640625,0.0,False,True,10,5.546853080038351,4,"['Ag', 'Ba', 'S', 'Th']",Ag-Ba-S-Th,Ba2ThAg2S5
mp-3247947,Ba2TmAg5S6,1.71,-1.19887945513393,0.0,False,True,14,6.007132954457543,4,"['Ag', 'Ba', 'S', 'Tm']",Ag-Ba-S-Tm,Ba2TmAg5S6
mp-3256743,Ba2UAg2S5,0.7495,-1.595280653906246,0.0,False,True,10,5.701777670962779,4,"['Ag', 'Ba', 'S', 'U']",Ag-Ba-S-U,Ba2UAg2S5
mp-1190457,Ba3UAgS6,0.6431,-1.903540171060604,0.0,False,True,22,5.12283024525727,4,"['Ag', 'Ba', 'S', 'U']",Ag-Ba-S-U,Ba3UAgS6
mp-1195654,Ba9U4(Ag5S12)2,0.4032,-1.52362464833333,0.0,False,True,94,5.579318404065036,4,"['Ag', 'Ba', 'S', 'U']",Ag-Ba-S-U,Ba9U4(Ag5S12)2
mp-1104423,Ba2YAg5S6,1.365799999999999,-1.240946243095236,0.0,False,True,14,5.4409295425923965,4,"['Ag', 'Ba', 'S', 'Y']",Ag-Ba-S-Y,Ba2YAg5S6
mp-984720,Ba2AgSb,0.207199999999999,-0.7695271354166651,0.024480710000002,False,False,4,5.728194276168517,3,"['Ag', 'Ba', 'Sb']",Ag-Ba-Sb,Ba2AgSb
mp-1205316,BaAgSb,0.0415,-0.8450495705555541,0.0,False,True,6,6.328895056002942,3,"['Ag', 'Ba', 'Sb']",Ag-Ba-Sb,BaAgSb
mp-3202819,BaSr(AgSb)2,0.261599999999999,-0.8782382641666681,0.0,False,True,6,6.252653816547363,4,"['Ag', 'Ba', 'Sb', 'Sr']",Ag-Ba-Sb-Sr,BaSr(AgSb)2
mp-3247708,BaSmAgSe3,1.6415,-1.789523982864584,0.0,False,True,12,6.22959139758218,4,"['Ag', 'Ba', 'Se', 'Sm']",Ag-Ba-Se-Sm,BaSmAgSe3
mp-569114,BaAg2SnSe4,0.065399999999999,-0.96708619846354,0.0,False,True,8,5.555595827459082,4,"['Ag', 'Ba', 'Se', 'Sn']",Ag-Ba-Se-Sn,BaAg2SnSe4
mp-3250630,Ba2TbAg5Se6,1.4576,-1.164914954955358,0.0,False,True,14,6.596317595193194,4,"['Ag', 'Ba', 'Se', 'Tb']",Ag-Ba-Se-Tb,Ba2TbAg5Se6
mp-6647,BaYAgSe3,1.3282,-1.773074978116318,0.0,False,True,12,5.691307052698065,4,"['Ag', 'Ba', 'Se', 'Y']",Ag-Ba-Se-Y,BaYAgSe3
mp-9867,Ba2Si3Ag,0.051099999999999,-0.435189524444441,0.0,False,True,24,4.815535294630798,3,"['Ag', 'Ba', 'Si']",Ag-Ba-Si,Ba2Si3Ag
mp-3231602,Ba2Sm(AgSn)3,0.0,-0.58560088833333,0.0,True,True,9,6.817642399498586,4,"['Ag', 'Ba', 'Sm', 'Sn']",Ag-Ba-Sm-Sn,Ba2Sm(AgSn)3
mp-3248336,BaSmAgTe3,1.072599999999999,-1.485825364166672,0.0,False,True,12,6.389130088721715,4,"['Ag', 'Ba', 'Sm', 'Te']",Ag-Ba-Sm-Te,BaSmAgTe3
mp-7882,Ba(AgSn)2,0.0,-0.397887482666665,0.0,True,True,5,7.222389330211834,3,"['Ag', 'Ba', 'Sn']",Ag-Ba-Sn,Ba(AgSn)2
mp-3240981,BaTh(AgSn)2,0.0,-0.555196587499997,0.0,True,True,6,7.806971027857195,4,"['Ag', 'Ba', 'Sn', 'Th']",Ag-Ba-Sn-Th,BaTh(AgSn)2
mp-1093927,BaSrAg2,0.169899999999999,1.024428371666667,1.319214461687499,False,False,4,0.442035963535919,3,"['Ag', 'Ba', 'Sr']",Ag-Ba-Sr,BaSrAg2
mp-3311523,BaSrAg10,0.0,-0.161648671250001,0.0,True,True,12,8.1158477787921,3,"['Ag', 'Ba', 'Sr']",Ag-Ba-Sr,BaSrAg10
mp-1227658,BaSr3Ag4,0.0,-0.296680390833332,0.007500831906248,True,False,8,5.19852727972244,3,"['Ag', 'Ba', 'Sr']",Ag-Ba-Sr,BaSr3Ag4
mp-1228028,Ba3SrAg4,0.0,-0.280498098333334,0.004892858968747,True,False,8,5.487382025824567,3,"['Ag', 'Ba', 'Sr']",Ag-Ba-Sr,Ba3SrAg4
mp-1095278,BaTbAgTe3,0.7735000000000001,-1.467217933055548,0.0,False,True,12,6.591746063846236,4,"['Ag', 'Ba', 'Tb', 'Te']",Ag-Ba-Tb-Te,BaTbAgTe3
mp-18501,Ba(AgTe)2,0.673299999999999,-0.952725886833328,0.0,False,True,20,6.624990724388473,3,"['Ag', 'Ba', 'Te']",Ag-Ba-Te,Ba(AgTe)2
mp-3250823,Ba2ThAg2Te5,0.9789,-1.322388276000003,0.0,False,True,10,6.446589117689866,4,"['Ag', 'Ba', 'Te', 'Th']",Ag-Ba-Te-Th,Ba2ThAg2Te5
mp-3250272,BaTmAgTe3,1.081999999999999,-1.436342294999998,0.0,False,True,12,6.806196244015829,4,"['Ag', 'Ba', 'Te', 'Tm']",Ag-Ba-Te-Tm,BaTmAgTe3
mp-10337,BaYAgTe3,0.7675000000000001,-1.4644986619444431,0.0,False,True,12,5.9872507608831445,4,"['Ag', 'Ba', 'Te', 'Y']",Ag-Ba-Te-Y,BaYAgTe3
mp-1093949,Ba2TlAg,0.0,1.095217913749998,1.3801506658333351,True,False,4,0.507795580160465,3,"['Ag', 'Ba', 'Tl']",Ag-Ba-Tl,Ba2TlAg
mp-3221975,BaZn2Ag3,0.0,-0.206687114166667,0.0,True,True,12,7.425698635582854,3,"['Ag', 'Ba', 'Zn']",Ag-Ba-Zn,BaZn2Ag3
mp-3282617,BaZn12Ag,0.0,-0.191623347857143,0.0,True,True,28,7.361955233686652,3,"['Ag', 'Ba', 'Zn']",Ag-Ba-Zn,BaZn12Ag
mp-1097365,Ba2ZnAg,0.0,1.168252914583333,1.391702005208333,True,False,4,0.440475984388458,3,"['Ag', 'Ba', 'Zn']",Ag-Ba-Zn,Ba2ZnAg
mp-603,Be2Ag,0.0,0.029720604444444,0.029720604444444,True,False,6,6.400869452023749,2,"['Ag', 'Be']",Ag-Be,Be2Ag
mp-12665,Be12Ag,0.0,0.110922151410256,0.110922151410256,True,False,13,3.104239747696782,2,"['Ag', 'Be']",Ag-Be,Be12Ag
mp-984719,BeAg3,0.0,0.228242242500001,0.228242242500001,True,False,4,8.690420445482527,2,"['Ag', 'Be']",Ag-Be,BeAg3
mp-1214184,BeAg4,0.0,0.5054697276666681,0.5054697276666681,True,False,10,7.893104738413197,2,"['Ag', 'Be']",Ag-Be,BeAg4
mp-1214242,Be3Ag4P3BrO12,2.4553,-2.230840535460662,0.0,False,True,46,4.253740397285385,5,"['Ag', 'Be', 'Br', 'O', 'P']",Ag-Be-Br-O-P,Be3Ag4P3BrO12
mp-3240030,ScBeCu3Ag,0.0,-0.221727913749999,0.0,True,True,6,7.36526421303052,4,"['Ag', 'Be', 'Cu', 'Sc']",Ag-Be-Cu-Sc,ScBeCu3Ag
mp-1183417,BeAgO3,0.0,-0.777852184333333,0.6506316833333311,True,False,5,6.025540851142892,3,"['Ag', 'Be', 'O']",Ag-Be-O,BeAgO3
mp-15919,BeAgPO4,2.8716,-2.377695446496598,0.0,False,True,84,4.335130288390942,4,"['Ag', 'Be', 'O', 'P']",Ag-Be-O-P,BeAgPO4
mp-1041173,Be3Si3(AgO6)2,0.0,-2.313130181791666,0.184654906291658,True,False,80,3.681810641965769,4,"['Ag', 'Be', 'O', 'Si']",Ag-Be-O-Si,Be3Si3(AgO6)2
mp-1214285,BeSi(AgO2)2,0.7882,-2.062230145416666,0.059561146874997,False,False,64,5.707875502260661,4,"['Ag', 'Be', 'O', 'Si']",Ag-Be-O-Si,BeSi(AgO2)2
mp-1093938,Be2AgPt,1.396799999999999,1.7988462120833342,2.085752225833333,False,False,4,0.886258793666426,3,"['Ag', 'Be', 'Pt']",Ag-Be-Pt,Be2AgPt
mp-1229111,Ag3Bi,0.0,0.146643215000001,0.146643215000001,True,False,4,9.99742337012961,2,"['Ag', 'Bi']",Ag-Bi,Ag3Bi
mp-685586,Ag3(Bi2Br3)7,0.038699999999999,-0.7519538380263161,0.1120033875,False,False,76,6.204467438859882,3,"['Ag', 'Bi', 'Br']",Ag-Bi-Br,Ag3(Bi2Br3)7
mp-1120715,Ag3BiBr6,0.0,-0.492091700499999,0.372686273499999,True,False,10,4.810628823628253,3,"['Ag', 'Bi', 'Br']",Ag-Bi-Br,Ag3BiBr6
mp-1078250,Cs2AgBiBr6,1.3547,-1.456030710097701,0.005524869812501,False,False,10,4.652655552917027,4,"['Ag', 'Bi', 'Br', 'Cs']",Ag-Bi-Br-Cs,Cs2AgBiBr6
mp-1110921,K2AgBiBr6,1.5765,-1.368099099616666,0.040107347500001,False,False,10,3.948139760156324,4,"['Ag', 'Bi', 'Br', 'K']",Ag-Bi-Br-K,K2AgBiBr6
mp-1110811,Rb2AgBiBr6,1.581999999999999,-1.413070619666666,0.030073661374996,False,False,10,4.317988406153579,4,"['Ag', 'Bi', 'Br', 'Rb']",Ag-Bi-Br-Rb,Rb2AgBiBr6
mp-3202917,AgBi(CO3)2,3.1109,-1.219899919250002,0.0,False,True,10,5.576344709697083,4,"['Ag', 'Bi', 'C', 'O']",Ag-Bi-C-O,AgBi(CO3)2
mp-568664,CaAgBi,0.0,-0.6397542166666641,0.0,True,True,6,7.393203440950769,3,"['Ag', 'Bi', 'Ca']",Ag-Bi-Ca,CaAgBi
mp-983598,Ca2AgBi,0.0,-0.728312803333341,0.027510130208334,True,False,4,5.820531052648294,3,"['Ag', 'Bi', 'Ca']",Ag-Bi-Ca,Ca2AgBi
mp-3213604,Ca3AgBi2H,0.6588,-0.815229822678568,0.0,False,True,28,5.896676939476308,4,"['Ag', 'Bi', 'Ca', 'H']",Ag-Bi-Ca-H,Ca3AgBi2H
mp-3200926,Li2Ca3AgBi3,0.8236999999999991,-0.8510574859259251,0.0,False,True,9,6.063093594651875,4,"['Ag', 'Bi', 'Ca', 'Li']",Ag-Bi-Ca-Li,Li2Ca3AgBi3
mp-3201040,LiCa3Ag2Bi3,0.020599999999999,-0.7475190024074051,0.0,False,True,9,6.772925649488844,4,"['Ag', 'Bi', 'Ca', 'Li']",Ag-Bi-Ca-Li,LiCa3Ag2Bi3
mp-3201944,NaCa3Ag2Bi3,0.1844,-0.702791212777779,0.0,False,True,9,6.569470141195222,4,"['Ag', 'Bi', 'Ca', 'Na']",Ag-Bi-Ca-Na,NaCa3Ag2Bi3
mp-1042455,CaAgBiO5,0.0,-1.351341723020834,0.225097576171874,True,False,64,5.849509153919123,4,"['Ag', 'Bi', 'Ca', 'O']",Ag-Bi-Ca-O,CaAgBiO5
mp-3231282,Ce2CdAgBi4,0.0,-0.5773759068750051,0.018891036249996,True,False,8,9.651354664834424,4,"['Ag', 'Bi', 'Cd', 'Ce']",Ag-Bi-Cd-Ce,Ce2CdAgBi4
mp-3214073,CdAg5BiO6,0.0,-0.6055495390384611,0.0,True,True,26,8.226092095937279,4,"['Ag', 'Bi', 'Cd', 'O']",Ag-Bi-Cd-O,CdAg5BiO6
mp-1078258,Cs2AgBiCl6,1.8663,-1.510083130500001,0.0,False,True,10,4.185373900842128,4,"['Ag', 'Bi', 'Cl', 'Cs']",Ag-Bi-Cl-Cs,Cs2AgBiCl6
mp-1110920,K2AgBiCl6,2.0583,-1.622075185616666,0.0,False,True,10,3.176633353516061,4,"['Ag', 'Bi', 'Cl', 'K']",Ag-Bi-Cl-K,K2AgBiCl6
mp-1110810,Rb2AgBiCl6,2.06,-1.665001007666667,0.0,False,True,10,3.762125681987928,4,"['Ag', 'Bi', 'Cl', 'Rb']",Ag-Bi-Cl-Rb,Rb2AgBiCl6
mp-556094,AgBiSCl2,1.0752,-0.945593287833334,0.0,False,True,10,5.553841211740978,4,"['Ag', 'Bi', 'Cl', 'S']",Ag-Bi-Cl-S,AgBiSCl2
mp-558368,AgBi2S3Cl,0.7834000000000001,-0.707342042023809,0.00976725404762,False,False,14,6.488452106603947,4,"['Ag', 'Bi', 'Cl', 'S']",Ag-Bi-Cl-S,AgBi2S3Cl
mp-559071,Ag2Bi2S3Cl2,1.6367999999999991,-0.7483002703703701,0.004958104166663,False,False,36,5.894385992000153,4,"['Ag', 'Bi', 'Cl', 'S']",Ag-Bi-Cl-S,Ag2Bi2S3Cl2
mp-569939,AgBi2Se3Cl,0.549999999999999,-0.495857170907746,0.004053996428567,False,False,14,7.148355822255247,4,"['Ag', 'Bi', 'Cl', 'Se']",Ag-Bi-Cl-Se,AgBi2Se3Cl
mp-3204411,Lu12Co4AgBi,0.0,-0.302157213888885,0.0,True,True,18,10.59124669845224,4,"['Ag', 'Bi', 'Co', 'Lu']",Ag-Bi-Co-Lu,Lu12Co4AgBi
mp-3214062,Y12Co4AgBi,0.0,-0.23519632,0.0,True,True,18,5.808240692308583,4,"['Ag', 'Bi', 'Co', 'Y']",Ag-Bi-Co-Y,Y12Co4AgBi
mp-559885,Cr2AgBiO8,1.487999999999999,-1.490484460138888,0.010533770145285,False,False,12,5.834429510267972,4,"['Ag', 'Bi', 'Cr', 'O']",Ag-Bi-Cr-O,Cr2AgBiO8
mp-23565,Cr4AgBiO14,1.698599999999999,-1.535249863083333,0.0,False,True,20,4.020677541436706,4,"['Ag', 'Bi', 'Cr', 'O']",Ag-Bi-Cr-O,Cr4AgBiO14
mp-1114309,Cs2AgBiF6,2.7645,-2.471992757000001,0.0,False,True,10,5.664325546689569,4,"['Ag', 'Bi', 'Cs', 'F']",Ag-Bi-Cs-F,Cs2AgBiF6
mp-1113264,Cs2AgBiI6,0.8526,-1.086875971097701,0.0297026883125,False,False,10,4.8521319917680295,4,"['Ag', 'Bi', 'Cs', 'I']",Ag-Bi-Cs-I,Cs2AgBiI6
mp-3202695,CsK2Ag3Bi2,1.267099999999999,-0.349532610312497,0.0,False,True,8,5.796643348224233,4,"['Ag', 'Bi', 'Cs', 'K']",Ag-Bi-Cs-K,CsK2Ag3Bi2
mp-3202707,Cs4LiAgBi2,1.0301,-0.481114386458333,0.0,False,True,8,4.881797901097116,4,"['Ag', 'Bi', 'Cs', 'Li']",Ag-Bi-Cs-Li,Cs4LiAgBi2
mp-3201607,Cs4NaAgBi2,0.8088000000000001,-0.454773575625001,0.0,False,True,8,4.75646199188215,4,"['Ag', 'Bi', 'Cs', 'Na']",Ag-Bi-Cs-Na,Cs4NaAgBi2
mp-3201401,CsRb4AgBi2,0.6970000000000001,-0.443460903750001,0.0,False,True,8,4.64279664922826,4,"['Ag', 'Bi', 'Cs', 'Rb']",Ag-Bi-Cs-Rb,CsRb4AgBi2
mp-1193928,CsAg2BiS3,1.0635,-0.6870099889983571,0.0,False,True,28,5.515172547093427,4,"['Ag', 'Bi', 'Cs', 'S']",Ag-Bi-Cs-S,CsAg2BiS3
mp-3206661,Cu4AgBiO8,0.1162,-0.746677345714285,0.0,False,True,14,7.422472883818455,4,"['Ag', 'Bi', 'Cu', 'O']",Ag-Bi-Cu-O,Cu4AgBiO8
mp-651706,Cu6AgBi12PbS22,0.0,-0.542824070039682,0.025313166388887,True,False,84,6.580545215631016,5,"['Ag', 'Bi', 'Cu', 'Pb', 'S']",Ag-Bi-Cu-Pb-S,Cu6AgBi12PbS22
mp-1196623,Cu3Ag2Bi7Pb3S16,0.3064,-0.591569599946236,0.0,False,True,62,6.705953467270903,5,"['Ag', 'Bi', 'Cu', 'Pb', 'S']",Ag-Bi-Cu-Pb-S,Cu3Ag2Bi7Pb3S16
mp-1225935,Cu2AgBiPbS4,0.5293,-0.488174187129629,0.018939597129628,False,False,36,6.556432964282768,5,"['Ag', 'Bi', 'Cu', 'Pb', 'S']",Ag-Bi-Cu-Pb-S,Cu2AgBiPbS4
mp-1183883,Eu2AgBi,0.0,-0.751411594166668,0.036349747083335,True,False,4,8.403515374144286,3,"['Ag', 'Bi', 'Eu']",Ag-Bi-Eu,Eu2AgBi
mp-23378,EuAgBi,0.0,-0.681513990000003,0.0,True,True,6,9.013356113840898,3,"['Ag', 'Bi', 'Eu']",Ag-Bi-Eu,EuAgBi
mp-28965,AgBi2F12,0.3971,-1.784909150333334,0.0,False,True,15,5.66084614732116,3,"['Ag', 'Bi', 'F']",Ag-Bi-F,AgBi2F12
mp-1110851,K2AgBiF6,2.3982,-2.506700962616666,0.085758537249997,False,False,10,4.119227375776391,4,"['Ag', 'Bi', 'F', 'K']",Ag-Bi-F-K,K2AgBiF6
mp-1110790,Rb2AgBiF6,2.5561,-2.542093180666666,0.016627252500004,False,False,10,4.763147245248189,4,"['Ag', 'Bi', 'F', 'Rb']",Ag-Bi-F-Rb,Rb2AgBiF6
mp-3209671,Lu12Fe3AgBi,0.0,-0.182558615882345,0.0,True,True,17,10.356529934806607,4,"['Ag', 'Bi', 'Fe', 'Lu']",Ag-Bi-Fe-Lu,Lu12Fe3AgBi
mp-1229030,AgGeBiTe3,0.0,-0.10281484874999,0.047139035833339,True,False,6,7.308731531874199,4,"['Ag', 'Bi', 'Ge', 'Te']",Ag-Bi-Ge-Te,AgGeBiTe3
mp-3211557,Sr3AgBi2H,0.7620999999999991,-0.8660769551785721,0.0,False,True,28,6.259098325283696,4,"['Ag', 'Bi', 'H', 'Sr']",Ag-Bi-H-Sr,Sr3AgBi2H
mp-685283,Ag13Bi15I64,0.0,-0.5484598862137681,0.083550683423912,True,False,92,4.965679794819199,3,"['Ag', 'Bi', 'I']",Ag-Bi-I,Ag13Bi15I64
mp-685512,Ag15Bi7I40,0.0,-0.443909114758064,0.128536540725806,True,False,62,5.55619472209692,3,"['Ag', 'Bi', 'I']",Ag-Bi-I,Ag15Bi7I40
mp-686119,Ag13(BiI4)14,0.0,-0.6267792782128511,0.03682824873494,True,False,83,5.292591917665477,3,"['Ag', 'Bi', 'I']",Ag-Bi-I,Ag13(BiI4)14
mp-686149,Ag15(BiI4)16,0.0,-0.62567102036842,0.038345397210527,True,False,95,5.28426173879392,3,"['Ag', 'Bi', 'I']",Ag-Bi-I,Ag15(BiI4)16
mp-35909,AgBiI4,1.0457,-0.6252693061111111,0.041575271666667,False,False,12,5.41146151853963,3,"['Ag', 'Bi', 'I']",Ag-Bi-I,AgBiI4
mp-1110952,K2AgBiI6,0.8096000000000001,-0.991673028616666,0.0764294345,False,False,10,4.277441172111274,4,"['Ag', 'Bi', 'I', 'K']",Ag-Bi-I-K,K2AgBiI6
mp-1195262,AgBi(IO3)4,2.4344,-0.925399132314814,0.0,False,True,72,5.73153553563091,4,"['Ag', 'Bi', 'I', 'O']",Ag-Bi-I-O,AgBi(IO3)4
mp-1110821,Rb2AgBiI6,0.827299999999999,-1.038919942666666,0.049263565687501,False,False,10,4.57207559180475,4,"['Ag', 'Bi', 'I', 'Rb']",Ag-Bi-I-Rb,Rb2AgBiI6
mp-1224101,InAg2BiSe4,0.0,-0.375414634739581,0.053337034375001,True,False,8,7.343880722641314,4,"['Ag', 'Bi', 'In', 'Se']",Ag-Bi-In-Se,InAg2BiSe4
mp-3214812,AgBiIr2O7,0.0,-0.918451253295454,0.0,True,True,22,10.205333984150885,4,"['Ag', 'Bi', 'Ir', 'O']",Ag-Bi-Ir-O,AgBiIr2O7
mp-3204228,Ag3Bi(Ir2O7)2,0.0,-0.764322238749999,0.0,True,True,22,9.71496110921236,4,"['Ag', 'Bi', 'Ir', 'O']",Ag-Bi-Ir-O,Ag3Bi(Ir2O7)2
mp-27549,K2AgBi,0.6783,-0.414086274374998,0.0,False,True,8,4.566620318681974,3,"['Ag', 'Bi', 'K']",Ag-Bi-K,K2AgBi
mp-3211254,KAg3(BiO3)4,0.0,-0.899596300187502,0.0,True,True,20,8.063748080031656,4,"['Ag', 'Bi', 'K', 'O']",Ag-Bi-K-O,KAg3(BiO3)4
mp-1206336,La2AgBi3,0.120499999999999,1.97532162222221,2.838131302222216,False,False,6,0.308594573375578,3,"['Ag', 'Bi', 'La']",Ag-Bi-La,La2AgBi3
mp-3230366,LiLa2AgBi4,0.0,-0.7936615277083371,0.0,True,True,8,8.897556993196899,4,"['Ag', 'Bi', 'La', 'Li']",Ag-Bi-La-Li,LiLa2AgBi4
mp-569333,Li2AgBi,0.0,-0.395594653333333,0.022958259166667,True,False,4,7.029039352409919,3,"['Ag', 'Bi', 'Li']",Ag-Bi-Li,Li2AgBi
mp-1095962,LiAg2Bi,0.4336,1.174146192916662,1.383422649166664,False,False,4,0.662343141831477,3,"['Ag', 'Bi', 'Li']",Ag-Bi-Li,LiAg2Bi
mp-3203206,Rb4LiAgBi2,0.9081,-0.465776640833333,0.0,False,True,8,4.46173466862661,4,"['Ag', 'Bi', 'Li', 'Rb']",Ag-Bi-Li-Rb,Rb4LiAgBi2
mp-3230698,LiSm2AgBi4,0.0,-0.684300437708337,0.00183839875001,True,False,8,9.557035632233855,4,"['Ag', 'Bi', 'Li', 'Sm']",Ag-Bi-Li-Sm,LiSm2AgBi4
mp-3246080,Li2Yb3AgBi3,0.0,-0.529162885370371,0.013447024722218,True,False,9,9.140459087476508,4,"['Ag', 'Bi', 'Li', 'Yb']",Ag-Bi-Li-Yb,Li2Yb3AgBi3
mp-3209517,Lu10Zn3AgBi2,0.0,-0.456262045416671,0.0,True,True,16,10.355703101139849,4,"['Ag', 'Bi', 'Lu', 'Zn']",Ag-Bi-Lu-Zn,Lu10Zn3AgBi2
mp-1233354,MgAg20(BiO4)4,0.6295000000000001,-0.6701858387398361,0.096296261479672,False,False,41,7.455127605606991,4,"['Ag', 'Bi', 'Mg', 'O']",Ag-Bi-Mg-O,MgAg20(BiO4)4
mp-1042404,MgAgBiO5,0.0,-1.297627935833334,0.156556066458332,True,False,64,6.638144814874423,4,"['Ag', 'Bi', 'Mg', 'O']",Ag-Bi-Mg-O,MgAgBiO5
mp-2217636,MgAg2(BiO3)2,0.0,-1.223589421666667,0.239110497424241,True,False,11,6.630622849398157,4,"['Ag', 'Bi', 'Mg', 'O']",Ag-Bi-Mg-O,MgAg2(BiO3)2
mp-3293684,Mg2Ag3BiO6,0.5554,-1.4117415915972211,0.0,False,True,36,6.902654720661869,4,"['Ag', 'Bi', 'Mg', 'O']",Ag-Bi-Mg-O,Mg2Ag3BiO6
mp-3209821,Ag6BiNO11,0.0,-0.367394906842105,0.0,True,True,19,6.8496982457365885,4,"['Ag', 'Bi', 'N', 'O']",Ag-Bi-N-O,Ag6BiNO11
mp-3212055,Ag3Bi(NO3)8,0.0,-0.325134128888889,0.0,True,True,36,3.72691288700778,4,"['Ag', 'Bi', 'N', 'O']",Ag-Bi-N-O,Ag3Bi(NO3)8
mp-3208388,NaAg(Bi3S5)2,1.080099999999999,-0.495087822395836,0.0,False,True,18,6.175371444118572,4,"['Ag', 'Bi', 'Na', 'S']",Ag-Bi-Na-S,NaAg(Bi3S5)2
mp-1220551,Nb4AgBi5O18,2.140799999999999,-2.305072142916668,0.020201231357146,False,False,28,7.626286631604194,4,"['Ag', 'Bi', 'Nb', 'O']",Ag-Bi-Nb-O,Nb4AgBi5O18
mp-651048,Ag9(BiO3)2,0.5601,-0.403674674999999,0.254321086647058,False,False,68,5.019654193350925,3,"['Ag', 'Bi', 'O']",Ag-Bi-O,Ag9(BiO3)2
mp-558712,Ag2BiO3,0.0,-0.913087568055555,0.004223702499997,True,False,24,8.205652827985512,3,"['Ag', 'Bi', 'O']",Ag-Bi-O,Ag2BiO3
mp-775774,AgBiO3,0.0,-1.024969332333334,0.027917849999993,True,False,10,8.1176254841836,3,"['Ag', 'Bi', 'O']",Ag-Bi-O,AgBiO3
mp-996965,AgBiO2,0.7818,-1.104952774166666,0.04518056325,False,False,8,7.638430183940319,3,"['Ag', 'Bi', 'O']",Ag-Bi-O,AgBiO2
mp-28729,Ag25(BiO6)3,0.056799999999999,-0.5467989480797101,0.003507076956518,False,False,46,7.829391985299249,3,"['Ag', 'Bi', 'O']",Ag-Bi-O,Ag25(BiO6)3
mp-28812,Ag5BiO4,1.5002,-0.6585394598333311,0.0,False,True,40,8.20077131927059,3,"['Ag', 'Bi', 'O']",Ag-Bi-O,Ag5BiO4
mp-28996,Ag4Bi2O5,1.720799999999999,-0.903705255378788,0.022976319499999,False,False,44,8.05844137242436,3,"['Ag', 'Bi', 'O']",Ag-Bi-O,Ag4Bi2O5
mp-505145,Ag3BiO3,1.546999999999999,-0.7834499885714281,0.01554486485714,False,False,56,8.276325591559287,3,"['Ag', 'Bi', 'O']",Ag-Bi-O,Ag3BiO3
mp-3210845,AgBiPt2O7,0.0,-0.761863654659092,0.0,True,True,22,10.205877829251184,4,"['Ag', 'Bi', 'O', 'Pt']",Ag-Bi-O-Pt,AgBiPt2O7
mp-3205880,Ag3Bi(Pt2O7)2,0.0,-0.6092692960227271,0.0,True,True,22,9.869773505597298,4,"['Ag', 'Bi', 'O', 'Pt']",Ag-Bi-O-Pt,Ag3Bi(Pt2O7)2
mp-3210788,AgBi3(Rh2O7)2,0.0,-1.0569608178409111,0.0,True,True,22,8.658592586066685,4,"['Ag', 'Bi', 'O', 'Rh']",Ag-Bi-O-Rh,AgBi3(Rh2O7)2
mp-3211094,AgBi3(Ru2O7)2,0.0,-1.18457095193182,0.0,True,True,22,8.371346537634562,4,"['Ag', 'Bi', 'O', 'Ru']",Ag-Bi-O-Ru,AgBi3(Ru2O7)2
mp-3214267,AgBiRu2O7,0.0,-1.072631780568183,0.0,True,True,22,7.945901756678384,4,"['Ag', 'Bi', 'O', 'Ru']",Ag-Bi-O-Ru,AgBiRu2O7
mp-1217194,Ti2AgBiO6,1.412,-2.464096025833334,0.110536402374995,False,False,10,7.119267974180334,4,"['Ag', 'Bi', 'O', 'Ti']",Ag-Bi-O-Ti,Ti2AgBiO6
mp-1192345,AgBi(WO4)2,2.9907,-1.854503409305555,0.01408841765625,False,False,24,7.992777992463719,4,"['Ag', 'Bi', 'O', 'W']",Ag-Bi-O-W,AgBi(WO4)2
mp-1215004,AgBi2WO8,0.1379,-1.396247751805556,0.149225808888886,False,False,24,7.874245257448344,4,"['Ag', 'Bi', 'O', 'W']",Ag-Bi-O-W,AgBi2WO8
mp-1042418,ZnAgBiO5,0.0,-0.974866631458334,0.137358160833332,True,False,64,7.214219073561225,4,"['Ag', 'Bi', 'O', 'Zn']",Ag-Bi-O-Zn,ZnAgBiO5
mp-556434,AgBi(PS3)2,1.183799999999999,-0.338825210782738,0.0,False,True,20,4.147865928609672,4,"['Ag', 'Bi', 'P', 'S']",Ag-Bi-P-S,AgBi(PS3)2
mp-569126,AgBi(PSe3)2,1.2778,-0.465881064501488,0.0,False,True,20,4.996191648875751,4,"['Ag', 'Bi', 'P', 'Se']",Ag-Bi-P-Se,AgBi(PSe3)2
mp-1229121,AgBiPbS3,0.068299999999999,-0.5514059090277761,0.040036299722221,False,False,6,7.057910390573253,4,"['Ag', 'Bi', 'Pb', 'S']",Ag-Bi-Pb-S,AgBiPbS3
mp-1229202,AgBi3PbS6,0.310299999999999,-0.598810868787878,0.020176224545455,False,False,22,6.6606915353933625,4,"['Ag', 'Bi', 'Pb', 'S']",Ag-Bi-Pb-S,AgBi3PbS6
mp-1229113,AgBiTe3Pb,0.0,-0.260800182083329,0.045274337499996,True,False,6,7.856104366659133,4,"['Ag', 'Bi', 'Pb', 'Te']",Ag-Bi-Pb-Te,AgBiTe3Pb
mp-1183166,AgBiPd2,0.0,-0.188207855000001,0.014839621388887,True,False,4,12.08530532723254,3,"['Ag', 'Bi', 'Pd']",Ag-Bi-Pd,AgBiPd2
mp-675977,AgBiS2,0.316899999999999,-0.26199175807292,0.046753416666668,False,False,8,6.932464224774485,3,"['Ag', 'Bi', 'S']",Ag-Bi-S,AgBiS2
mp-558796,Ag(Bi2S3)3,0.0,-0.359322325279947,0.029379677083333,True,False,16,6.530571606068036,3,"['Ag', 'Bi', 'S']",Ag-Bi-S,Ag(Bi2S3)3
mp-23474,AgBi3S5,0.5262,-0.372202277673611,0.0,False,True,18,6.622904931039951,3,"['Ag', 'Bi', 'S']",Ag-Bi-S,AgBi3S5
mp-1229165,Ag3Bi7S12,0.6774999999999991,-0.351237027064392,0.009427595530304,False,False,22,6.569616308680433,3,"['Ag', 'Bi', 'S']",Ag-Bi-S,Ag3Bi7S12
mp-1214935,Ag3Bi8S13,0.0,-0.33329704461372,0.032232886388896,True,False,24,6.671943876460009,3,"['Ag', 'Bi', 'S']",Ag-Bi-S,Ag3Bi8S13
mp-1229089,AgBiSeS,0.0,-0.207793395954858,0.109409328055559,True,False,4,7.407995033474446,4,"['Ag', 'Bi', 'S', 'Se']",Ag-Bi-S-Se,AgBiSeS
mp-1229130,Ag2Bi2SeS3,0.188999999999999,-0.258434457430556,0.055230881736111,False,False,8,7.108014722541554,4,"['Ag', 'Bi', 'S', 'Se']",Ag-Bi-S-Se,Ag2Bi2SeS3
mp-1229127,Ag2SnBiS4,0.0,-0.283376541718748,0.051151939374999,True,False,8,6.344301699808255,4,"['Ag', 'Bi', 'S', 'Sn']",Ag-Bi-S-Sn,Ag2SnBiS4
mp-1229120,Ag2BiSbSe4,0.0,-0.229524938489586,0.046519244062498,True,False,8,7.179529875820542,4,"['Ag', 'Bi', 'Sb', 'Se']",Ag-Bi-Sb-Se,Ag2BiSbSe4
mp-1229134,Ag2BiSb(TeSe)2,0.0,-0.32729042141927,0.097006573749999,True,False,8,7.329475559716415,5,"['Ag', 'Bi', 'Sb', 'Se', 'Te']",Ag-Bi-Sb-Se-Te,Ag2BiSb(TeSe)2
mp-1229125,Ag2BiSbTe4,0.0,-0.277884851249999,0.0681134225,True,False,8,7.423833901652597,4,"['Ag', 'Bi', 'Sb', 'Te']",Ag-Bi-Sb-Te,Ag2BiSbTe4
mp-1183002,AgBiSe2,0.2618,0.282702930052082,0.606980423749998,False,False,4,4.298290935817175,3,"['Ag', 'Bi', 'Se']",Ag-Bi-Se,AgBiSe2
mp-1207284,Ag(BiSe2)3,0.0,1.19318131217359,1.543587983999998,True,False,10,0.38603699595195,3,"['Ag', 'Bi', 'Se']",Ag-Bi-Se,Ag(BiSe2)3
mp-1215149,Ag3BiSe6,0.0942,0.8404938300598981,1.02355997466406,False,False,10,0.466819354062449,3,"['Ag', 'Bi', 'Se']",Ag-Bi-Se,Ag3BiSe6
mp-1229140,Ag2SnBiSe4,0.0,-0.267650979218768,0.063996524427057,True,False,8,7.116700364217253,4,"['Ag', 'Bi', 'Se', 'Sn']",Ag-Bi-Se-Sn,Ag2SnBiSe4
mp-1229083,AgBiTeSe,0.0,-0.191390204765625,0.088277748749998,True,False,4,7.822255408644641,4,"['Ag', 'Bi', 'Se', 'Te']",Ag-Bi-Se-Te,AgBiTeSe
mp-1097475,Sr2AgBi,0.233099999999999,0.684280260902781,1.45495734319444,False,False,4,0.506553650687674,3,"['Ag', 'Bi', 'Sr']",Ag-Bi-Sr,Sr2AgBi
mp-31018,SrAgBi,0.0,-0.696440603333333,0.0,True,True,6,7.374082938324834,3,"['Ag', 'Bi', 'Sr']",Ag-Bi-Sr,SrAgBi
mp-570549,AgBiTe2,0.0,-0.108864121458339,0.098332707916661,True,False,12,7.862872724998528,3,"['Ag', 'Bi', 'Te']",Ag-Bi-Te,AgBiTe2
mp-1206226,Ag(BiTe2)3,0.0,1.105454834906254,1.3255340686562531,True,False,10,0.371774143004403,3,"['Ag', 'Bi', 'Te']",Ag-Bi-Te,Ag(BiTe2)3
mp-865546,Yb2AgBi,0.0,-0.385643545,0.119004674999999,True,False,4,11.010804037303222,3,"['Ag', 'Bi', 'Yb']",Ag-Bi-Yb,Yb2AgBi
mp-3315066,Yb5AgBi3,0.0,-0.5531693416666721,0.0,True,True,18,10.24797459422742,3,"['Ag', 'Bi', 'Yb']",Ag-Bi-Yb,Yb5AgBi3
mp-570301,AgBr,0.6990000000000001,-0.587576648333332,0.07204439,False,False,4,6.2451636235626085,2,"['Ag', 'Br']",Ag-Br,AgBr
mp-862982,Ag2Br3,0.0,-0.589244397666665,0.0,True,True,10,5.725566588271111,2,"['Ag', 'Br']",Ag-Br,Ag2Br3
mp-1183272,Ag3Br,0.0,-0.042939627499998,0.286870891666667,True,False,8,7.648671575046948,2,"['Ag', 'Br']",Ag-Br,Ag3Br
mp-1200682,AgH18C4S4BrN8O,3.103,-0.47394312018018,0.023632090833333,False,False,148,1.751406377221093,7,"['Ag', 'Br', 'C', 'H', 'N', 'O', 'S']",Ag-Br-C-H-N-O-S,AgH18C4S4BrN8O
mp-1202066,AgH8C2S2BrN4,2.9647,-0.429055584259258,0.02376440336168,False,False,144,2.195366997811742,6,"['Ag', 'Br', 'C', 'H', 'N', 'S']",Ag-Br-C-H-N-S,AgH8C2S2BrN4
mp-1202797,Ag2H12C3S3(BrN3)2,2.7767,-0.433621977529761,0.035553705269679,False,False,56,2.485787848613867,6,"['Ag', 'Br', 'C', 'H', 'N', 'S']",Ag-Br-C-H-N-S,Ag2H12C3S3(BrN3)2
mp-725087,Ag2C4Br3N,0.0,1.081002139666666,1.375624338499998,True,False,40,3.409557706414568,4,"['Ag', 'Br', 'C', 'N']",Ag-Br-C-N,Ag2C4Br3N
mp-1214977,AgC4(BrO)2,2.5782,-0.469115513518518,0.299135763949653,False,False,36,3.637585815122014,4,"['Ag', 'Br', 'C', 'O']",Ag-Br-C-O,AgC4(BrO)2
mp-3209872,CdAg6BrO8,0.0,-0.36927427671875,0.0,True,True,16,6.74662832290224,4,"['Ag', 'Br', 'Cd', 'O']",Ag-Br-Cd-O,CdAg6BrO8
mp-1113262,Cs2CeAgBr6,2.6247,-1.8869487550977,0.0,False,True,10,4.239055522234857,4,"['Ag', 'Br', 'Ce', 'Cs']",Ag-Br-Ce-Cs,Cs2CeAgBr6
mp-1110919,K2CeAgBr6,2.5986,-1.795749157616665,0.07802651775,False,False,10,3.5351199244655502,4,"['Ag', 'Br', 'Ce', 'K']",Ag-Br-Ce-K,K2CeAgBr6
mp-1110820,Rb2CeAgBr6,0.2433,-1.842134083666665,0.045689086000001,False,False,10,3.905305880286723,4,"['Ag', 'Br', 'Ce', 'Rb']",Ag-Br-Ce-Rb,Rb2CeAgBr6
mp-3211594,Ag4BrCl5,0.0,-0.485497578999999,0.0,True,True,10,4.760739107000035,3,"['Ag', 'Br', 'Cl']",Ag-Br-Cl,Ag4BrCl5
mp-1229204,Ag4Hg5S5IBrCl2,0.868699999999999,-0.523631087592593,0.006986933888889,False,False,36,6.414661908299147,6,"['Ag', 'Br', 'Cl', 'Hg', 'I', 'S']",Ag-Br-Cl-Hg-I-S,Ag4Hg5S5IBrCl2
mp-1229155,Ag4Hg4S4BrCl3,1.599399999999999,-0.597054644479167,0.0,False,True,16,6.10800835172548,5,"['Ag', 'Br', 'Cl', 'Hg', 'S']",Ag-Br-Cl-Hg-S,Ag4Hg4S4BrCl3
mp-1229222,Ag10Te4BrCl,0.2208,-0.330694986145831,0.00160373265625,False,False,64,7.29653849852453,4,"['Ag', 'Br', 'Cl', 'Te']",Ag-Br-Cl-Te,Ag10Te4BrCl
mp-3211652,CoAgBr18,0.0,-0.112765842500002,0.031500516562498,True,False,20,3.813226023110612,3,"['Ag', 'Br', 'Co']",Ag-Br-Co,CoAgBr18
mp-3215982,CrAgBr18,0.2156,-0.2266661835,0.0369279749375,False,False,20,3.670179963683069,3,"['Ag', 'Br', 'Cr']",Ag-Br-Cr,CrAgBr18
mp-3271393,Cs3Ag2Br7,0.0,-1.2504788456249991,0.0,True,True,24,4.51965366586632,3,"['Ag', 'Br', 'Cs']",Ag-Br-Cs,Cs3Ag2Br7
mp-640052,Cs2AgBr3,2.7333,-1.598892396412833,0.0,False,True,24,4.266933081078726,3,"['Ag', 'Br', 'Cs']",Ag-Br-Cs,Cs2AgBr3
mp-571100,CsAgBr2,1.7972,-1.351501942830461,0.012572614062498,False,False,8,4.61412603237203,3,"['Ag', 'Br', 'Cs']",Ag-Br-Cs,CsAgBr2
mp-998344,CsAgBr3,0.0,-1.237046035264368,1.979399999996189e-05,True,False,5,4.806819244203732,3,"['Ag', 'Br', 'Cs']",Ag-Br-Cs,CsAgBr3
mp-1113553,Cs2GaAgBr6,0.0551,-1.425489123847701,0.087326618374999,False,False,10,4.620756528291801,4,"['Ag', 'Br', 'Cs', 'Ga']",Ag-Br-Cs-Ga,Cs2GaAgBr6
mp-1113554,Cs2InAgBr6,0.255599999999999,-1.472874406764367,0.0,False,True,10,4.54680718945434,4,"['Ag', 'Br', 'Cs', 'In']",Ag-Br-Cs-In,Cs2InAgBr6
mp-1113243,Cs2AgMoBr6,0.5337000000000001,-1.330556895097701,0.054362561624994,False,False,10,4.665265439099171,4,"['Ag', 'Br', 'Cs', 'Mo']",Ag-Br-Cs-Mo,Cs2AgMoBr6
mp-1112944,Cs2NdAgBr6,3.3798,-1.897230833847701,0.0,False,True,10,4.296186094379305,4,"['Ag', 'Br', 'Cs', 'Nd']",Ag-Br-Cs-Nd,Cs2NdAgBr6
mp-1112943,Cs2AgSbBr6,1.1916,-1.4068146840977,0.011956138312506,False,False,10,4.395385730695127,4,"['Ag', 'Br', 'Cs', 'Sb']",Ag-Br-Cs-Sb,Cs2AgSbBr6
mp-1113451,Cs2ScAgBr6,2.8546,-1.834310511597701,0.022731832812501,False,False,10,4.286977605502238,4,"['Ag', 'Br', 'Cs', 'Sc']",Ag-Br-Cs-Sc,Cs2ScAgBr6
mp-1112334,Cs2TaAgBr6,0.0,-1.356169582831035,0.14391227813333,True,False,10,5.030767399942142,4,"['Ag', 'Br', 'Cs', 'Ta']",Ag-Br-Cs-Ta,Cs2TaAgBr6
mp-1113444,Cs2TlAgBr6,0.0,-1.351672621431034,0.004289197250001,True,False,10,5.069301759177637,4,"['Ag', 'Br', 'Cs', 'Tl']",Ag-Br-Cs-Tl,Cs2TlAgBr6
mp-1112323,Cs2YAgBr6,3.335,-1.9004306030977007,0.009489403312495,False,False,10,4.21733441208544,4,"['Ag', 'Br', 'Cs', 'Y']",Ag-Br-Cs-Y,Cs2YAgBr6
mp-3214956,Ga2CuAgBr8,2.0692,-0.7956706212499991,0.0,False,True,12,4.079099474604432,4,"['Ag', 'Br', 'Cu', 'Ga']",Ag-Br-Cu-Ga,Ga2CuAgBr8
mp-1212706,FeAgBr4,0.0,-0.8140476123611111,0.0,True,True,24,4.373920238771324,3,"['Ag', 'Br', 'Fe']",Ag-Br-Fe,FeAgBr4
mp-3211996,LiFe2AgBr8,1.294,-0.851745184305554,0.0,False,True,12,3.651638350991481,4,"['Ag', 'Br', 'Fe', 'Li']",Ag-Br-Fe-Li,LiFe2AgBr8
mp-3208721,Na3Fe4AgBr16,1.305,-0.9781701760416652,0.0,False,True,24,3.606925118293227,4,"['Ag', 'Br', 'Fe', 'Na']",Ag-Br-Fe-Na,Na3Fe4AgBr16
mp-1112470,K2GaAgBr6,0.0,-1.361663200366666,0.115876427999999,True,False,10,3.853689719237846,4,"['Ag', 'Br', 'Ga', 'K']",Ag-Br-Ga-K,K2GaAgBr6
mp-1111537,Na2GaAgBr6,0.0,-1.173909956192528,0.211352234999999,True,False,10,3.775470227770617,4,"['Ag', 'Br', 'Ga', 'Na']",Ag-Br-Ga-Na,Na2GaAgBr6
mp-1111731,Rb2GaAgBr6,0.3661,-1.397193637416666,0.088618130625,False,False,10,4.260226271088935,4,"['Ag', 'Br', 'Ga', 'Rb']",Ag-Br-Ga-Rb,Rb2GaAgBr6
mp-1214970,Ag6Ge(S2Br)2,0.5586,-0.45820348653846,0.014315194935897,False,False,52,5.525826719757256,4,"['Ag', 'Br', 'Ge', 'S']",Ag-Br-Ge-S,Ag6Ge(S2Br)2
mp-1102571,AgH3BrN,2.4608,-0.52785920423611,0.0474270287499999,False,False,12,3.695960547725161,4,"['Ag', 'Br', 'H', 'N']",Ag-Br-H-N,AgH3BrN
mp-849798,AgH36S8Br2(N3O4)3,3.1878,-0.837999660539215,0.070071313818277,False,False,136,1.991900462397213,6,"['Ag', 'Br', 'H', 'N', 'O', 'S']",Ag-Br-H-N-O-S,AgH36S8Br2(N3O4)3
mp-1205035,AgH28S8Br2(N3O4)3,0.029199999999999,-0.666901973527777,0.252929659135045,False,False,120,1.896813052294136,6,"['Ag', 'Br', 'H', 'N', 'O', 'S']",Ag-Br-H-N-O-S,AgH28S8Br2(N3O4)3
mp-571425,Ag2Hg7(P4Br3)2,0.7716000000000001,-0.356669641651139,0.011496089901656,False,False,23,6.592176645910806,4,"['Ag', 'Br', 'Hg', 'P']",Ag-Br-Hg-P,Ag2Hg7(P4Br3)2
mp-1229184,Ag2Hg3P4Br3,0.8896000000000001,-0.3418639457837299,0.011714015555556,False,False,24,6.570153484316474,4,"['Ag', 'Br', 'Hg', 'P']",Ag-Br-Hg-P,Ag2Hg3P4Br3
mp-560067,AgHgSBr,1.2604,-0.544299855416667,0.0,False,True,16,6.111590113044165,4,"['Ag', 'Br', 'Hg', 'S']",Ag-Br-Hg-S,AgHgSBr
mp-3207923,AgHgSeBr,1.4515,-0.371991880390623,0.0,False,True,16,6.627770626478789,4,"['Ag', 'Br', 'Hg', 'Se']",Ag-Br-Hg-Se,AgHgSeBr
mp-1229151,Ag15S5I4Br,0.5666,-0.277351580299998,0.065281373399997,False,False,25,6.535109634527875,4,"['Ag', 'Br', 'I', 'S']",Ag-Br-I-S,Ag15S5I4Br
mp-1229171,Ag6S2IBr,0.5861000000000001,-0.284510965499998,0.081145324999997,False,False,10,6.288392755380496,4,"['Ag', 'Br', 'I', 'S']",Ag-Br-I-S,Ag6S2IBr
mp-1112464,K2InAgBr6,0.1875,-1.396606967283332,0.05956522225,False,False,10,3.8006477277599,4,"['Ag', 'Br', 'In', 'K']",Ag-Br-In-K,K2InAgBr6
mp-1111184,Na2InAgBr6,0.1697,-1.201057848109195,0.160506503499998,False,False,10,3.716330817408526,4,"['Ag', 'Br', 'In', 'Na']",Ag-Br-In-Na,Na2InAgBr6
mp-1111729,Rb2InAgBr6,0.2143,-1.437007130333333,0.033568483124998,False,False,10,4.197725954359151,4,"['Ag', 'Br', 'In', 'Rb']",Ag-Br-In-Rb,Rb2InAgBr6
mp-1224043,In2AgS3Br,0.9666,-0.812876608928569,0.008497047023806,False,False,14,4.95689663186892,4,"['Ag', 'Br', 'In', 'S']",Ag-Br-In-S,In2AgS3Br
mp-1223994,In2AgSe3Br,0.218099999999999,-0.7708357402901771,0.028221252619049,False,False,14,5.582280136918936,4,"['Ag', 'Br', 'In', 'Se']",Ag-Br-In-Se,In2AgSe3Br
mp-1223756,In2AgTe3Br,0.0,-0.529491627142855,0.133050967499999,True,False,7,6.137387253693651,4,"['Ag', 'Br', 'In', 'Te']",Ag-Br-In-Te,In2AgTe3Br
mp-3284191,K2AgBr3,3.1801,-1.47724121625,0.0,False,True,24,3.655220396085446,3,"['Ag', 'Br', 'K']",Ag-Br-K,K2AgBr3
mp-998553,KAgBr3,0.0,-1.178872599783332,0.0,True,True,10,4.274217927923269,3,"['Ag', 'Br', 'K']",Ag-Br-K,KAgBr3
mp-1110917,K2AgMoBr6,0.6656000000000001,-1.261947738616666,0.068564500499997,False,False,10,3.902229248141369,4,"['Ag', 'Br', 'K', 'Mo']",Ag-Br-K-Mo,K2AgMoBr6
mp-1110916,K2NdAgBr6,3.2105,-1.8063844393666664,0.083596328999999,False,False,10,3.57304965196073,4,"['Ag', 'Br', 'K', 'Nd']",Ag-Br-K-Nd,K2NdAgBr6
mp-3210712,K5Ag(BrO)2,2.2755,-1.472244789124998,0.0,False,True,20,3.138244942287243,4,"['Ag', 'Br', 'K', 'O']",Ag-Br-K-O,K5Ag(BrO)2
mp-1110914,K2PrAgBr6,3.183099999999999,-1.801512863783333,0.089876523499999,False,False,10,3.521716820864842,4,"['Ag', 'Br', 'K', 'Pr']",Ag-Br-K-Pr,K2PrAgBr6
mp-1110912,K2AgSbBr6,1.1248,-1.322933582616666,0.019743254750001,False,False,10,3.665237938929471,4,"['Ag', 'Br', 'K', 'Sb']",Ag-Br-K-Sb,K2AgSbBr6
mp-1111998,K2ScAgBr6,2.8359,-1.759966548116666,0.0067287,False,False,10,3.545031524426464,4,"['Ag', 'Br', 'K', 'Sc']",Ag-Br-K-Sc,K2ScAgBr6
mp-1112085,K2TaAgBr6,0.0,-1.285183975349999,0.201489403133332,True,False,10,4.283504584123869,4,"['Ag', 'Br', 'K', 'Ta']",Ag-Br-K-Ta,K2TaAgBr6
mp-1112445,K2TlAgBr6,0.0,-1.27055994995,0.0504351847499999,True,False,10,4.116045510673685,4,"['Ag', 'Br', 'K', 'Tl']",Ag-Br-K-Tl,K2TlAgBr6
mp-1110911,K2YAgBr6,3.2941,-1.815570857616666,0.045779363,False,False,10,3.492395269469542,4,"['Ag', 'Br', 'K', 'Y']",Ag-Br-K-Y,K2YAgBr6
mp-3207190,LiTc4Ag7Br24,0.8641999999999991,-0.618579532546296,0.0,False,True,36,4.882847795793289,4,"['Ag', 'Br', 'Li', 'Tc']",Ag-Br-Li-Tc,LiTc4Ag7Br24
mp-3205834,LuAg6BrO8,0.0,-0.831376291510416,0.0,True,True,16,7.141439360247888,4,"['Ag', 'Br', 'Lu', 'O']",Ag-Br-Lu-O,LuAg6BrO8
mp-2218940,MgAg2(BrO4)2,0.9181,-0.595344443717948,0.189079823846153,False,False,13,3.589808757752782,4,"['Ag', 'Br', 'Mg', 'O']",Ag-Br-Mg-O,MgAg2(BrO4)2
mp-2222799,MgAg2(BrO2)2,0.0,-0.53057086648148,0.5083649495238111,True,False,9,4.499117535575134,4,"['Ag', 'Br', 'Mg', 'O']",Ag-Br-Mg-O,MgAg2(BrO2)2
mp-680482,AgMo6Br13,2.0242,-0.995895149583333,0.011573592249998,False,False,40,4.770656488176105,3,"['Ag', 'Br', 'Mo']",Ag-Br-Mo,AgMo6Br13
mp-1110808,Rb2AgMoBr6,0.6687000000000001,-1.299246832666666,0.064340510479169,False,False,10,4.313949393215549,4,"['Ag', 'Br', 'Mo', 'Rb']",Ag-Br-Mo-Rb,Rb2AgMoBr6
mp-556345,Ag2BrNO3,1.6045,-0.6550704147619041,0.019580985714285,False,False,28,5.030349553075043,4,"['Ag', 'Br', 'N', 'O']",Ag-Br-N-O,Ag2BrNO3
mp-1110807,Rb2NdAgBr6,3.3063,-1.852370581416666,0.050721213499998,False,False,10,3.942068392689895,4,"['Ag', 'Br', 'Nd', 'Rb']",Ag-Br-Nd-Rb,Rb2NdAgBr6
mp-755991,AgBrO4,0.9302999999999992,-0.15986117986111,0.079046415902778,False,False,24,4.509254968757519,3,"['Ag', 'Br', 'O']",Ag-Br-O,AgBrO4
mp-3257559,Ag7BrO8,0.0,-0.208763938906249,0.0,True,True,16,6.758194417513501,3,"['Ag', 'Br', 'O']",Ag-Br-O,Ag7BrO8
mp-1096805,AgBrO2,0.0,-0.226917261666665,0.123046815955882,True,False,4,3.0908469769315112,3,"['Ag', 'Br', 'O']",Ag-Br-O,AgBrO2
mp-1178562,AgBrO3,2.383,-0.285035796333332,0.001653318583333,False,False,5,5.067049942399514,3,"['Ag', 'Br', 'O']",Ag-Br-O,AgBrO3
mp-559470,AgPbBrO,0.188299999999999,-1.007267071666665,0.062646068749998,False,False,8,5.90910466322465,4,"['Ag', 'Br', 'O', 'Pb']",Ag-Br-O-Pb,AgPbBrO
mp-3202903,Sr2AgBrO2,3.251699999999999,-2.179944545,0.0,False,True,6,4.69684497564946,4,"['Ag', 'Br', 'O', 'Sr']",Ag-Br-O-Sr,Sr2AgBrO2
mp-1229084,AgW2(Br3O)2,0.0,-1.0959673328787871,0.083589455700756,True,False,11,5.430397077960874,4,"['Ag', 'Br', 'O', 'W']",Ag-Br-O-W,AgW2(Br3O)2
mp-3203440,YAg6BrO8,0.0,-0.820925445468748,0.0,True,True,16,6.441252180336545,4,"['Ag', 'Br', 'O', 'Y']",Ag-Br-O-Y,YAg6BrO8
mp-3248413,PaAgBr6,1.7307,-1.349944860000004,0.0,False,True,8,4.68030158341041,3,"['Ag', 'Br', 'Pa']",Ag-Br-Pa,PaAgBr6
mp-621612,AgPb2Br5,1.9341,-1.099094383333332,0.035843713125,False,False,16,6.276837626315522,3,"['Ag', 'Br', 'Pb']",Ag-Br-Pb,AgPb2Br5
mp-1110818,Rb2PrAgBr6,3.2758,-1.848100200833332,0.056320674000001,False,False,10,3.890494761634108,4,"['Ag', 'Br', 'Pr', 'Rb']",Ag-Br-Pr-Rb,Rb2PrAgBr6
mp-3292205,Rb3AgBr16,2.035,-0.6714406184375,0.0,False,True,20,3.811536364529046,3,"['Ag', 'Br', 'Rb']",Ag-Br-Rb,Rb3AgBr16
mp-567714,Rb2AgBr3,2.6666,-1.5768502490277772,0.0,False,True,24,4.068774222744162,3,"['Ag', 'Br', 'Rb']",Ag-Br-Rb,Rb2AgBr3
mp-998212,RbAgBr3,0.0,-1.209148418833332,0.0,True,True,5,4.449690670296919,3,"['Ag', 'Br', 'Rb']",Ag-Br-Rb,RbAgBr3
mp-1110804,Rb2AgSbBr6,1.1538,-1.366274936666666,0.025189507562503,False,False,10,4.039577554820427,4,"['Ag', 'Br', 'Rb', 'Sb']",Ag-Br-Rb-Sb,Rb2AgSbBr6
mp-1111726,Rb2ScAgBr6,2.8737999999999992,-1.799523226166666,0.026484421312502,False,False,10,3.933364684424266,4,"['Ag', 'Br', 'Rb', 'Sc']",Ag-Br-Rb-Sc,Rb2ScAgBr6
mp-1110802,Rb2TaAgBr6,0.0,-1.3233529973999991,0.167478043133333,True,False,10,4.684668890561783,4,"['Ag', 'Br', 'Rb', 'Ta']",Ag-Br-Rb-Ta,Rb2TaAgBr6
mp-1111723,Rb2TlAgBr6,0.0,-1.312936539,0.000108163875,True,False,10,4.490699223048228,4,"['Ag', 'Br', 'Rb', 'Tl']",Ag-Br-Rb-Tl,Rb2TlAgBr6
mp-1110801,Rb2YAgBr6,3.3104,-1.859262088666666,0.008997185250002,False,False,10,3.874916606784515,4,"['Ag', 'Br', 'Rb', 'Y']",Ag-Br-Rb-Y,Rb2YAgBr6
mp-1105645,Ag3SBr,0.2964,-0.305716111999998,0.098312406499996,False,False,20,5.967646430204268,3,"['Ag', 'Br', 'S']",Ag-Br-S,Ag3SBr
mp-1215080,Ag12SBr,0.394499999999999,1.563036622678573,1.707332522142857,False,False,14,0.318507479664222,3,"['Ag', 'Br', 'S']",Ag-Br-S,Ag12SBr
mp-3203932,AgSe3Br,1.556,-0.186349543937498,0.0,False,True,20,5.027679915623968,3,"['Ag', 'Br', 'Se']",Ag-Br-Se,AgSe3Br
mp-676260,Ag9Te4Br3,0.0,-0.321560995416665,0.062398398437499,True,False,16,6.538585875270558,3,"['Ag', 'Br', 'Te']",Ag-Br-Te,Ag9Te4Br3
mp-568386,Ag10Te4Br3,0.9637,-0.364350311960783,0.002081343529411,False,False,68,6.979004698072393,3,"['Ag', 'Br', 'Te']",Ag-Br-Te,Ag10Te4Br3
mp-1215016,Ag5Te2Br,0.207899999999999,-0.310763617083332,0.000841444999999,False,False,64,7.391394824093044,3,"['Ag', 'Br', 'Te']",Ag-Br-Te,Ag5Te2Br
mp-998154,TlAgBr3,0.0,-0.813689626000001,0.055665225749998,True,False,5,5.795348826320991,3,"['Ag', 'Br', 'Tl']",Ag-Br-Tl,TlAgBr3
mp-3249848,UAgBr6,1.4493999999999991,-1.245508835624999,0.0,False,True,8,4.749610618124365,3,"['Ag', 'Br', 'U']",Ag-Br-U,UAgBr6
mp-29717,Ag(W3Br7)2,0.0,-0.8251726423412681,0.014560410317456,True,False,84,5.937908537178549,3,"['Ag', 'Br', 'W']",Ag-Br-W,Ag(W3Br7)2
mp-29718,AgW3Br7,2.6891,-0.817787528106059,0.0,False,True,44,6.226059589515711,3,"['Ag', 'Br', 'W']",Ag-Br-W,AgW3Br7
mp-1008653,AgC,0.0,2.236464982916667,2.236464982916667,True,False,2,7.829370446328863,2,"['Ag', 'C']",Ag-C,AgC
mp-1214982,AgC6,0.0,1.388995832619043,1.388995832619047,True,False,7,1.755440770114115,2,"['Ag', 'C']",Ag-C,AgC6
mp-1201374,Cs2CaAg2H4C6S6(N3O)2,3.2679,-0.630738347677367,0.113708885466953,False,False,58,2.286724010169966,8,"['Ag', 'C', 'Ca', 'Cs', 'H', 'N', 'O', 'S']",Ag-C-Ca-Cs-H-N-O-S,Cs2CaAg2H4C6S6(N3O)2
mp-568978,RbCdAg3(CN)6,2.802499999999999,0.123843742794117,0.274536576323527,False,False,17,2.956583565703761,5,"['Ag', 'C', 'Cd', 'N', 'Rb']",Ag-C-Cd-N-Rb,RbCdAg3(CN)6
mp-556201,AgSbC2N2(ClF3)2,3.6368,-1.378304703690475,0.142732057738094,False,False,28,2.415323109677272,6,"['Ag', 'C', 'Cl', 'F', 'N', 'Sb']",Ag-C-Cl-F-N-Sb,AgSbC2N2(ClF3)2
mp-567645,Ag2H12C6N3Cl,3.5031,-0.116943085347222,0.239637753090277,False,False,96,2.239614795293155,5,"['Ag', 'C', 'Cl', 'H', 'N']",Ag-C-Cl-H-N,Ag2H12C6N3Cl
mp-1200476,AgH14C3S3N6ClO,3.0284,-0.513272579367816,0.029766884741383,False,False,58,1.874401563921566,7,"['Ag', 'C', 'Cl', 'H', 'N', 'O', 'S']",Ag-C-Cl-H-N-O-S,AgH14C3S3N6ClO
mp-1202475,AgH24C9S3N6ClO4,3.3139,-0.307510830607637,0.301320767473962,False,False,96,1.599469160754888,7,"['Ag', 'C', 'Cl', 'H', 'N', 'O', 'S']",Ag-C-Cl-H-N-O-S,AgH24C9S3N6ClO4
mp-1215002,Ag2H8C2S2N5ClO3,2.4575,-0.5539089868840591,0.187750506981244,False,False,46,2.575937398817746,7,"['Ag', 'C', 'Cl', 'H', 'N', 'O', 'S']",Ag-C-Cl-H-N-O-S,Ag2H8C2S2N5ClO3
mp-1201812,AgH4CSN2Cl,2.6044,-0.483836554541667,0.043053044068275,False,False,80,2.665209957772459,6,"['Ag', 'C', 'Cl', 'H', 'N', 'S']",Ag-C-Cl-H-N-S,AgH4CSN2Cl
mp-1202929,AgH8C2S2N4Cl,0.0,-0.452294893425926,0.024224651750002,True,False,144,2.013170921322535,6,"['Ag', 'C', 'Cl', 'H', 'N', 'S']",Ag-C-Cl-H-N-S,AgH8C2S2N4Cl
mp-1205047,AgH36C15S3N6Cl,3.46,-0.214160620430107,0.112317902943549,False,False,248,1.314353278134514,6,"['Ag', 'C', 'Cl', 'H', 'N', 'S']",Ag-C-Cl-H-N-S,AgH36C15S3N6Cl
mp-1199373,AgH8C3S2ClO4,3.3939,-0.341327491074561,0.589549265780076,False,False,152,2.219628782143774,6,"['Ag', 'C', 'Cl', 'H', 'O', 'S']",Ag-C-Cl-H-O-S,AgH8C3S2ClO4
mp-1189890,AgC4NCl2,0.0,1.754109700944008,1.923115441354165,True,False,16,2.064907119133847,4,"['Ag', 'C', 'Cl', 'N']",Ag-C-Cl-N,AgC4NCl2
mp-1198516,Ag3CN(ClO5)2,1.356599999999999,0.01231062117647,0.772520699103855,False,False,34,3.481553644069474,5,"['Ag', 'C', 'Cl', 'N', 'O']",Ag-C-Cl-N-O,Ag3CN(ClO5)2
mp-680067,Ag2CSNClO4,2.5318,-0.246439743583333,0.8971311421000001,False,False,40,3.866168255266946,6,"['Ag', 'C', 'Cl', 'N', 'O', 'S']",Ag-C-Cl-N-O-S,Ag2CSNClO4
mp-1183000,AgC8S4N4Cl,0.000399999999999,0.8842600724007931,0.9474200650396832,False,False,18,1.365817579481941,5,"['Ag', 'C', 'Cl', 'N', 'S']",Ag-C-Cl-N-S,AgC8S4N4Cl
mp-1215161,AgC2S2N4Cl,0.0,0.741330343660719,0.8550183304107151,True,False,80,2.184633556522782,5,"['Ag', 'C', 'Cl', 'N', 'S']",Ag-C-Cl-N-S,AgC2S2N4Cl
mp-1214992,AgW6CCl18,0.079999999999999,-0.855049726794872,0.011629737820509,False,False,52,4.85185612086694,4,"['Ag', 'C', 'Cl', 'W']",Ag-C-Cl-W,AgW6CCl18
mp-6573,CoAg3(CN)6,3.4249,0.2434671837499999,0.2434671837499999,False,False,16,2.705796530612678,4,"['Ag', 'C', 'Co', 'N']",Ag-C-Co-N,CoAg3(CN)6
mp-647969,CoAg(CO)4,2.5425,-0.713803348416666,0.384357280833328,False,False,40,2.704748725271551,4,"['Ag', 'C', 'Co', 'O']",Ag-C-Co-O,CoAg(CO)4
mp-10101,CsAgC2,2.6118,0.366390490919539,0.389261980897988,False,False,8,3.446395357659245,3,"['Ag', 'C', 'Cs']",Ag-C-Cs,CsAgC2
mp-1192822,CsCuAg2(CN)4,2.2889,0.072840341417624,0.20601406986111,False,False,24,3.46489904656741,5,"['Ag', 'C', 'Cs', 'Cu', 'N']",Ag-C-Cs-Cu-N,CsCuAg2(CN)4
mp-1199489,CsAgH12C4S4(NO4)2,4.2155,-0.746428140666307,0.315011999313614,False,False,64,2.224228456283779,7,"['Ag', 'C', 'Cs', 'H', 'N', 'O', 'S']",Ag-C-Cs-H-N-O-S,CsAgH12C4S4(NO4)2
mp-683972,Cs5Ag4C8IN8,2.7962,-0.232262947305481,0.13356341378205,False,False,156,3.4975128145546392,5,"['Ag', 'C', 'Cs', 'I', 'N']",Ag-C-Cs-I-N,Cs5Ag4C8IN8
mp-630391,CsZnAgC4(SN)4,2.8679,-0.301684750254789,0.091074949833332,False,False,60,2.5403256345146312,6,"['Ag', 'C', 'Cs', 'N', 'S', 'Zn']",Ag-C-Cs-N-S-Zn,CsZnAgC4(SN)4
mp-1190630,KCuAg2(CN)4,2.2166,0.13291803666667,0.269577004236111,False,False,24,3.124186441221214,5,"['Ag', 'C', 'Cu', 'K', 'N']",Ag-C-Cu-K-N,KCuAg2(CN)4
mp-1192412,RbCuAg2(CN)4,2.2612,0.074918677847222,0.264975211597219,False,False,24,3.303075305218692,5,"['Ag', 'C', 'Cu', 'N', 'Rb']",Ag-C-Cu-N-Rb,RbCuAg2(CN)4
mp-728890,CuAgC3S3N7,0.566299999999999,0.512488608319942,0.561364050656747,False,False,30,1.9732919243813407,5,"['Ag', 'C', 'Cu', 'N', 'S']",Ag-C-Cu-N-S,CuAgC3S3N7
mp-866657,DyAgH2C2SO9,2.9023,-1.923310132708333,0.061159473715275,False,False,32,4.033930633981746,6,"['Ag', 'C', 'Dy', 'H', 'O', 'S']",Ag-C-Dy-H-O-S,DyAgH2C2SO9
mp-3250118,DyAg(CO3)2,3.456199999999999,-1.92280068725,0.0,False,True,10,5.215591282367502,4,"['Ag', 'C', 'Dy', 'O']",Ag-C-Dy-O,DyAg(CO3)2
mp-3246969,ErAg(CO3)2,3.4676,-1.9327574910833327,0.0,False,True,10,5.36184017037652,4,"['Ag', 'C', 'Er', 'O']",Ag-C-Er-O,ErAg(CO3)2
mp-29536,Ag5CF4,1.9781,-0.7373676092083281,0.248403451916667,False,False,40,6.89252909177272,3,"['Ag', 'C', 'F']",Ag-C-F,Ag5CF4
mp-759408,AgH8C4N8F,3.848799999999999,-0.365111792121211,0.100826485681823,False,False,44,2.1177581477411582,5,"['Ag', 'C', 'F', 'H', 'N']",Ag-C-F-H-N,AgH8C4N8F
mp-690698,AgSbH2C2(NF3)2,2.8326,-1.334035377797619,0.161056403541667,False,False,28,2.8266605487579253,6,"['Ag', 'C', 'F', 'H', 'N', 'Sb']",Ag-C-F-H-N-Sb,AgSbH2C2(NF3)2
mp-1215075,AgH2C7O3F5,2.8293,-1.04282624787037,0.248512294560185,False,False,72,2.327300853939073,5,"['Ag', 'C', 'F', 'H', 'O']",Ag-C-F-H-O,AgH2C7O3F5
mp-605676,AgH8C7S2O2F7,3.1637,-0.926471940802468,0.25925324505291,False,False,108,2.119016596753227,6,"['Ag', 'C', 'F', 'H', 'O', 'S']",Ag-C-F-H-O-S,AgH8C7S2O2F7
mp-605808,AgH8C4S3(OF)3,3.485299999999999,-0.747611664109848,0.333542345032466,False,False,176,2.135782194472062,6,"['Ag', 'C', 'F', 'H', 'O', 'S']",Ag-C-F-H-O-S,AgH8C4S3(OF)3
mp-555250,AgH9C7S2(OF)4,3.1765,-0.8448264338117281,0.252888147414019,False,False,54,2.078942306379149,6,"['Ag', 'C', 'F', 'H', 'O', 'S']",Ag-C-F-H-O-S,AgH9C7S2(OF)4
mp-559423,AgH8C5S2O2F3,3.3148,-0.7263921232936511,0.241011438044217,False,False,84,2.027577278105089,6,"['Ag', 'C', 'F', 'H', 'O', 'S']",Ag-C-F-H-O-S,AgH8C5S2O2F3
mp-1204104,SiAgH16C7S3(OF)3,3.2777,-0.5606046617401961,0.326422293501405,False,False,136,1.578587286203843,7,"['Ag', 'C', 'F', 'H', 'O', 'S', 'Si']",Ag-C-F-H-O-S-Si,SiAgH16C7S3(OF)3
mp-3206852,AgCNF14,2.2737,-0.9848308943382352,0.0,False,True,17,2.833752844406861,4,"['Ag', 'C', 'F', 'N']",Ag-C-F-N,AgCNF14
mp-640564,AgSbC6N4(OF3)2,1.4658,-0.928049249833333,0.283270742604166,False,False,40,2.528851476109752,6,"['Ag', 'C', 'F', 'N', 'O', 'Sb']",Ag-C-F-N-O-Sb,AgSbC6N4(OF3)2
mp-561205,AgC4OF9,2.4341,-1.638952751111111,0.173303791805556,False,False,60,2.856470562828612,4,"['Ag', 'C', 'F', 'O']",Ag-C-F-O,AgC4OF9
mp-1188917,AgCS(OF)3,2.7068,-1.581723105462963,0.152708039756945,False,False,18,2.9604686901149773,5,"['Ag', 'C', 'F', 'O', 'S']",Ag-C-F-O-S,AgCS(OF)3
mp-1200256,AgCS2(O2F)3,3.306,-1.585506601858973,0.157904896057693,False,False,52,2.857539651882541,5,"['Ag', 'C', 'F', 'O', 'S']",Ag-C-F-O-S,AgCS2(O2F)3
mp-690706,FeAg3H6(C3N4)2,0.0,0.032577229687499,0.270750025677084,True,False,48,2.610714841018538,5,"['Ag', 'C', 'Fe', 'H', 'N']",Ag-C-Fe-H-N,FeAg3H6(C3N4)2
mp-568663,FeAg3(CN)6,0.0,0.2795022934375,0.3187204718749999,True,False,16,2.871309732244166,4,"['Ag', 'C', 'Fe', 'N']",Ag-C-Fe-N,FeAg3(CN)6
mp-3249917,GdAg(CO3)2,3.2611,-1.877354740749999,0.0,False,True,10,5.023319264547458,4,"['Ag', 'C', 'Gd', 'O']",Ag-C-Gd-O,GdAg(CO3)2
mp-603946,AgMo4H22C8(NO5)3,2.1547,-0.8299762871540881,0.247921202893082,False,False,106,2.629893143787775,6,"['Ag', 'C', 'H', 'Mo', 'N', 'O']",Ag-C-H-Mo-N-O,AgMo4H22C8(NO5)3
mp-1193968,AgH3CN2,3.0167,-0.116706776130952,0.172822412440476,False,False,28,2.529796589101021,4,"['Ag', 'C', 'H', 'N']",Ag-C-H-N,AgH3CN2
mp-605018,NaAgH16C4S4(NO5)2,4.119,-0.8186666534354211,0.270577942041342,False,False,152,1.874181130313477,7,"['Ag', 'C', 'H', 'N', 'Na', 'O', 'S']",Ag-C-H-N-Na-O-S,NaAgH16C4S4(NO5)2
mp-1204019,NdAgH10C20(N3O4)2,3.0097,-0.564743396123189,0.217189995840865,False,False,92,2.241567298270407,6,"['Ag', 'C', 'H', 'N', 'Nd', 'O']",Ag-C-H-N-Nd-O,NdAgH10C20(N3O4)2
mp-1221003,NdAgH18C20(NO2)6,3.032499999999999,-0.6695475964942531,0.224069874114582,False,False,116,2.110563484183268,6,"['Ag', 'C', 'H', 'N', 'Nd', 'O']",Ag-C-H-N-Nd-O,NdAgH18C20(NO2)6
mp-698351,AgH6C4(NO)2,2.4611,-0.440255720444444,0.203998045305556,False,False,60,2.5813264653124293,5,"['Ag', 'C', 'H', 'N', 'O']",Ag-C-H-N-O,AgH6C4(NO)2
mp-707277,AgH2C2N3O,3.2954,-0.367248163935186,0.152277407546297,False,False,72,2.940179155603447,5,"['Ag', 'C', 'H', 'N', 'O']",Ag-C-H-N-O,AgH2C2N3O
mp-707364,AgH3CN3O4,0.8284,-0.518342588055556,0.455123732916665,False,False,96,2.665176430571196,5,"['Ag', 'C', 'H', 'N', 'O']",Ag-C-H-N-O,AgH3CN3O4
mp-560619,AgH12C6N5O3,2.9047,-0.239116625246914,0.375099110459103,False,False,108,2.077058660541296,5,"['Ag', 'C', 'H', 'N', 'O']",Ag-C-H-N-O,AgH12C6N5O3
mp-1196868,Ag2H2C2N6O13,1.8311,-0.541692375333332,0.3936339904,False,False,100,2.807877728568972,5,"['Ag', 'C', 'H', 'N', 'O']",Ag-C-H-N-O,Ag2H2C2N6O13
mp-1201826,AgH9C2(NO)2,3.2944,-0.597249519869792,0.073318955891927,False,False,64,2.133016398577587,5,"['Ag', 'C', 'H', 'N', 'O']",Ag-C-H-N-O,AgH9C2(NO)2
mp-1202721,AgH6C2N5O4,1.992,-0.453102408009259,0.395274969166665,False,False,72,2.274215787956922,5,"['Ag', 'C', 'H', 'N', 'O']",Ag-C-H-N-O,AgH6C2N5O4
mp-1204011,AgH7CN8O7,2.2819,-0.403799532309027,0.449399466510416,False,False,96,2.154300974523599,5,"['Ag', 'C', 'H', 'N', 'O']",Ag-C-H-N-O,AgH7CN8O7
mp-1215103,AgH12C6N13O3,3.1463,-0.418916621190477,0.094305216309522,False,False,70,1.7184942931709382,5,"['Ag', 'C', 'H', 'N', 'O']",Ag-C-H-N-O,AgH12C6N13O3
mp-1195948,AgHPbC2SN2O,3.1811,-0.348111200879629,0.246219237654321,False,False,36,4.162031309862073,7,"['Ag', 'C', 'H', 'N', 'O', 'Pb', 'S']",Ag-C-H-N-O-Pb-S,AgHPbC2SN2O
mp-1196463,AgH12C4S2N5O3,2.8994,-0.423450542746914,0.23242690473545,False,False,108,1.84640490393808,6,"['Ag', 'C', 'H', 'N', 'O', 'S']",Ag-C-H-N-O-S,AgH12C4S2N5O3
mp-1200006,AgH8C3S2NO3,2.8782,-0.376759801446758,0.402308502340275,False,False,288,2.117953827374915,6,"['Ag', 'C', 'H', 'N', 'O', 'S']",Ag-C-H-N-O-S,AgH8C3S2NO3
mp-1199708,TbAgH10C20(N3O4)2,2.9502,-0.567809149692028,0.213014794454255,False,False,92,2.347477204297939,6,"['Ag', 'C', 'H', 'N', 'O', 'Tb']",Ag-C-H-N-O-Tb,TbAgH10C20(N3O4)2
mp-23772,TbAg3H6C6(N2O)3,2.5854,-0.474909126966666,0.292346430937505,False,False,50,3.139331855196344,6,"['Ag', 'C', 'H', 'N', 'O', 'Tb']",Ag-C-H-N-O-Tb,TbAg3H6C6(N2O)3
mp-1217856,TbAgH18C20(NO2)6,2.9866,-0.6707254437212641,0.219272958302792,False,False,116,2.192752225689634,6,"['Ag', 'C', 'H', 'N', 'O', 'Tb']",Ag-C-H-N-O-Tb,TbAgH18C20(NO2)6
mp-698405,AgH12C4S5N,1.8235,-0.234531712137681,0.082859343198758,False,False,46,1.824221927264303,5,"['Ag', 'C', 'H', 'N', 'S']",Ag-C-H-N-S,AgH12C4S5N
mp-1192660,AgH2CS2N,1.9599,-0.263110987738095,0.075084745145772,False,False,28,3.245481901927807,5,"['Ag', 'C', 'H', 'N', 'S']",Ag-C-H-N-S,AgH2CS2N
mp-1194934,AgH6CSN3,2.8991,-0.297946027430555,0.065626188333335,False,False,48,2.032575493896813,5,"['Ag', 'C', 'H', 'N', 'S']",Ag-C-H-N-S,AgH6CSN3
mp-1215034,AgH4C2S2N3,2.8954,-0.263346677430554,0.069004761917515,False,False,48,2.350655958532124,5,"['Ag', 'C', 'H', 'N', 'S']",Ag-C-H-N-S,AgH4C2S2N3
mp-1200633,AgH12C4Se5N,1.238,-0.229231656886322,0.0,False,True,46,2.791477557789586,5,"['Ag', 'C', 'H', 'N', 'Se']",Ag-C-H-N-Se,AgH12C4Se5N
mp-1194811,UAg2P2H2CO8,1.352299999999999,-1.966401347351189,0.19608634416667,False,False,64,5.073991359825645,6,"['Ag', 'C', 'H', 'O', 'P', 'U']",Ag-C-H-O-P-U,UAg2P2H2CO8
mp-560182,AgH11C4(SO)3,3.4618,-0.437502573428029,0.223033610487012,False,False,88,1.965907070799834,5,"['Ag', 'C', 'H', 'O', 'S']",Ag-C-H-O-S,AgH11C4(SO)3
mp-1196380,SmAgH4C2SO10,2.5559,-1.804252106008772,0.064738475365508,False,False,76,3.718595509858007,6,"['Ag', 'C', 'H', 'O', 'S', 'Sm']",Ag-C-H-O-S-Sm,SmAgH4C2SO10
mp-866806,TbAgH2C2SO9,2.9054,-1.923375620208333,0.051225985451381,False,False,32,3.998598426859642,6,"['Ag', 'C', 'H', 'O', 'S', 'Tb']",Ag-C-H-O-S-Tb,TbAgH2C2SO9
mp-1199990,Ag2C4I3N,1.0895,0.8733057161666661,1.093198192625,False,False,40,3.703681638954194,4,"['Ag', 'C', 'I', 'N']",Ag-C-I-N,Ag2C4I3N
mp-1212079,InAg3(CN)6,3.9157,0.41292904296875,0.434306457421875,False,False,16,2.4513241450867422,4,"['Ag', 'C', 'In', 'N']",Ag-C-In-N,InAg3(CN)6
mp-3201506,InAg(CO3)2,2.7193,-1.36105834675,0.0,False,True,10,4.846627663965741,4,"['Ag', 'C', 'In', 'O']",Ag-C-In-O,InAg(CO3)2
mp-10102,KAgC2,2.476899999999999,0.351638025203126,0.377642470125,False,False,4,2.825296529176975,3,"['Ag', 'C', 'K']",Ag-C-K,KAgC2
mp-571384,KMnAg3(CN)6,1.544,0.095620042342291,0.286550622303917,False,False,17,2.774433980880061,5,"['Ag', 'C', 'K', 'Mn', 'N']",Ag-C-K-Mn-N,KMnAg3(CN)6
mp-582994,KAg(CN)2,3.1035,-0.073960151840278,0.190884721354166,False,False,36,2.255870692002921,4,"['Ag', 'C', 'K', 'N']",Ag-C-K-N,KAg(CN)2
mp-6855,K2NaAg3(CN)6,2.726099999999999,-0.056561706909721,0.207217716631946,False,False,18,2.491665476876911,5,"['Ag', 'C', 'K', 'N', 'Na']",Ag-C-K-N-Na,K2NaAg3(CN)6
mp-680197,KAgC2(SN)2,3.0547,-0.237070405093994,0.091347528379959,False,False,64,2.647524822783896,5,"['Ag', 'C', 'K', 'N', 'S']",Ag-C-K-N-S,KAgC2(SN)2
mp-680232,K2AgC3(SN)3,3.1998,-0.341399164598932,0.066257880166666,False,False,96,2.291954814294937,5,"['Ag', 'C', 'K', 'N', 'S']",Ag-C-K-N-S,K2AgC3(SN)3
mp-557393,K3AgC4(SN)4,3.6951,-0.399467290564231,0.043710507378474,False,False,64,2.035315550519191,5,"['Ag', 'C', 'K', 'N', 'S']",Ag-C-K-N-S,K3AgC4(SN)4
mp-3283178,K2Ag(CO3)2,0.7323000000000001,-1.482845921818182,0.0,False,True,22,3.088142629927797,4,"['Ag', 'C', 'K', 'O']",Ag-C-K-O,K2Ag(CO3)2
mp-672695,KAgCO3,1.6147,-1.584039841069444,0.06214105291666,False,False,24,3.791763574198393,4,"['Ag', 'C', 'K', 'O']",Ag-C-K-O,KAgCO3
mp-571454,LiAgC2,1.448999999999999,0.397159303541659,0.488164743749999,False,False,4,3.367985913307654,3,"['Ag', 'C', 'Li']",Ag-C-Li,LiAgC2
mp-1235346,LiAg2C2(NO)2,0.0,-0.495246918518519,0.401397216157408,True,False,9,3.288013963840358,5,"['Ag', 'C', 'Li', 'N', 'O']",Ag-C-Li-N-O,LiAg2C2(NO)2
mp-985571,LiAg(CO2)2,2.7182,-1.499771361249999,0.172224547135418,False,False,16,3.354370224754217,4,"['Ag', 'C', 'Li', 'O']",Ag-C-Li-O,LiAg(CO2)2
mp-3200762,LuAg(CO3)2,3.4852,-1.950870879416666,0.0,False,True,10,5.582599509404254,4,"['Ag', 'C', 'Lu', 'O']",Ag-C-Lu-O,LuAg(CO3)2
mp-3215051,Lu6ZnAg5C2,0.0,-0.451515789999997,0.0,True,True,28,10.592620231947448,4,"['Ag', 'C', 'Lu', 'Zn']",Ag-C-Lu-Zn,Lu6ZnAg5C2
mp-2239850,MgAg2(CO3)2,1.3751,-1.538523369848484,0.165762819545452,False,False,11,3.957872226782353,4,"['Ag', 'C', 'Mg', 'O']",Ag-C-Mg-O,MgAg2(CO3)2
mp-616521,AgC2N3,3.5774999999999992,0.231791327777776,0.231791327777777,False,False,18,3.208496796079082,3,"['Ag', 'C', 'N']",Ag-C-N,AgC2N3
mp-574486,Ag2CN2,1.0037,0.268039843333338,0.268039843333333,False,False,20,5.686081048745354,3,"['Ag', 'C', 'N']",Ag-C-N,Ag2CN2
mp-9519,AgCN,3.6601,0.344193296944441,0.344193296944444,False,False,3,3.097364624614528,3,"['Ag', 'C', 'N']",Ag-C-N,AgCN
mp-29672,AgC4N3,3.4634,0.349516137291665,0.349516137291665,False,False,16,2.379490463303198,3,"['Ag', 'C', 'N']",Ag-C-N,AgC4N3
mp-568422,NaAg(CN)2,2.9494,-0.036525504340277,0.216649957951386,False,False,12,2.704146942715442,4,"['Ag', 'C', 'N', 'Na']",Ag-C-N-Na,NaAg(CN)2
mp-6070,AgCNO,2.3532,0.080798767083332,0.7440700239583321,False,False,8,3.42158560258072,4,"['Ag', 'C', 'N', 'O']",Ag-C-N-O,AgCNO
mp-650510,AgC3N3O,1.559,0.167214590729165,0.498850219166665,False,False,64,2.737601108459342,4,"['Ag', 'C', 'N', 'O']",Ag-C-N-O,AgC3N3O
mp-667508,AgC3N3O2,2.3504,-0.040525574004629,0.549048876550926,False,False,144,2.778956155355337,4,"['Ag', 'C', 'N', 'O']",Ag-C-N-O,AgC3N3O2
mp-560460,AgCN3O2,2.4627,-0.019256932738096,0.738767360833332,False,False,28,3.170877035842188,4,"['Ag', 'C', 'N', 'O']",Ag-C-N-O,AgCN3O2
mp-1229212,Ag3C(NO2)3,2.5277,-0.418777713461538,0.345861704615384,False,False,26,4.005212601417093,4,"['Ag', 'C', 'N', 'O']",Ag-C-N-O,Ag3C(NO2)3
mp-1229230,Ag4C(NO3)3,2.3921,-0.512760366568628,0.272159054705881,False,False,34,4.616103947654288,4,"['Ag', 'C', 'N', 'O']",Ag-C-N-O,Ag4C(NO3)3
mp-1214975,Ag3C2(NO3)2,0.0,-0.20508974076923,0.796153195384617,True,False,26,3.9461233166272014,4,"['Ag', 'C', 'N', 'O']",Ag-C-N-O,Ag3C2(NO3)2
mp-562248,Ag3CS(NO2)3,2.102999999999999,-0.450806098035715,0.5565124473809521,False,False,28,4.069415546919816,5,"['Ag', 'C', 'N', 'O', 'S']",Ag-C-N-O-S,Ag3CS(NO2)3
mp-1204116,SrAg2C4(N2O)2,0.0,0.226140221474358,1.0244719050641,True,False,52,2.663770183295151,5,"['Ag', 'C', 'N', 'O', 'Sr']",Ag-C-N-O-Sr,SrAg2C4(N2O)2
mp-555575,Rb2AgC3(SN)3,3.2312,-0.445402215763888,0.052607895406746,False,False,48,2.546639670621515,5,"['Ag', 'C', 'N', 'Rb', 'S']",Ag-C-N-Rb-S,Rb2AgC3(SN)3
mp-6050,AgCSN,2.6922,0.122383706233263,0.166773905959821,False,False,16,3.381044566377333,4,"['Ag', 'C', 'N', 'S']",Ag-C-N-S,AgCSN
mp-726944,AgC2S2N3,0.0,0.9626752787639532,0.984870378627233,True,False,32,2.291052964455176,4,"['Ag', 'C', 'N', 'S']",Ag-C-N-S,AgC2S2N3
mp-725545,AgWC9S4N3,0.0,1.28835057872148,1.445478402306548,True,False,36,1.9662726396950367,5,"['Ag', 'C', 'N', 'S', 'W']",Ag-C-N-S-W,AgWC9S4N3
mp-648573,ZnAg2C4(SN)4,2.971899999999999,-0.019132475065475,0.132902078071428,False,False,30,2.779824620971054,5,"['Ag', 'C', 'N', 'S', 'Zn']",Ag-C-N-S-Zn,ZnAg2C4(SN)4
mp-621981,TlAg(CN)2,2.8078,0.257564576180551,0.257564576180552,False,False,48,4.767915422730486,4,"['Ag', 'C', 'N', 'Tl']",Ag-C-N-Tl,TlAg(CN)2
mp-1206388,NaAgC2,1.2033,0.425464070431033,0.454932537306033,False,False,4,3.3612915261276712,3,"['Ag', 'C', 'Na']",Ag-C-Na,NaAgC2
mp-985593,NaAg(CO2)2,2.539399999999998,-1.4700549928807471,0.135008399505209,False,False,16,3.545640696170031,4,"['Ag', 'C', 'Na', 'O']",Ag-C-Na-O,NaAg(CO2)2
mp-3245006,NdAg(CO3)2,3.406799999999999,-1.866720071499997,0.0,False,True,10,4.692617607469967,4,"['Ag', 'C', 'Nd', 'O']",Ag-C-Nd-O,NdAg(CO3)2
mp-753176,AgCO3,0.0,-1.233628131333331,0.004634585999996,True,False,10,4.91885954703674,3,"['Ag', 'C', 'O']",Ag-C-O,AgCO3
mp-600237,Ag(CO)2,0.737499999999999,-0.6242780280833331,0.436955982916668,False,False,40,4.002724513097296,3,"['Ag', 'C', 'O']",Ag-C-O,Ag(CO)2
mp-676581,Ag2CO3,0.746,-1.059830794722222,0.029668323333333,False,False,36,5.431964240271561,3,"['Ag', 'C', 'O']",Ag-C-O,Ag2CO3
mp-5282,AgCO2,2.3498,-1.105057804791666,0.221484708958334,False,False,16,4.488740387621706,3,"['Ag', 'C', 'O']",Ag-C-O,AgCO2
mp-3251123,TmAg(CO3)2,3.4764,-1.943235939749999,0.0,False,True,10,5.4209847309912185,4,"['Ag', 'C', 'O', 'Tm']",Ag-C-O-Tm,TmAg(CO3)2
mp-1207136,RbAgC2,2.6814,0.368285960208333,0.386445585364584,False,False,4,3.2573394575899832,3,"['Ag', 'C', 'Rb']",Ag-C-Rb,RbAgC2
mp-3210466,Y3Ag3C,0.0,-0.390259806785715,0.0,True,True,28,6.969011917973652,3,"['Ag', 'C', 'Y']",Ag-C-Y,Y3Ag3C
mp-3209428,Zr6Zn17Ag6C,0.0,-0.334503829499999,0.0,True,True,30,8.19264186055745,4,"['Ag', 'C', 'Zn', 'Zr']",Ag-C-Zn-Zr,Zr6Zn17Ag6C
mp-3214619,Zr6ZnAgC2,0.0,-0.5449757110000001,0.0,True,True,10,6.8623685338545215,4,"['Ag', 'C', 'Zn', 'Zr']",Ag-C-Zn-Zr,Zr6ZnAgC2
mp-3256652,Ca5Ag2,0.0,-0.196347375714286,0.0,True,True,14,2.94686899322294,2,"['Ag', 'Ca']",Ag-Ca,Ca5Ag2
mp-646824,Ca3Ag8,0.0,-0.211443,0.036759585454547,True,False,22,6.670405417052747,2,"['Ag', 'Ca']",Ag-Ca,Ca3Ag8
mp-13270,CaAg2,0.0,-0.281140916666667,0.0,True,True,6,6.138487211918691,2,"['Ag', 'Ca']",Ag-Ca,CaAg2
mp-538,CaAg,0.0,-0.306086769999998,0.0,True,True,4,4.578370715505118,2,"['Ag', 'Ca']",Ag-Ca,CaAg
mp-1183452,Ca3Ag,0.0,-0.037221020833332,0.134582932916668,True,False,4,2.88520147871786,2,"['Ag', 'Ca']",Ag-Ca,Ca3Ag
mp-1183471,CaAg3,0.0,-0.156123016249999,0.079727694999998,True,False,4,7.343406637179586,2,"['Ag', 'Ca']",Ag-Ca,CaAg3
mp-16770,Ca2Ag7,0.0,-0.22075397611111,0.0,True,True,18,7.517089826514076,2,"['Ag', 'Ca']",Ag-Ca,Ca2Ag7
mp-31172,Ca5Ag3,0.0,-0.254754581874998,0.0,True,True,16,3.663626446482945,2,"['Ag', 'Ca']",Ag-Ca,Ca5Ag3
mp-3255818,Ca(Cd2Ag)4,0.0,-0.14253887230769,0.0,True,True,13,8.342320985724207,3,"['Ag', 'Ca', 'Cd']",Ag-Ca-Cd,Ca(Cd2Ag)4
mp-1093668,Ca2CdAg,0.0,1.072427987083334,1.406203699999999,True,False,4,0.331192728004424,3,"['Ag', 'Ca', 'Cd']",Ag-Ca-Cd,Ca2CdAg
mp-1093688,CaCdAg2,0.5796,0.925523036666668,1.170699856830358,False,False,4,0.467350606525382,3,"['Ag', 'Ca', 'Cd']",Ag-Ca-Cd,CaCdAg2
mp-1093755,CaCd2Ag,0.0,0.9148967870833352,1.157639204821429,True,False,4,0.433881100107609,3,"['Ag', 'Ca', 'Cd']",Ag-Ca-Cd,CaCd2Ag
mp-3239792,Ca2CdAg2,0.0,-0.331419731999997,0.0,True,True,5,5.367423846065822,3,"['Ag', 'Ca', 'Cd']",Ag-Ca-Cd,Ca2CdAg2
mp-3241437,CaCd3Ag2,0.0,-0.230439011666665,0.0,True,True,6,7.649602781976489,3,"['Ag', 'Ca', 'Cd']",Ag-Ca-Cd,CaCd3Ag2
mp-3320426,Ca6Cd32Ag,0.0,-0.234051005769229,0.0,True,True,39,7.32999709367128,3,"['Ag', 'Ca', 'Cd']",Ag-Ca-Cd,Ca6Cd32Ag
mp-3205210,Ca2CdGa2Ag,0.0,-0.475396697499997,0.0,True,True,6,5.384375555584047,4,"['Ag', 'Ca', 'Cd', 'Ga']",Ag-Ca-Cd-Ga,Ca2CdGa2Ag
mp-3200999,Ca2CdIn2Ag,0.0,-0.481998500833332,0.0,True,True,6,5.70354026381368,4,"['Ag', 'Ca', 'Cd', 'In']",Ag-Ca-Cd-In,Ca2CdIn2Ag
mp-3212309,Ca20MgCd3Ag8,0.0,-0.265349347656249,0.0,True,True,32,3.420494466966176,4,"['Ag', 'Ca', 'Cd', 'Mg']",Ag-Ca-Cd-Mg,Ca20MgCd3Ag8
mp-3204980,CaCd(AgO2)4,1.110099999999999,-0.808474795714285,0.0,False,True,14,6.731189421110459,4,"['Ag', 'Ca', 'Cd', 'O']",Ag-Ca-Cd-O,CaCd(AgO2)4
mp-865460,CaCeAg2,0.0,-0.19449022833333,0.037822081874999,True,False,4,6.271513581278075,3,"['Ag', 'Ca', 'Ce']",Ag-Ca-Ce,CaCeAg2
mp-726140,Ca2V3Co2AgO12,1.9349,-2.149128551708334,0.163011632958345,False,False,80,4.282161971058096,5,"['Ag', 'Ca', 'Co', 'O', 'V']",Ag-Ca-Co-O-V,Ca2V3Co2AgO12
mp-1227346,Ca2CuAg,0.0,-0.18940077875,0.017097397249999,True,False,4,4.103917923696222,3,"['Ag', 'Ca', 'Cu']",Ag-Ca-Cu,Ca2CuAg
mp-3203690,Ca10Cu4AgHg,0.0,-0.186516902656251,0.0,True,True,16,3.57687246258932,4,"['Ag', 'Ca', 'Cu', 'Hg']",Ag-Ca-Cu-Hg,Ca10Cu4AgHg
mp-3210212,Ca5CuAgIr,0.0,-0.281970853125001,0.0,True,True,16,4.323162364689503,4,"['Ag', 'Ca', 'Cu', 'Ir']",Ag-Ca-Cu-Ir,Ca5CuAgIr
mp-1227548,Ca2La3Cu4AgO12,0.0,-2.2669641303030312,0.11128671515155,True,False,22,6.166866375052227,5,"['Ag', 'Ca', 'Cu', 'La', 'O']",Ag-Ca-Cu-La-O,Ca2La3Cu4AgO12
mp-3213941,Ca4CuSi6Ag,0.0,-0.530280287916667,0.0,True,True,12,3.313660629030627,4,"['Ag', 'Ca', 'Cu', 'Si']",Ag-Ca-Cu-Si,Ca4CuSi6Ag
mp-3240111,CaDyInAg,0.0,-0.457582155,0.008826926562498,True,False,4,6.849334214748824,4,"['Ag', 'Ca', 'Dy', 'In']",Ag-Ca-Dy-In,CaDyInAg
mp-3246431,CaEu2(AgSn)3,0.0,-0.589476532777774,0.0,True,True,9,7.366907390035497,4,"['Ag', 'Ca', 'Eu', 'Sn']",Ag-Ca-Eu-Sn,CaEu2(AgSn)3
mp-1323922,CaAgF5,0.0,-2.439639574523805,0.041684064761904,True,False,28,3.516310013993648,3,"['Ag', 'Ca', 'F']",Ag-Ca-F,CaAgF5
mp-3341961,CaAg2F8,1.7285,-2.006524319090909,0.0,False,True,11,4.260351087557473,3,"['Ag', 'Ca', 'F']",Ag-Ca-F,CaAg2F8
mp-1214066,Ca3Hf3AgF20,0.8421000000000001,-3.912165024691358,0.0,False,True,54,4.50487315119623,4,"['Ag', 'Ca', 'F', 'Hf']",Ag-Ca-F-Hf,Ca3Hf3AgF20
mp-1043917,CaLaFeAgO6,0.0,-2.172619369416667,0.055042357000004,True,False,40,5.729489090229736,5,"['Ag', 'Ca', 'Fe', 'La', 'O']",Ag-Ca-Fe-La-O,CaLaFeAgO6
mp-1096181,Ca2GaAg,0.006499999999999,1.21055625125,1.628346555,False,False,4,0.319132123145788,3,"['Ag', 'Ca', 'Ga']",Ag-Ca-Ga,Ca2GaAg
mp-3293851,Ca3Ga8Ag3,0.0,-0.427389363214284,0.0,True,True,14,6.135648392933215,3,"['Ag', 'Ca', 'Ga']",Ag-Ca-Ga,Ca3Ga8Ag3
mp-3302178,Ca2GaAg6,0.0,-0.267258539444444,0.0,True,True,18,7.331304258186948,3,"['Ag', 'Ca', 'Ga']",Ag-Ca-Ga,Ca2GaAg6
mp-3329440,Ca2Ga3Ag,0.0,-0.519958112499999,0.0,True,True,6,5.114587693919389,3,"['Ag', 'Ca', 'Ga']",Ag-Ca-Ga,Ca2Ga3Ag
mp-1227351,Ca2Ga7Ag,0.0,-0.422191242499999,0.0,True,True,10,5.676745761985106,3,"['Ag', 'Ca', 'Ga']",Ag-Ca-Ga,Ca2Ga7Ag
mp-3257739,Ca3Ho(Ga2Ag)4,0.0,-0.480396741562499,0.0,True,True,16,6.7750379456436685,4,"['Ag', 'Ca', 'Ga', 'Ho']",Ag-Ca-Ga-Ho,Ca3Ho(Ga2Ag)4
mp-3260855,CaHo3(Ga2Ag)4,0.0,-0.537767484687499,0.0,True,True,16,8.320987074941941,4,"['Ag', 'Ca', 'Ga', 'Ho']",Ag-Ca-Ga-Ho,CaHo3(Ga2Ag)4
mp-3263020,CaHo2Ga8Ag3,0.0,-0.483242191071428,0.0,True,True,14,7.862947446782301,4,"['Ag', 'Ca', 'Ga', 'Ho']",Ag-Ca-Ga-Ho,CaHo2Ga8Ag3
mp-3192062,Ca2HoGa8Ag3,0.0,-0.45787214142857,0.0,True,True,14,7.002639963678523,4,"['Ag', 'Ca', 'Ga', 'Ho']",Ag-Ca-Ga-Ho,Ca2HoGa8Ag3
mp-3203793,NaCa21Ga13Ag,0.0,-0.430591176805555,0.0,True,True,36,3.037914002892321,4,"['Ag', 'Ca', 'Ga', 'Na']",Ag-Ca-Ga-Na,NaCa21Ga13Ag
mp-3204420,Ca21Ga8Si6Ag,0.0,-0.524620724027777,0.0,True,True,36,2.873646109500869,4,"['Ag', 'Ca', 'Ga', 'Si']",Ag-Ca-Ga-Si,Ca21Ga8Si6Ag
mp-3202746,Ca2GaAg2Sn,0.0,-0.528307489999998,0.0,True,True,6,5.755700605171848,4,"['Ag', 'Ca', 'Ga', 'Sn']",Ag-Ca-Ga-Sn,Ca2GaAg2Sn
mp-3203887,Ca21Ga8AgSn6,0.0,-0.642314617916666,0.0,True,True,36,3.521981185110778,4,"['Ag', 'Ca', 'Ga', 'Sn']",Ag-Ca-Ga-Sn,Ca21Ga8AgSn6
mp-3249059,CaYb2Ga9Ag2,0.0,-0.429566014285715,0.025311667169315,True,False,14,7.787383840065537,4,"['Ag', 'Ca', 'Ga', 'Yb']",Ag-Ca-Ga-Yb,CaYb2Ga9Ag2
mp-3201683,Ca2ZnGa2Ag,0.0,-0.478099220000001,0.0,True,True,6,5.101422689814946,4,"['Ag', 'Ca', 'Ga', 'Zn']",Ag-Ca-Ga-Zn,Ca2ZnGa2Ag
mp-7878,Ca(AgGe)2,0.0,-0.32484689,0.008417349999996,True,False,5,6.538280993602384,3,"['Ag', 'Ca', 'Ge']",Ag-Ca-Ge,Ca(AgGe)2
mp-983566,Ca2AgGe,0.0,-0.5064037787500001,0.056231793409089,True,False,4,4.482170605960567,3,"['Ag', 'Ca', 'Ge']",Ag-Ca-Ge,Ca2AgGe
mp-1200102,CaAgGe,0.0,-0.5310732250000001,0.0,True,True,36,5.6902733850517775,3,"['Ag', 'Ca', 'Ge']",Ag-Ca-Ge,CaAgGe
mp-1227088,Ca6Ag3Ge5,0.0,-0.6080875510714301,0.0,True,True,14,4.622036037284982,3,"['Ag', 'Ca', 'Ge']",Ag-Ca-Ge,Ca6Ag3Ge5
mp-3231275,CaHo2(AgGe)3,0.0,-0.6412711161111101,0.0,True,True,9,8.142088331914978,4,"['Ag', 'Ca', 'Ge', 'Ho']",Ag-Ca-Ge-Ho,CaHo2(AgGe)3
mp-3209516,Ca7Ag2GeN2,0.0,-0.7163282472916681,0.0,True,True,12,3.54704070060553,4,"['Ag', 'Ca', 'Ge', 'N']",Ag-Ca-Ge-N,Ca7Ag2GeN2
mp-1365542,Ca3Ag2(GeO4)3,0.203999999999999,-2.096047876166666,0.072656247416661,False,False,80,4.753696144594042,4,"['Ag', 'Ca', 'Ge', 'O']",Ag-Ca-Ge-O,Ca3Ag2(GeO4)3
mp-3202209,CaAgGePd3,0.0,-0.5883514241666651,0.0,True,True,6,8.557997253010813,4,"['Ag', 'Ca', 'Ge', 'Pd']",Ag-Ca-Ge-Pd,CaAgGePd3
mp-984704,CaAgHg2,0.0,-0.346949062500002,0.041343023749995,True,False,4,10.036943117162712,3,"['Ag', 'Ca', 'Hg']",Ag-Ca-Hg,CaAgHg2
mp-3200908,Ca2In2AgHg,0.0,-0.518015563750002,0.0,True,True,6,6.682259428629246,4,"['Ag', 'Ca', 'Hg', 'In']",Ag-Ca-Hg-In,Ca2In2AgHg
mp-3203696,Ca10Ag3Hg2Ir,0.0,-0.381364581249997,0.0,True,True,16,4.728794165025624,4,"['Ag', 'Ca', 'Hg', 'Ir']",Ag-Ca-Hg-Ir,Ca10Ag3Hg2Ir
mp-1183617,CaInAg2,0.0,-0.312169444999998,0.033023087812502,True,False,4,7.135276600753396,3,"['Ag', 'Ca', 'In']",Ag-Ca-In,CaInAg2
mp-3301676,Ca20(InAg3)3,0.0,-0.333880489218749,0.0,True,True,32,3.623006143867417,3,"['Ag', 'Ca', 'In']",Ag-Ca-In,Ca20(InAg3)3
mp-3304405,Ca2InAg3,0.0,-0.365779046666664,0.0,True,True,12,6.281380687229101,3,"['Ag', 'Ca', 'In']",Ag-Ca-In,Ca2InAg3
mp-3312523,Ca3InAg3,0.0,-0.382262255714284,0.0,True,True,28,5.194195138756608,3,"['Ag', 'Ca', 'In']",Ag-Ca-In,Ca3InAg3
mp-3240655,CaTbInAg,0.0,-0.458228648749997,0.0080067640625,True,False,4,6.743734483180347,4,"['Ag', 'Ca', 'In', 'Tb']",Ag-Ca-In-Tb,CaTbInAg
mp-3202401,Ca2ZnIn2Ag,0.0,-0.461686051666665,0.0,True,True,6,5.47115282115308,4,"['Ag', 'Ca', 'In', 'Zn']",Ag-Ca-In-Zn,Ca2ZnIn2Ag
mp-3210053,Ca10AgIr3,0.0,-0.33280773607143,0.0,True,True,14,4.447860242000165,3,"['Ag', 'Ca', 'Ir']",Ag-Ca-Ir,Ca10AgIr3
mp-3231760,Ca3Mg3AgIr2,0.0,-0.382646777777779,0.0,True,True,9,5.737296328708608,4,"['Ag', 'Ca', 'Ir', 'Mg']",Ag-Ca-Ir-Mg,Ca3Mg3AgIr2
mp-862795,CaLaAg2,0.0,-0.306964508749999,0.0,True,True,4,6.201835706674051,3,"['Ag', 'Ca', 'La']",Ag-Ca-La,CaLaAg2
mp-3328089,CaLaAg4,0.0,-0.295307062499998,0.00076104833333,True,False,6,7.098025391561532,3,"['Ag', 'Ca', 'La']",Ag-Ca-La,CaLaAg4
mp-1097380,LiCa2Ag,0.6486000000000001,1.265454027083333,1.4401259596527771,False,False,4,0.22880201895746,3,"['Ag', 'Ca', 'Li']",Ag-Ca-Li,LiCa2Ag
mp-3299746,Li3Ca20Ag9,0.0,-0.19609373078125,0.0,True,True,32,2.989063808240924,3,"['Ag', 'Ca', 'Li']",Ag-Ca-Li,Li3Ca20Ag9
mp-3223681,Li3Ca4MgAg4,0.0,-0.229972233749998,0.0,True,True,12,3.657733983448937,4,"['Ag', 'Ca', 'Li', 'Mg']",Ag-Ca-Li-Mg,Li3Ca4MgAg4
mp-3210526,Li6Ca6Ag10N,0.0,-0.330877408641307,0.0,True,True,23,4.948579872741424,4,"['Ag', 'Ca', 'Li', 'N']",Ag-Ca-Li-N,Li6Ca6Ag10N
mp-3213708,Li12Ca6Ag4N,0.0,-0.237588339076086,0.0,True,True,23,2.566459709037225,4,"['Ag', 'Ca', 'Li', 'N']",Ag-Ca-Li-N,Li12Ca6Ag4N
mp-3204442,Li4Ca6Ag12N,0.0,-0.337353305887678,0.0,True,True,23,5.672602093653265,4,"['Ag', 'Ca', 'Li', 'N']",Ag-Ca-Li-N,Li4Ca6Ag12N
mp-3206493,Li5Ca6Ag11N,0.0,-0.337073741177537,0.0,True,True,23,5.318908423216966,4,"['Ag', 'Ca', 'Li', 'N']",Ag-Ca-Li-N,Li5Ca6Ag11N
mp-3202165,Li2Ca3AgP3,1.455999999999999,-1.084733200251321,0.0,False,True,9,3.164049294948459,4,"['Ag', 'Ca', 'Li', 'P']",Ag-Ca-Li-P,Li2Ca3AgP3
mp-3201936,Li2Ca3AgPb3,0.0,-0.556729757592592,0.0,True,True,9,6.20460519410071,4,"['Ag', 'Ca', 'Li', 'Pb']",Ag-Ca-Li-Pb,Li2Ca3AgPb3
mp-3201526,LiCa2AgRh,0.0,-0.309579228333332,0.0,True,True,5,4.490873579491213,4,"['Ag', 'Ca', 'Li', 'Rh']",Ag-Ca-Li-Rh,LiCa2AgRh
mp-3202434,Li2Ca3AgSn3,0.0,-0.617138818703703,0.000254157777776,True,False,9,4.468664377000838,4,"['Ag', 'Ca', 'Li', 'Sn']",Ag-Ca-Li-Sn,Li2Ca3AgSn3
mp-1093662,CaMgAg2,0.260899999999999,1.058783630416668,1.339997949999999,False,False,4,0.364281565946924,3,"['Ag', 'Ca', 'Mg']",Ag-Ca-Mg,CaMgAg2
mp-3325504,Ca20(MgAg3)3,0.0,-0.210144331249999,0.0,True,True,32,3.082751113142263,3,"['Ag', 'Ca', 'Mg']",Ag-Ca-Mg,Ca20(MgAg3)3
mp-1227417,Ca2MgAg3,0.0,-0.274192746666665,0.023953438333331,True,False,12,5.009150929045491,3,"['Ag', 'Ca', 'Mg']",Ag-Ca-Mg,Ca2MgAg3
mp-1233090,CaMn4(AgO4)4,0.1282,-1.110220350335631,0.215701512999999,False,False,25,4.094983434180548,4,"['Ag', 'Ca', 'Mn', 'O']",Ag-Ca-Mn-O,CaMn4(AgO4)4
mp-532537,Ca2Mn2V3AgO12,2.0088,-2.478970691126436,0.010234724588556,False,False,80,4.094238957102675,5,"['Ag', 'Ca', 'Mn', 'O', 'V']",Ag-Ca-Mn-O-V,Ca2Mn2V3AgO12
mp-1245411,Ca5(AgN2)2,0.5425,-0.6971840834280311,0.044343522537875,False,False,44,3.668343155140282,3,"['Ag', 'Ca', 'N']",Ag-Ca-N,Ca5(AgN2)2
mp-1246949,CaAgN,0.0,-0.262764067326389,0.296935973402776,True,False,3,4.305894250729898,3,"['Ag', 'Ca', 'N']",Ag-Ca-N,CaAgN
mp-542496,Ca6Ag16N,0.0,-0.315113251250001,0.0,True,True,23,7.007008818853157,3,"['Ag', 'Ca', 'N']",Ag-Ca-N,Ca6Ag16N
mp-5669,Ca19Ag8N7,0.0,-0.6252610694485331,0.039643707352935,True,False,34,3.68548334977838,3,"['Ag', 'Ca', 'N']",Ag-Ca-N,Ca19Ag8N7
mp-3206558,CaAg3(NO3)8,0.659899999999999,-0.446007939027778,0.0,False,True,36,3.040096109140928,4,"['Ag', 'Ca', 'N', 'O']",Ag-Ca-N-O,CaAg3(NO3)8
mp-3245235,CaYbAgN,0.0,-0.9229922371875,0.012124430729159,True,False,8,7.105937455301913,4,"['Ag', 'Ca', 'N', 'Yb']",Ag-Ca-N-Yb,CaYbAgN
mp-1183555,CaNdAg2,0.0,-0.301223394374996,0.0,True,True,4,6.538157276236105,3,"['Ag', 'Ca', 'Nd']",Ag-Ca-Nd,CaNdAg2
mp-705890,Ca2V3Ni2AgO12,2.0567,-2.297323727083334,0.0,False,True,80,4.348071098940704,5,"['Ag', 'Ca', 'Ni', 'O', 'V']",Ag-Ca-Ni-O-V,Ca2V3Ni2AgO12
mp-1330090,Ca(AgO2)2,0.0,-1.115728364047617,0.227742497142866,True,False,56,5.207332201079681,3,"['Ag', 'Ca', 'O']",Ag-Ca-O,Ca(AgO2)2
mp-1342614,Ca2Ag2O5,0.0,-1.616922309814814,0.162670447222222,True,False,18,5.196284430507076,3,"['Ag', 'Ca', 'O']",Ag-Ca-O,Ca2Ag2O5
mp-997004,CaAgO2,0.0,-1.9029732441666647,0.0,True,True,8,5.595392345202568,3,"['Ag', 'Ca', 'O']",Ag-Ca-O,CaAgO2
mp-1233488,CaAg4(PO3)4,0.0,-2.015659095011337,0.190206652043627,True,False,21,3.865508741016367,4,"['Ag', 'Ca', 'O', 'P']",Ag-Ca-O-P,CaAg4(PO3)4
mp-1041246,CaAg3P3O13,0.0,-1.925377245946428,0.004627652437497,True,False,40,4.133398971298066,4,"['Ag', 'Ca', 'O', 'P']",Ag-Ca-O-P,CaAg3P3O13
mp-1202534,Ca10Ag(PO4)7,3.7416,-3.2201642245471,0.0,False,True,92,3.221446463145088,4,"['Ag', 'Ca', 'O', 'P']",Ag-Ca-O-P,Ca10Ag(PO4)7
mp-3307546,CaAg(PO3)3,3.617499999999999,-2.390553526262754,0.0,False,True,28,3.606929311574638,4,"['Ag', 'Ca', 'O', 'P']",Ag-Ca-O-P,CaAg(PO3)3
mp-1043747,CaTiAg(PO4)3,0.255499999999999,-2.619693126051586,0.059290136550901,False,False,36,3.228289331715965,5,"['Ag', 'Ca', 'O', 'P', 'Ti']",Ag-Ca-O-P-Ti,CaTiAg(PO4)3
mp-1044462,CaPr(AgO3)2,0.0,-1.784264360499999,0.088482834687503,True,False,20,6.112418231545656,4,"['Ag', 'Ca', 'O', 'Pr']",Ag-Ca-O-Pr,CaPr(AgO3)2
mp-3272098,Ca3Ag(Ru2O7)2,0.0,-1.67946690715909,0.0,True,True,22,5.395257548971594,4,"['Ag', 'Ca', 'O', 'Ru']",Ag-Ca-O-Ru,Ca3Ag(Ru2O7)2
mp-3272153,CaAg3(Ru2O7)2,0.0,-1.065176832159091,0.0,True,True,22,6.383121190536899,4,"['Ag', 'Ca', 'O', 'Ru']",Ag-Ca-O-Ru,CaAg3(Ru2O7)2
mp-1233339,CaAg4(RuO3)4,0.0,-1.145724115079364,0.155491295952375,True,False,21,6.376624253664265,4,"['Ag', 'Ca', 'O', 'Ru']",Ag-Ca-O-Ru,CaAg4(RuO3)4
mp-3276298,CaAg5SbO6,0.5809999999999991,-1.12065160173077,0.0,False,True,26,7.079336403867955,4,"['Ag', 'Ca', 'O', 'Sb']",Ag-Ca-O-Sb,CaAg5SbO6
mp-1374044,Ca2AgSbO6,0.535399999999999,-2.183374302666666,0.0443888207499999,False,False,20,5.033606925362124,4,"['Ag', 'Ca', 'O', 'Sb']",Ag-Ca-O-Sb,Ca2AgSbO6
mp-3200120,Ca2Ag3SbO6,1.657,-1.738704717291665,0.0,False,True,36,5.537954659109092,4,"['Ag', 'Ca', 'O', 'Sb']",Ag-Ca-O-Sb,Ca2Ag3SbO6
mp-1234365,CaSi2(AgO)8,0.0,-1.315185940175437,0.258468787499999,True,False,19,5.526194193202632,4,"['Ag', 'Ca', 'O', 'Si']",Ag-Ca-O-Si,CaSi2(AgO)8
mp-1248597,Ca3Si4(AgO7)2,0.7307,-2.698132041666666,0.063683881811599,False,False,46,3.699264427857667,4,"['Ag', 'Ca', 'O', 'Si']",Ag-Ca-O-Si,Ca3Si4(AgO7)2
mp-1157153,Ca3Si3(AgO6)2,0.1654,-2.576056236416666,0.109107374000007,False,False,80,4.172347729534849,4,"['Ag', 'Ca', 'O', 'Si']",Ag-Ca-O-Si,Ca3Si3(AgO6)2
mp-1346992,Ca2TaAgO6,0.4497,-2.683182820399999,0.051917941821433,False,False,20,5.797512184397487,4,"['Ag', 'Ca', 'O', 'Ta']",Ag-Ca-O-Ta,Ca2TaAgO6
mp-3321198,Ca2Ta(AgO2)3,2.2285,-2.155210446236111,0.0,False,True,36,6.128892339321351,4,"['Ag', 'Ca', 'O', 'Ta']",Ag-Ca-O-Ta,Ca2Ta(AgO2)3
mp-16967,CaV4(AgO6)2,1.9174,-2.204038629912281,0.0,False,True,38,3.846383932449266,4,"['Ag', 'Ca', 'O', 'V']",Ag-Ca-O-V,CaV4(AgO6)2
mp-1369774,Ca2AgWO6,0.0,-2.375763975666666,0.071104585499999,True,False,20,5.893681800427384,4,"['Ag', 'Ca', 'O', 'W']",Ag-Ca-O-W,Ca2AgWO6
mp-1233425,CaY4(AgO3)4,0.123199999999999,-2.207493006984127,0.207426151071426,False,False,21,5.280767630144613,4,"['Ag', 'Ca', 'O', 'Y']",Ag-Ca-O-Y,CaY4(AgO3)4
mp-1367745,Ca2YAgO5,0.0,-2.534180981851852,0.188584129097218,True,False,18,4.418142839520621,4,"['Ag', 'Ca', 'O', 'Y']",Ag-Ca-O-Y,Ca2YAgO5
mp-3272292,Ca6Ag16P,0.0,-0.33573914165114,0.0,True,True,23,6.715758474717625,3,"['Ag', 'Ca', 'P']",Ag-Ca-P,Ca6Ag16P
mp-961647,CaAgP,0.0,-0.175629057658731,0.6831853155555551,True,False,3,3.9817766684068654,3,"['Ag', 'Ca', 'P']",Ag-Ca-P,CaAgP
mp-864991,Ca2AgPb,0.0,-0.466619667916664,0.0,True,True,4,6.011674590073893,3,"['Ag', 'Ca', 'Pb']",Ag-Ca-Pb,Ca2AgPb
mp-1096029,CaAg2Pb,0.0,1.186625891666668,1.480321709583333,True,False,4,0.608473711359912,3,"['Ag', 'Ca', 'Pb']",Ag-Ca-Pb,CaAg2Pb
mp-1205978,CaAgPb,0.0,-0.391594423888887,0.0,True,True,9,7.608230246421782,3,"['Ag', 'Ca', 'Pb']",Ag-Ca-Pb,CaAgPb
mp-3201424,Ca3Ag3Sn2Pb,0.0,-0.533466208333335,0.0,True,True,9,6.549716858427438,4,"['Ag', 'Ca', 'Pb', 'Sn']",Ag-Ca-Pb-Sn,Ca3Ag3Sn2Pb
mp-3201418,SrCa2(AgPb)3,0.0,-0.478000198333328,0.0,True,True,9,7.5951734734671135,4,"['Ag', 'Ca', 'Pb', 'Sr']",Ag-Ca-Pb-Sr,SrCa2(AgPb)3
mp-3250493,CaYb2(AgPb)3,0.0,-0.394404764999996,0.0,True,True,9,9.842985948718496,4,"['Ag', 'Ca', 'Pb', 'Yb']",Ag-Ca-Pb-Yb,CaYb2(AgPb)3
mp-3261150,Ca5AgPd2,0.0,-0.486221104999998,0.0,True,True,16,3.915307810761817,3,"['Ag', 'Ca', 'Pd']",Ag-Ca-Pd,Ca5AgPd2
mp-3266953,Ca12Ag3Pd,0.0,-0.236688820312499,0.0,True,True,16,2.798932753460045,3,"['Ag', 'Ca', 'Pd']",Ag-Ca-Pd,Ca12Ag3Pd
mp-1183456,Ca2AgPd,0.0,-0.461979811249998,0.033896488020833,True,False,4,5.243026657375366,3,"['Ag', 'Ca', 'Pd']",Ag-Ca-Pd,Ca2AgPd
mp-1068053,Ca2AgPd2,0.0,-0.604550230999998,0.0,True,True,5,6.078889874098989,3,"['Ag', 'Ca', 'Pd']",Ag-Ca-Pd,Ca2AgPd2
mp-3303476,Ca2Ag6Pd,0.0,-0.298989954999999,0.0,True,True,18,7.710898407355774,3,"['Ag', 'Ca', 'Pd']",Ag-Ca-Pd,Ca2Ag6Pd
mp-3311315,Ca2Ag4Pd3,0.0,-0.420461700555553,0.0,True,True,18,8.003335483570053,3,"['Ag', 'Ca', 'Pd']",Ag-Ca-Pd,Ca2Ag4Pd3
mp-3203024,Ca2AgPdPt,0.0,-0.715275790999999,0.0,True,True,5,7.461363584985926,4,"['Ag', 'Ca', 'Pd', 'Pt']",Ag-Ca-Pd-Pt,Ca2AgPdPt
mp-3213236,Ca4Si6AgPd,0.0,-0.620283372916667,0.0,True,True,12,3.556975037616706,4,"['Ag', 'Ca', 'Pd', 'Si']",Ag-Ca-Pd-Si,Ca4Si6AgPd
mp-1183552,CaPmAg2,0.0,-0.303594609375,0.0,True,True,4,6.640003961271334,3,"['Ag', 'Ca', 'Pm']",Ag-Ca-Pm,CaPmAg2
mp-3251788,CaPmAgSn,0.0,-0.606815463125002,0.0,True,True,4,6.38371815969888,4,"['Ag', 'Ca', 'Pm', 'Sn']",Ag-Ca-Pm-Sn,CaPmAgSn
mp-866060,CaPrAg2,0.0,-0.306290548749997,0.0,True,True,4,6.393814642554121,3,"['Ag', 'Ca', 'Pr']",Ag-Ca-Pr,CaPrAg2
mp-3201219,Ca2AgPt2,0.0,-0.8220441969999961,0.0,True,True,5,8.86924139337186,3,"['Ag', 'Ca', 'Pt']",Ag-Ca-Pt,Ca2AgPt2
mp-3203439,Ca9AgPt5,0.0,-0.8120476483333351,0.0,True,True,15,6.215187867261019,3,"['Ag', 'Ca', 'Pt']",Ag-Ca-Pt,Ca9AgPt5
mp-3258773,Ca10AgRh3,0.0,-0.308351493214284,0.0,True,True,14,3.29565596737255,3,"['Ag', 'Ca', 'Rh']",Ag-Ca-Rh,Ca10AgRh3
mp-3259590,Ca12Ag3Rh,0.0,-0.212450182812499,0.0,True,True,16,2.840974298487197,3,"['Ag', 'Ca', 'Rh']",Ag-Ca-Rh,Ca12Ag3Rh
mp-3267059,Ca6AgRh,0.0,-0.2415779868749999,0.001093954659086,True,False,16,2.927978800384502,3,"['Ag', 'Ca', 'Rh']",Ag-Ca-Rh,Ca6AgRh
mp-3269640,Ca5AgRh2,0.0,-0.343006295624999,0.0,True,True,16,4.022081895449487,3,"['Ag', 'Ca', 'Rh']",Ag-Ca-Rh,Ca5AgRh2
mp-3272941,Ca10AgRh,0.0,-0.164125664166667,0.000398869027776,True,False,24,2.345714030406909,3,"['Ag', 'Ca', 'Rh']",Ag-Ca-Rh,Ca10AgRh
mp-1183516,Ca2AgRh,0.0,-0.299633551249998,0.051606258958335,True,False,4,5.477334127832424,3,"['Ag', 'Ca', 'Rh']",Ag-Ca-Rh,Ca2AgRh
mp-11214,CaAgSb,0.0,-0.757239733055554,0.0,True,True,12,5.960006983932184,3,"['Ag', 'Ca', 'Sb']",Ag-Ca-Sb,CaAgSb
mp-29570,Ca2Si3Ag,0.0,-0.513929418333333,0.0,True,True,12,3.502980861588883,3,"['Ag', 'Ca', 'Si']",Ag-Ca-Si,Ca2Si3Ag
mp-3201003,CaZnSi2Ag,0.0,-0.336358696,0.0,True,True,5,4.8572197396261725,4,"['Ag', 'Ca', 'Si', 'Zn']",Ag-Ca-Si-Zn,CaZnSi2Ag
mp-1183560,CaSmAg2,0.0,-0.299959087499999,0.004305091249996,True,False,4,6.7948375115030855,3,"['Ag', 'Ca', 'Sm']",Ag-Ca-Sm,CaSmAg2
mp-865729,CaAg2Sn,0.0,-0.341297382083331,0.050234569583333,True,False,4,6.981403714582505,3,"['Ag', 'Ca', 'Sn']",Ag-Ca-Sn,CaAg2Sn
mp-867751,Ca2AgSn,0.0,-0.532931791666665,0.0,True,True,4,4.789920617181153,3,"['Ag', 'Ca', 'Sn']",Ag-Ca-Sn,Ca2AgSn
mp-1206764,CaAgSn,0.0,-0.52204260222222,0.0,True,True,9,5.877557941793861,3,"['Ag', 'Ca', 'Sn']",Ag-Ca-Sn,CaAgSn
mp-3200795,SrCa2(AgSn)3,0.0,-0.5721750627777761,0.0,True,True,9,6.041679988255928,4,"['Ag', 'Ca', 'Sn', 'Sr']",Ag-Ca-Sn-Sr,SrCa2(AgSn)3
mp-1095901,SrCaAg2,0.004599999999999,1.097094547687504,1.3868610996875,False,False,4,0.38157164428836,3,"['Ag', 'Ca', 'Sr']",Ag-Ca-Sr,SrCaAg2
mp-1218380,SrCa3Ag4,0.0,-0.283145797406248,0.014780863593749,True,False,8,4.633930103771679,3,"['Ag', 'Ca', 'Sr']",Ag-Ca-Sr,SrCa3Ag4
mp-1218586,Sr3CaAg4,0.0,-0.270193015552078,0.011413427447916,True,False,24,4.899239034574939,3,"['Ag', 'Ca', 'Sr']",Ag-Ca-Sr,Sr3CaAg4
mp-1096035,Ca2TlAg,0.0,1.113214154999997,1.522583169999999,True,False,4,0.40939590133815,3,"['Ag', 'Ca', 'Tl']",Ag-Ca-Tl,Ca2TlAg
mp-1096652,CaTlAg2,0.0,0.983408043749985,1.245079714999999,True,False,4,0.580870328543102,3,"['Ag', 'Ca', 'Tl']",Ag-Ca-Tl,CaTlAg2
mp-1096336,CaYAg2,0.076099999999999,1.606519813750001,1.923269415,False,False,4,0.425152938465629,3,"['Ag', 'Ca', 'Y']",Ag-Ca-Y,CaYAg2
mp-3256582,Ca10ZnAg5,0.0,-0.245744994375002,0.0,True,True,16,3.522697093836628,3,"['Ag', 'Ca', 'Zn']",Ag-Ca-Zn,Ca10ZnAg5
mp-1096168,Ca2ZnAg,0.0,1.137760694583334,1.432897142187499,True,False,4,0.306848281223249,3,"['Ag', 'Ca', 'Zn']",Ag-Ca-Zn,Ca2ZnAg
mp-3240253,CaZn2Ag3,0.0,-0.216821292499998,0.0,True,True,6,7.106894183444231,3,"['Ag', 'Ca', 'Zn']",Ag-Ca-Zn,CaZn2Ag3
mp-3329411,CaZn3Ag2,0.0,-0.2375054975,0.0,True,True,6,6.782302551657419,3,"['Ag', 'Ca', 'Zn']",Ag-Ca-Zn,CaZn3Ag2
mp-1227017,Ca4ZnAg3,0.0,-0.307850736874998,0.005722444843749,True,False,8,4.243548464199458,3,"['Ag', 'Ca', 'Zn']",Ag-Ca-Zn,Ca4ZnAg3
mp-1227020,CaZnAg,0.0,-0.314119315555553,0.0,True,True,6,5.39586411847201,3,"['Ag', 'Ca', 'Zn']",Ag-Ca-Zn,CaZnAg
mp-1227685,Ca2Zn3Ag,0.0,-0.305917126944445,0.002595419999996,True,False,6,5.000491937168,3,"['Ag', 'Ca', 'Zn']",Ag-Ca-Zn,Ca2Zn3Ag
mp-567857,Cd8Ag5,0.0,-0.053803280769229,0.0,True,True,26,9.46344942396367,2,"['Ag', 'Cd']",Ag-Cd,Cd8Ag5
mp-1183627,CdAg3,0.0,-0.038884366249998,0.007372807499997,True,False,4,10.061277928380049,2,"['Ag', 'Cd']",Ag-Cd,CdAg3
mp-2642,CdAg,0.0,-0.0530409375,0.0,True,True,2,9.705816868409508,2,"['Ag', 'Cd']",Ag-Cd,CdAg
mp-1226933,Cd3Ag,0.0,-0.020846063749999,0.014126068749998,True,False,4,9.17679649466564,2,"['Ag', 'Cd']",Ag-Cd,Cd3Ag
mp-865552,CeCdAg2,0.0,-0.156921468333331,0.000857760468748,True,False,4,8.52055457081902,3,"['Ag', 'Cd', 'Ce']",Ag-Cd-Ce,CeCdAg2
mp-3240569,CeCdAg4,0.0,-0.170147088333327,0.0,True,True,6,9.18184157712167,3,"['Ag', 'Cd', 'Ce']",Ag-Cd-Ce,CeCdAg4
mp-31173,CeCd2Ag,0.0,-0.136087185416664,0.04135263609375,True,False,4,8.262174012056702,3,"['Ag', 'Cd', 'Ce']",Ag-Cd-Ce,CeCd2Ag
mp-1226280,Cr4CdAgSe8,0.0,-0.763073599315475,0.0,True,True,14,5.552938560483511,4,"['Ag', 'Cd', 'Cr', 'Se']",Ag-Cd-Cr-Se,Cr4CdAgSe8
mp-3215962,CsCd12Ag,0.0,-0.092573519285711,0.0,True,True,28,7.87667041216464,3,"['Ag', 'Cd', 'Cs']",Ag-Cd-Cs,CsCd12Ag
mp-3206209,Cd2CuAg3O8,0.8625,-0.577684120357141,0.0,False,True,14,7.31802703251918,4,"['Ag', 'Cd', 'Cu', 'O']",Ag-Cd-Cu-O,Cd2CuAg3O8
mp-867256,DyCdAg2,0.0,-0.268829113749997,0.0,True,True,4,9.810895239360912,3,"['Ag', 'Cd', 'Dy']",Ag-Cd-Dy,DyCdAg2
mp-3315301,Dy4Cd3Ag10,0.0,-0.285905037647059,0.0,True,True,34,9.819742605657884,3,"['Ag', 'Cd', 'Dy']",Ag-Cd-Dy,Dy4Cd3Ag10
mp-3229986,Dy3Cd3Ga2Ag,0.0,-0.553926983333332,0.0,True,True,9,8.922591586386014,4,"['Ag', 'Cd', 'Dy', 'Ga']",Ag-Cd-Dy-Ga,Dy3Cd3Ga2Ag
mp-3249381,DyCd(AgO2)4,0.0,-1.008984795357142,0.0,True,True,14,7.9469331716839875,4,"['Ag', 'Cd', 'Dy', 'O']",Ag-Cd-Dy-O,DyCd(AgO2)4
mp-3328632,Dy3CdAgRu,0.0,-0.411625649166666,0.0,True,True,6,9.76317647465369,4,"['Ag', 'Cd', 'Dy', 'Ru']",Ag-Cd-Dy-Ru,Dy3CdAgRu
mp-3335703,Dy3Cd3Ag2Ru,0.0,-0.377915908888885,0.0,True,True,9,9.469107353802588,4,"['Ag', 'Cd', 'Dy', 'Ru']",Ag-Cd-Dy-Ru,Dy3Cd3Ag2Ru
mp-3336051,Dy3CdSi2Ag3,0.0,-0.5665320366666621,0.0,True,True,9,8.664266356590467,4,"['Ag', 'Cd', 'Dy', 'Si']",Ag-Cd-Dy-Si,Dy3CdSi2Ag3
mp-3345075,Dy3Cd3Si2Ag,0.0,-0.578062637777776,0.0,True,True,9,8.494380620138983,4,"['Ag', 'Cd', 'Dy', 'Si']",Ag-Cd-Dy-Si,Dy3Cd3Si2Ag
mp-3245988,DyZnCdAg3,0.0,-0.261249520833331,0.0,True,True,6,9.65544733909076,4,"['Ag', 'Cd', 'Dy', 'Zn']",Ag-Cd-Dy-Zn,DyZnCdAg3
mp-977378,ErCdAg2,0.0,-0.268889338333331,0.0,True,True,4,10.082641740528391,3,"['Ag', 'Cd', 'Er']",Ag-Cd-Er,ErCdAg2
mp-3253163,ErCdAgHg,0.0,-0.36245804395833,0.0,True,True,4,11.535684205114816,4,"['Ag', 'Cd', 'Er', 'Hg']",Ag-Cd-Er-Hg,ErCdAgHg
mp-3222293,Er3Cd3Ag2Ru,0.0,-0.370244427222221,0.0,True,True,9,9.763662958002966,4,"['Ag', 'Cd', 'Er', 'Ru']",Ag-Cd-Er-Ru,Er3Cd3Ag2Ru
mp-3245817,ErZnCdAg3,0.0,-0.249850987222221,0.0,True,True,6,9.817087101593089,4,"['Ag', 'Cd', 'Er', 'Zn']",Ag-Cd-Er-Zn,ErZnCdAg3
mp-1184330,EuCdAg2,0.0,-0.252489477499999,0.028090370625001,True,False,4,8.26114183276324,3,"['Ag', 'Cd', 'Eu']",Ag-Cd-Eu,EuCdAg2
mp-3241133,Eu(CdAg2)2,0.0,-0.212660359285714,0.0,True,True,7,9.128384883585872,3,"['Ag', 'Cd', 'Eu']",Ag-Cd-Eu,Eu(CdAg2)2
mp-1225230,EuCdAg,0.0,-0.342713193333333,0.002924959166666,True,False,6,7.960012603077138,3,"['Ag', 'Cd', 'Eu']",Ag-Cd-Eu,EuCdAg
mp-3240077,Eu2CdAgPb2,0.0,-0.526869235833335,0.0,True,True,6,9.169489887118273,4,"['Ag', 'Cd', 'Eu', 'Pb']",Ag-Cd-Eu-Pb,Eu2CdAgPb2
mp-3240918,Eu2CdAgSn2,0.0,-0.6081233075000031,0.0,True,True,6,7.750178840293007,4,"['Ag', 'Cd', 'Eu', 'Sn']",Ag-Cd-Eu-Sn,Eu2CdAgSn2
mp-3207992,CdAg2F8,1.6702,-1.522708979090909,0.0,False,True,22,5.003173977229673,3,"['Ag', 'Cd', 'F']",Ag-Cd-F,CdAg2F8
mp-554342,Hf3Cd3AgF20,0.0,-3.311825106728395,0.0,True,True,54,5.397804898159748,4,"['Ag', 'Cd', 'F', 'Hf']",Ag-Cd-F-Hf,Hf3Cd3AgF20
mp-555315,Zr3Cd3AgF20,0.0,-3.229559668024691,0.0,True,True,54,4.27336981345574,4,"['Ag', 'Cd', 'F', 'Zr']",Ag-Cd-F-Zr,Zr3Cd3AgF20
mp-3231970,Pr3Cd3Ga2Ag,0.0,-0.5309575444444441,0.0,True,True,9,7.594539895219264,4,"['Ag', 'Cd', 'Ga', 'Pr']",Ag-Cd-Ga-Pr,Pr3Cd3Ga2Ag
mp-6356,Cd2GaAgS4,1.0437,-0.8115381298958321,0.0,False,True,16,4.546701253147711,4,"['Ag', 'Cd', 'Ga', 'S']",Ag-Cd-Ga-S,Cd2GaAgS4
mp-1213860,CdGa(AgS2)2,0.0,-0.604061903854165,0.047799949687499,True,False,16,4.646328005089185,4,"['Ag', 'Cd', 'Ga', 'S']",Ag-Cd-Ga-S,CdGa(AgS2)2
mp-1226965,Cd2GaAg(SeS)2,0.057599999999999,-0.698483738606769,0.098944657500001,False,False,8,4.907600824512129,5,"['Ag', 'Cd', 'Ga', 'S', 'Se']",Ag-Cd-Ga-S-Se,Cd2GaAg(SeS)2
mp-1215684,Zn3CdGa2(AgS4)2,1.3837,-0.876243099895832,0.009472108437499,False,False,16,4.35398033068959,5,"['Ag', 'Cd', 'Ga', 'S', 'Zn']",Ag-Cd-Ga-S-Zn,Zn3CdGa2(AgS4)2
mp-1226958,Cd2GaAgSe4,0.004,-0.695338894817707,0.067481498125,False,False,8,5.247933109862513,4,"['Ag', 'Cd', 'Ga', 'Se']",Ag-Cd-Ga-Se,Cd2GaAgSe4
mp-1213864,CdGa(AgSe2)2,0.0,-0.5810700394010411,0.029997220859374,True,False,16,5.465738424086266,4,"['Ag', 'Cd', 'Ga', 'Se']",Ag-Cd-Ga-Se,CdGa(AgSe2)2
mp-3230051,Y3Cd3Ga2Ag,0.0,-0.560181765,0.0,True,True,9,7.025708824887748,4,"['Ag', 'Cd', 'Ga', 'Y']",Ag-Cd-Ga-Y,Y3Cd3Ga2Ag
mp-1184477,GdCdAg2,0.0,-0.257734304999999,0.0,True,True,4,9.415039026613394,3,"['Ag', 'Cd', 'Gd']",Ag-Cd-Gd,GdCdAg2
mp-542200,CdAg4Ge2S7,0.6329,-0.5322799706547601,0.002973598035714,False,False,28,4.621826450208731,4,"['Ag', 'Cd', 'Ge', 'S']",Ag-Cd-Ge-S,CdAg4Ge2S7
mp-554105,CdAg2GeS4,0.5785,-0.583503417916664,0.0029448853125,False,False,16,4.825901146277261,4,"['Ag', 'Cd', 'Ge', 'S']",Ag-Cd-Ge-S,CdAg2GeS4
mp-3253250,HoCdAgHg,0.0,-0.373632674375002,0.0,True,True,4,11.352144917895023,4,"['Ag', 'Cd', 'Hg', 'Ho']",Ag-Cd-Hg-Ho,HoCdAgHg
mp-3244833,NdCdAgHg,0.0,-0.399694382500005,0.0,True,True,4,10.172628108401462,4,"['Ag', 'Cd', 'Hg', 'Nd']",Ag-Cd-Hg-Nd,NdCdAgHg
mp-3253184,PmCdAgHg,0.0,-0.404840247500001,0.0,True,True,4,10.345774429035474,4,"['Ag', 'Cd', 'Hg', 'Pm']",Ag-Cd-Hg-Pm,PmCdAgHg
mp-3248868,PrCdAgHg,0.0,-0.391658341041665,0.0,True,True,4,9.955429331000962,4,"['Ag', 'Cd', 'Hg', 'Pr']",Ag-Cd-Hg-Pr,PrCdAgHg
mp-3230291,Sm3Cd3AgHg2,0.0,-0.467380076666662,0.0,True,True,9,9.723206788100644,4,"['Ag', 'Cd', 'Hg', 'Sm']",Ag-Cd-Hg-Sm,Sm3Cd3AgHg2
mp-3247677,TmCdAgHg,0.0,-0.355664988125003,0.0,True,True,4,11.619062309514677,4,"['Ag', 'Cd', 'Hg', 'Tm']",Ag-Cd-Hg-Tm,TmCdAgHg
mp-3201786,YCdAgHg,0.0,-0.379265780625001,0.0,True,True,4,9.760966412942476,4,"['Ag', 'Cd', 'Hg', 'Y']",Ag-Cd-Hg-Y,YCdAgHg
mp-864904,HoCdAg2,0.0,-0.26668044708333,0.0,True,True,4,9.940731920697528,3,"['Ag', 'Cd', 'Ho']",Ag-Cd-Ho,HoCdAg2
mp-3309832,Ho4Cd3Ag10,0.0,-0.280435480294118,0.0,True,True,34,9.925930337114265,3,"['Ag', 'Cd', 'Ho']",Ag-Cd-Ho,Ho4Cd3Ag10
mp-3232012,Ho3Cd3Ag2Ir,0.0,-0.524176479444438,0.0,True,True,9,10.344427681919612,4,"['Ag', 'Cd', 'Ho', 'Ir']",Ag-Cd-Ho-Ir,Ho3Cd3Ag2Ir
mp-3221853,Ho2CdNiAg,0.0,-0.422188070999996,0.0,True,True,10,9.529234125580944,4,"['Ag', 'Cd', 'Ho', 'Ni']",Ag-Cd-Ho-Ni,Ho2CdNiAg
mp-3230689,Ho3Cd3NiAg2,0.0,-0.377555830555558,0.0,True,True,9,9.453365337952183,4,"['Ag', 'Cd', 'Ho', 'Ni']",Ag-Cd-Ho-Ni,Ho3Cd3NiAg2
mp-3250818,Ho3Cd3AgPb2,0.0,-0.46533512888889,0.0,True,True,9,10.25940598674382,4,"['Ag', 'Cd', 'Ho', 'Pb']",Ag-Cd-Ho-Pb,Ho3Cd3AgPb2
mp-3230514,Ho3Cd3Si2Ag,0.0,-0.567359459999999,0.0,True,True,9,8.637125005821268,4,"['Ag', 'Cd', 'Ho', 'Si']",Ag-Cd-Ho-Si,Ho3Cd3Si2Ag
mp-3248130,HoZnCdAg3,0.0,-0.25612640583333,0.0,True,True,6,9.746813964446924,4,"['Ag', 'Cd', 'Ho', 'Zn']",Ag-Cd-Ho-Zn,HoZnCdAg3
mp-1025377,Cd(AgI2)2,1.7741,-0.6328093847619031,0.0,False,True,7,5.187306308344524,3,"['Ag', 'Cd', 'I']",Ag-Cd-I,Cd(AgI2)2
mp-3209017,Cd5Ag(IO6)2,0.0,-0.8426618397499991,0.003426496156251,True,False,20,7.096033895624839,4,"['Ag', 'Cd', 'I', 'O']",Ag-Cd-I-O,Cd5Ag(IO6)2
mp-3206368,Cd2AgIO6,0.3,-0.7845775849999991,0.0,False,True,20,6.986031800687074,4,"['Ag', 'Cd', 'I', 'O']",Ag-Cd-I-O,Cd2AgIO6
mp-1096114,CdInAg2,0.020399999999999,0.88029201840278,0.933561005668405,False,False,4,0.7086966395426101,3,"['Ag', 'Cd', 'In']",Ag-Cd-In,CdInAg2
mp-3222423,Nd3Cd3In2Ag,0.0,-0.505044554166662,0.0,True,True,9,7.879031777696203,4,"['Ag', 'Cd', 'In', 'Nd']",Ag-Cd-In-Nd,Nd3Cd3In2Ag
mp-1226962,Cd2InAgS4,0.1805,-0.642272887656249,0.025835483125,False,False,8,4.61730834864954,4,"['Ag', 'Cd', 'In', 'S']",Ag-Cd-In-S,Cd2InAgS4
mp-1226727,CdInAgTe3,0.0,-0.423294029999998,0.014361956666665,True,False,6,5.558795046763238,4,"['Ag', 'Cd', 'In', 'Te']",Ag-Cd-In-Te,CdInAgTe3
mp-1226959,Cd2InAgTe4,0.300599999999999,-0.4654608999999999,0.002966091250002,False,False,8,5.544730592384643,4,"['Ag', 'Cd', 'In', 'Te']",Ag-Cd-In-Te,Cd2InAgTe4
mp-1226985,Cd2In3Ag3Te8,1.1214,-0.420359721875001,0.001910762499999,False,False,16,5.600941081641309,4,"['Ag', 'Cd', 'In', 'Te']",Ag-Cd-In-Te,Cd2In3Ag3Te8
mp-3222522,Tm3Cd3In2Ag,0.0,-0.440402639444446,0.0,True,True,9,9.301525151316415,4,"['Ag', 'Cd', 'In', 'Tm']",Ag-Cd-In-Tm,Tm3Cd3In2Ag
mp-3249543,YbCdInAg3,0.0,-0.164659693333329,0.115225540000032,True,False,6,9.76080291264526,4,"['Ag', 'Cd', 'In', 'Yb']",Ag-Cd-In-Yb,YbCdInAg3
mp-3229910,Yb2Cd3InAg2,0.0,-0.268656227499999,0.066570431249999,True,False,8,9.243156122440736,4,"['Ag', 'Cd', 'In', 'Yb']",Ag-Cd-In-Yb,Yb2Cd3InAg2
mp-3209623,CdAgIr2O7,0.0,-0.803794285113636,0.0,True,True,22,9.181505603303597,4,"['Ag', 'Cd', 'Ir', 'O']",Ag-Cd-Ir-O,CdAgIr2O7
mp-3205825,Sr10Cd2Ag3Ir,0.0,-0.239309585312497,0.0,True,True,16,4.703583400720052,4,"['Ag', 'Cd', 'Ir', 'Sr']",Ag-Cd-Ir-Sr,Sr10Cd2Ag3Ir
mp-3206135,Y20Cd3Ag3Ir2,0.0,-0.364516534107143,0.0,True,True,28,5.988968070538125,4,"['Ag', 'Cd', 'Ir', 'Y']",Ag-Cd-Ir-Y,Y20Cd3Ag3Ir2
mp-3208799,K2Cd3Ag,0.0,-0.082198146249998,0.0,True,True,12,5.176780361506024,3,"['Ag', 'Cd', 'K']",Ag-Cd-K,K2Cd3Ag
mp-3208989,K4Cd7Ag,0.0,-0.088396224999999,0.0,True,True,12,5.100362847332966,3,"['Ag', 'Cd', 'K']",Ag-Cd-K,K4Cd7Ag
mp-1097134,La2CdAg,0.0,1.943971869583333,2.2214554025,True,False,4,0.6984443933760851,3,"['Ag', 'Cd', 'La']",Ag-Cd-La,La2CdAg
mp-1097341,LaCd2Ag,0.095099999999999,1.411360965833334,1.696618526249999,False,False,4,0.5763369767867761,3,"['Ag', 'Cd', 'La']",Ag-Cd-La,LaCd2Ag
mp-867225,LaCdAg2,0.0,-0.271308637083331,0.0,True,True,4,8.307488799966078,3,"['Ag', 'Cd', 'La']",Ag-Cd-La,LaCdAg2
mp-3241327,LaCdAg4,0.0,-0.247692234166668,0.0,True,True,6,8.980400774875791,3,"['Ag', 'Cd', 'La']",Ag-Cd-La,LaCdAg4
mp-3297732,LaCd4Ag,0.0,-0.294372439444442,0.0,True,True,18,8.222355380849875,3,"['Ag', 'Cd', 'La']",Ag-Cd-La,LaCd4Ag
mp-3324580,La4Cd3Ag10,0.0,-0.292910461176468,0.0,True,True,34,8.493501425669086,3,"['Ag', 'Cd', 'La']",Ag-Cd-La,La4Cd3Ag10
mp-3223800,La4Cd2AgRh3,0.0,-0.641552484500005,0.0,True,True,10,8.160203940434341,4,"['Ag', 'Cd', 'La', 'Rh']",Ag-Cd-La-Rh,La4Cd2AgRh3
mp-3171027,La4Cd2Ag3Rh,0.0,-0.458171972499999,0.0,True,True,10,7.624455454629764,4,"['Ag', 'Cd', 'La', 'Rh']",Ag-Cd-La-Rh,La4Cd2Ag3Rh
mp-3346209,La2CdAgRh,0.0,-0.556630752,0.0,True,True,10,7.8851166379356,4,"['Ag', 'Cd', 'La', 'Rh']",Ag-Cd-La-Rh,La2CdAgRh
mp-1184976,Li2CdAg,0.0,-0.216974159583333,0.0111268925,True,False,4,5.924505629784878,3,"['Ag', 'Cd', 'Li']",Ag-Cd-Li,Li2CdAg
mp-867204,LiCd2Ag,0.0,-0.208504015416664,0.0,True,True,4,7.741089523875284,3,"['Ag', 'Cd', 'Li']",Ag-Cd-Li,LiCd2Ag
mp-867872,LiCdAg2,0.0,-0.156172906666668,0.012477866249998,True,False,4,7.985703618874868,3,"['Ag', 'Cd', 'Li']",Ag-Cd-Li,LiCdAg2
mp-865977,LuCdAg2,0.0,-0.273370559166664,0.002375316814518,True,False,4,10.45477016320928,3,"['Ag', 'Cd', 'Lu']",Ag-Cd-Lu,LuCdAg2
mp-973956,Lu2CdAg,0.0,-0.34641017958333,0.0,True,True,4,10.262924935313007,3,"['Ag', 'Cd', 'Lu']",Ag-Cd-Lu,Lu2CdAg
mp-1185662,Mg2CdAg,0.0,-0.137157450416665,0.025367825416667,True,False,4,5.78480393124192,3,"['Ag', 'Cd', 'Mg']",Ag-Cd-Mg,Mg2CdAg
mp-30727,MgCdAg2,0.0,-0.146492412083332,0.0,True,True,4,7.974781472442552,3,"['Ag', 'Cd', 'Mg']",Ag-Cd-Mg,MgCdAg2
mp-1222139,Mg4CdAg5,0.0,-0.198184008833332,0.0,True,True,10,6.863151310444636,3,"['Ag', 'Cd', 'Mg']",Ag-Cd-Mg,Mg4CdAg5
mp-3204370,CdAg(NO3)4,0.8014,-0.391874047222223,0.0,False,True,36,3.377323740380363,4,"['Ag', 'Cd', 'N', 'O']",Ag-Cd-N-O,CdAg(NO3)4
mp-3206087,CdAg6NO11,0.0,-0.323980188684209,0.0,True,True,19,6.478623343355968,4,"['Ag', 'Cd', 'N', 'O']",Ag-Cd-N-O,CdAg6NO11
mp-3208888,Zr6CdAgN2,0.0,-0.92137996525,0.0,True,True,10,7.313690885996601,4,"['Ag', 'Cd', 'N', 'Zr']",Ag-Cd-N-Zr,Zr6CdAgN2
mp-1186123,NaCd2Ag,0.0,-0.034234010761492,0.024412766121031,True,False,4,6.767825930491297,3,"['Ag', 'Cd', 'Na']",Ag-Cd-Na,NaCd2Ag
mp-3313275,Na6Cd32Ag,0.0,-0.104038900128201,0.0,True,True,39,7.217499585499974,3,"['Ag', 'Cd', 'Na']",Ag-Cd-Na,Na6Cd32Ag
mp-1186236,Nd2CdAg,0.0,-0.267133861666663,0.007896097500001,True,False,4,7.743304890062356,3,"['Ag', 'Cd', 'Nd']",Ag-Cd-Nd,Nd2CdAg
mp-1186295,NdCdAg2,0.0,-0.267994552708331,0.0,True,True,4,8.810527470031902,3,"['Ag', 'Cd', 'Nd']",Ag-Cd-Nd,NdCdAg2
mp-3305979,Nd(Cd2Ag)4,0.0,-0.163164891346149,0.0,True,True,13,8.99465338875926,3,"['Ag', 'Cd', 'Nd']",Ag-Cd-Nd,Nd(Cd2Ag)4
mp-3315707,NdCd4Ag,0.0,-0.283315894861109,0.0,True,True,18,8.548373036360667,3,"['Ag', 'Cd', 'Nd']",Ag-Cd-Nd,NdCd4Ag
mp-3230452,Nd3Cd3NiAg2,0.0,-0.357381240277773,0.0,True,True,9,8.24827187509191,4,"['Ag', 'Cd', 'Nd', 'Ni']",Ag-Cd-Nd-Ni,Nd3Cd3NiAg2
mp-3230109,Nd3Cd3AgPd2,0.0,-0.608985351944441,0.0,True,True,9,8.59307265079357,4,"['Ag', 'Cd', 'Nd', 'Pd']",Ag-Cd-Nd-Pd,Nd3Cd3AgPd2
mp-3222172,Nd2CdAgRh,0.0,-0.533882386999999,0.0,True,True,10,8.372725286077253,4,"['Ag', 'Cd', 'Nd', 'Rh']",Ag-Cd-Nd-Rh,Nd2CdAgRh
mp-3222519,Nd4Cd2Ag3Rh,0.0,-0.437278052499999,0.0,True,True,10,8.172421578083027,4,"['Ag', 'Cd', 'Nd', 'Rh']",Ag-Cd-Nd-Rh,Nd4Cd2Ag3Rh
mp-3200874,Y3Cd3NiAg2,0.0,-0.373360819999997,0.0,True,True,9,7.364860257617684,4,"['Ag', 'Cd', 'Ni', 'Y']",Ag-Cd-Ni-Y,Y3Cd3NiAg2
mp-3206127,Y20Cd3Ni2Ag3,0.0,-0.245924429464285,0.0,True,True,28,5.484027907269437,4,"['Ag', 'Cd', 'Ni', 'Y']",Ag-Cd-Ni-Y,Y20Cd3Ni2Ag3
mp-754454,Cd(AgO2)2,0.3377,-0.6266469290476181,0.025598522619047,False,False,14,6.11193893586025,3,"['Ag', 'Cd', 'O']",Ag-Cd-O,Cd(AgO2)2
mp-996963,CdAgO2,0.0,-0.868751446666665,0.025610109999999,True,False,8,7.646034425444811,3,"['Ag', 'Cd', 'O']",Ag-Cd-O,CdAgO2
mp-3201021,CdAg2PbO4,0.0,-0.780670844374999,0.0,True,True,8,7.790575554687542,4,"['Ag', 'Cd', 'O', 'Pb']",Ag-Cd-O-Pb,CdAg2PbO4
mp-3212839,CdAgRu2O7,0.0,-0.9823634964772752,0.002158990909087,True,False,22,6.863263606096776,4,"['Ag', 'Cd', 'O', 'Ru']",Ag-Cd-O-Ru,CdAgRu2O7
mp-3205333,CdAg3(Ru2O7)2,0.0,-0.869369717613636,0.0,True,True,22,6.865811567543125,4,"['Ag', 'Cd', 'O', 'Ru']",Ag-Cd-O-Ru,CdAg3(Ru2O7)2
mp-3215207,CdAg5SbO6,0.1318,-0.7887122859615391,0.0,False,True,26,7.813971246341434,4,"['Ag', 'Cd', 'O', 'Sb']",Ag-Cd-O-Sb,CdAg5SbO6
mp-3214084,CdAg10(SnO4)3,0.0612,-0.8611646894230771,0.0,False,True,26,7.868601742220166,4,"['Ag', 'Cd', 'O', 'Sn']",Ag-Cd-O-Sn,CdAg10(SnO4)3
mp-541708,VCdAgO4,1.8437,-1.69539330845238,0.003882880714295,False,False,28,5.633823848959154,4,"['Ag', 'Cd', 'O', 'V']",Ag-Cd-O-V,VCdAgO4
mp-3212433,Y20CdAg5Os2,0.0,-0.24480841732143,0.0,True,True,28,6.083287184497376,4,"['Ag', 'Cd', 'Os', 'Y']",Ag-Cd-Os-Y,Y20CdAg5Os2
mp-3212540,Cd3(AgP5)2,1.3709,-0.141393358650793,0.0,False,True,15,4.61407731757335,3,"['Ag', 'Cd', 'P']",Ag-Cd-P,Cd3(AgP5)2
mp-3306836,Pr6Cd19Ag4P,0.0,-0.407744122932539,0.0,True,True,30,8.295433731968426,4,"['Ag', 'Cd', 'P', 'Pr']",Ag-Cd-P-Pr,Pr6Cd19Ag4P
mp-3206879,CdAg2(PS3)2,2.2699,-0.388898190257032,0.0,False,True,22,3.966474680183041,4,"['Ag', 'Cd', 'P', 'S']",Ag-Cd-P-S,CdAg2(PS3)2
mp-3210983,Sr3Cd2(AgP2)2,0.3114,-0.8004388947186151,0.0,False,True,11,5.273239261848576,4,"['Ag', 'Cd', 'P', 'Sr']",Ag-Cd-P-Sr,Sr3Cd2(AgP2)2
mp-3230523,Y3Cd3AgPb2,0.0,-0.497619972777774,0.0,True,True,9,8.378251105789456,4,"['Ag', 'Cd', 'Pb', 'Y']",Ag-Cd-Pb-Y,Y3Cd3AgPb2
mp-1096709,Cd2AgPd,0.0,1.064235392083335,1.281071094473683,True,False,4,0.7306289629398811,3,"['Ag', 'Cd', 'Pd']",Ag-Cd-Pd,Cd2AgPd
mp-867260,CdAgPd2,0.0,-0.246434972916664,0.0,True,True,4,10.85764772722479,3,"['Ag', 'Cd', 'Pd']",Ag-Cd-Pd,CdAgPd2
mp-3223017,Pr2CdAgPd,0.0,-0.5384549766666651,0.0,True,True,10,8.016037918373701,4,"['Ag', 'Cd', 'Pd', 'Pr']",Ag-Cd-Pd-Pr,Pr2CdAgPd
mp-3223119,Tb3Cd3AgPd2,0.0,-0.631438120555556,0.0,True,True,9,9.509191581978,4,"['Ag', 'Cd', 'Pd', 'Tb']",Ag-Cd-Pd-Tb,Tb3Cd3AgPd2
mp-862889,PmCdAg2,0.0,-0.288498779375,0.0,True,True,4,8.963596179604167,3,"['Ag', 'Cd', 'Pm']",Ag-Cd-Pm,PmCdAg2
mp-3251768,PmZnCdAg,0.0,-0.335974674374998,0.0,True,True,4,8.52121424308426,4,"['Ag', 'Cd', 'Pm', 'Zn']",Ag-Cd-Pm-Zn,PmZnCdAg
mp-3262377,Pr(Cd2Ag)4,0.0,-0.166276700897434,0.0,True,True,13,8.948521111348995,3,"['Ag', 'Cd', 'Pr']",Ag-Cd-Pr,Pr(Cd2Ag)4
mp-862760,PrCdAg2,0.0,-0.259733593749997,0.0,True,True,4,8.608355439375917,3,"['Ag', 'Cd', 'Pr']",Ag-Cd-Pr,PrCdAg2
mp-982010,Pr2CdAg,0.0,-0.254516923749997,0.007137937500001,True,False,4,7.467748083259032,3,"['Ag', 'Cd', 'Pr']",Ag-Cd-Pr,Pr2CdAg
mp-3314218,PrCd4Ag,0.0,-0.283573565555555,0.0,True,True,18,8.429126521946051,3,"['Ag', 'Cd', 'Pr']",Ag-Cd-Pr,PrCd4Ag
mp-3222932,Pr4Cd2Ag3Rh,0.0,-0.418616649166662,0.0,True,True,10,7.92745447048607,4,"['Ag', 'Cd', 'Pr', 'Rh']",Ag-Cd-Pr-Rh,Pr4Cd2Ag3Rh
mp-3223011,Pr4Cd2AgRh3,0.0,-0.5721101741666641,0.0,True,True,10,8.429085946450098,4,"['Ag', 'Cd', 'Pr', 'Rh']",Ag-Cd-Pr-Rh,Pr4Cd2AgRh3
mp-3223016,Pr2CdAgRh,0.0,-0.508314573666663,0.0,True,True,10,8.128682333998926,4,"['Ag', 'Cd', 'Pr', 'Rh']",Ag-Cd-Pr-Rh,Pr2CdAgRh
mp-3223921,Pr3Cd3AgSn2,0.0,-0.615730218888889,0.0,True,True,9,7.789616230625052,4,"['Ag', 'Cd', 'Pr', 'Sn']",Ag-Cd-Pr-Sn,Pr3Cd3AgSn2
mp-1183537,Cd2AgPt,0.0,-0.174336392916664,0.0,True,True,4,12.218860203771674,3,"['Ag', 'Cd', 'Pt']",Ag-Cd-Pt,Cd2AgPt
mp-3231371,Sm3Cd3Ag2Pt,0.0,-0.5927202288888851,0.0,True,True,9,9.480286864618543,4,"['Ag', 'Cd', 'Pt', 'Sm']",Ag-Cd-Pt-Sm,Sm3Cd3Ag2Pt
mp-3231364,Th3Cd3AgPt2,0.0,-0.7459490683333261,0.0,True,True,9,12.020382174810551,4,"['Ag', 'Cd', 'Pt', 'Th']",Ag-Cd-Pt-Th,Th3Cd3AgPt2
mp-3231481,Yb3Cd3Ag2Pt,0.0,-0.58641592388889,0.0,True,True,9,10.44324150245963,4,"['Ag', 'Cd', 'Pt', 'Yb']",Ag-Cd-Pt-Yb,Yb3Cd3Ag2Pt
mp-3210180,RbCd12Ag,0.0,-0.096381220446427,0.0,True,True,28,7.757394331657654,3,"['Ag', 'Cd', 'Rb']",Ag-Cd-Rb,RbCd12Ag
mp-861878,Cd2AgRh,0.0,-0.093717676249998,0.0,True,True,4,10.369462336119506,3,"['Ag', 'Cd', 'Rh']",Ag-Cd-Rh,Cd2AgRh
mp-3204634,Sc16CdAg3Rh4,0.0,-0.481606991458332,0.000335655312499,True,False,24,5.182487820536983,4,"['Ag', 'Cd', 'Rh', 'Sc']",Ag-Cd-Rh-Sc,Sc16CdAg3Rh4
mp-3208021,Y20Cd3Ag3Ru2,0.0,-0.273147215178572,0.0,True,True,28,5.642224955411855,4,"['Ag', 'Cd', 'Ru', 'Y']",Ag-Cd-Ru-Y,Y20Cd3Ag3Ru2
mp-1226771,CdAg2Sn3S8,0.643199999999999,-0.634293034880951,0.0,False,True,14,4.791611968330747,4,"['Ag', 'Cd', 'S', 'Sn']",Ag-Cd-S-Sn,CdAg2Sn3S8
mp-1226773,CdAg2SnS4,0.0,-0.5332702472916651,0.039276685416666,True,False,8,4.659150342317154,4,"['Ag', 'Cd', 'S', 'Sn']",Ag-Cd-S-Sn,CdAg2SnS4
mp-542065,CdAgSb,0.0,-0.031579532777778,0.032333700138888,True,False,3,7.571743461499784,3,"['Ag', 'Cd', 'Sb']",Ag-Cd-Sb,CdAgSb
mp-1096118,ScCd2Ag,0.0,1.387192921250001,1.6221318512499991,True,False,4,0.525685557817837,3,"['Ag', 'Cd', 'Sc']",Ag-Cd-Sc,ScCd2Ag
mp-867127,ScCdAg2,0.0,-0.235171138749997,0.0,True,True,4,8.164392940703461,3,"['Ag', 'Cd', 'Sc']",Ag-Cd-Sc,ScCdAg2
mp-972882,Sc2CdAg,0.0,-0.283278636249999,0.010521727500002,True,False,4,6.141727408086353,3,"['Ag', 'Cd', 'Sc']",Ag-Cd-Sc,Sc2CdAg
mp-1226777,CdAg2SnSe4,0.0,-0.5252123934635411,0.038939510312498,True,False,8,5.391018433530569,4,"['Ag', 'Cd', 'Se', 'Sn']",Ag-Cd-Se-Sn,CdAg2SnSe4
mp-3211191,Sr8Cd(Si4Ag)3,0.0,-0.499775234375,0.0,True,True,24,4.223791857719422,4,"['Ag', 'Cd', 'Si', 'Sr']",Ag-Cd-Si-Sr,Sr8Cd(Si4Ag)3
mp-3332591,Tb3Cd3Si2Ag,0.0,-0.586765951666668,0.0,True,True,9,8.31594011098269,4,"['Ag', 'Cd', 'Si', 'Tb']",Ag-Cd-Si-Tb,Tb3Cd3Si2Ag
mp-3343940,Tb3CdSi2Ag3,0.0,-0.568747706111111,0.0,True,True,9,8.473029756364285,4,"['Ag', 'Cd', 'Si', 'Tb']",Ag-Cd-Si-Tb,Tb3CdSi2Ag3
mp-3231711,Y3CdSi2Ag3,0.0,-0.567858277222222,0.0,True,True,9,6.657408803410895,4,"['Ag', 'Cd', 'Si', 'Y']",Ag-Cd-Si-Y,Y3CdSi2Ag3
mp-867853,SmCdAg2,0.0,-0.274145252083332,0.0,True,True,4,9.163330571416122,3,"['Ag', 'Cd', 'Sm']",Ag-Cd-Sm,SmCdAg2
mp-3327573,Sm(CdAg2)2,0.0,-0.209878794285714,0.0,True,True,7,9.397658379717203,3,"['Ag', 'Cd', 'Sm']",Ag-Cd-Sm,Sm(CdAg2)2
mp-3252053,SmZnCdAg3,0.0,-0.265196344999997,0.0,True,True,6,9.257041895211309,4,"['Ag', 'Cd', 'Sm', 'Zn']",Ag-Cd-Sm-Zn,SmZnCdAg3
mp-3272352,SrCd9Ag2,0.0,-0.175185070416667,0.0,True,True,24,8.127218720239505,3,"['Ag', 'Cd', 'Sr']",Ag-Cd-Sr,SrCd9Ag2
mp-3283512,Sr2Cd19Ag3,0.0,-0.175546463124999,0.0,True,True,24,8.076680529861052,3,"['Ag', 'Cd', 'Sr']",Ag-Cd-Sr,Sr2Cd19Ag3
mp-3286002,Sr2Cd21Ag,0.0,-0.168463107708331,0.0,True,True,24,7.962640198910567,3,"['Ag', 'Cd', 'Sr']",Ag-Cd-Sr,Sr2Cd21Ag
mp-1096465,Sr2CdAg,0.0,0.978993092083334,1.287937172312499,True,False,4,0.380146317534079,3,"['Ag', 'Cd', 'Sr']",Ag-Cd-Sr,Sr2CdAg
mp-3230400,Sr(CdAg2)2,0.0,-0.197441461428573,0.0,True,True,7,8.242199171222655,3,"['Ag', 'Cd', 'Sr']",Ag-Cd-Sr,Sr(CdAg2)2
mp-3240724,SrCd3Ag2,0.0,-0.241995041666664,0.0,True,True,6,7.512969803287558,3,"['Ag', 'Cd', 'Sr']",Ag-Cd-Sr,SrCd3Ag2
mp-3305697,Sr20(CdAg3)3,0.0,-0.2241413345312499,0.0,True,True,32,4.334891487894449,3,"['Ag', 'Cd', 'Sr']",Ag-Cd-Sr,Sr20(CdAg3)3
mp-977398,TbCdAg2,0.0,-0.271773759999998,0.0,True,True,4,9.651709351387996,3,"['Ag', 'Cd', 'Tb']",Ag-Cd-Tb,TbCdAg2
mp-3304847,Tb4Cd3Ag10,0.0,-0.290694167647058,0.0,True,True,34,9.676043074911956,3,"['Ag', 'Cd', 'Tb']",Ag-Cd-Tb,Tb4Cd3Ag10
mp-3328538,Tb3CdAg2,0.0,-0.354950045000004,0.0,True,True,6,9.08515055601876,3,"['Ag', 'Cd', 'Tb']",Ag-Cd-Tb,Tb3CdAg2
mp-3250064,TbZnCdAg3,0.0,-0.265644164999997,0.0,True,True,6,9.559066037872762,4,"['Ag', 'Cd', 'Tb', 'Zn']",Ag-Cd-Tb-Zn,TbZnCdAg3
mp-867372,ThCdAg2,0.0,-0.14431108583333,0.0,True,True,4,10.29939593561576,3,"['Ag', 'Cd', 'Th']",Ag-Cd-Th,ThCdAg2
mp-3230396,Th(CdAg2)2,0.0,-0.141464519999995,0.0,True,True,7,10.27485236987547,3,"['Ag', 'Cd', 'Th']",Ag-Cd-Th,Th(CdAg2)2
mp-3299077,ThCd4Ag,0.0,-0.17808910138889,0.0,True,True,18,9.61681819610353,3,"['Ag', 'Cd', 'Th']",Ag-Cd-Th,ThCd4Ag
mp-865873,TmCdAg2,0.0,-0.264012183333333,0.0,True,True,4,10.192966036429322,3,"['Ag', 'Cd', 'Tm']",Ag-Cd-Tm,TmCdAg2
mp-1095853,Y2CdAg,0.082999999999999,2.085747072083334,2.3953583,False,False,4,0.481364672721331,3,"['Ag', 'Cd', 'Y']",Ag-Cd-Y,Y2CdAg
mp-1096041,YCd2Ag,0.0,1.452173097083334,1.714990343124999,True,False,4,0.508455211464359,3,"['Ag', 'Cd', 'Y']",Ag-Cd-Y,YCd2Ag
mp-865503,YCdAg2,0.0,-0.271089368333331,0.0,True,True,4,8.276608042204188,3,"['Ag', 'Cd', 'Y']",Ag-Cd-Y,YCdAg2
mp-3329538,Y3CdAg2,0.0,-0.351234591666667,0.0,True,True,6,6.6970968911467255,3,"['Ag', 'Cd', 'Y']",Ag-Cd-Y,Y3CdAg2
mp-3202102,YZnCdAg3,0.0,-0.258020146666666,0.0,True,True,6,8.543706395226112,4,"['Ag', 'Cd', 'Y', 'Zn']",Ag-Cd-Y-Zn,YZnCdAg3
mp-3252487,YbCd2Ag3,0.0,-0.200149863333332,0.012341338333321,True,False,6,9.784907665924155,3,"['Ag', 'Cd', 'Yb']",Ag-Cd-Yb,YbCd2Ag3
mp-3293320,Yb20(CdAg3)3,0.0,-0.171640183593751,0.1066399659375,True,False,32,8.867367387637982,3,"['Ag', 'Cd', 'Yb']",Ag-Cd-Yb,Yb20(CdAg3)3
mp-865739,YbCdAg2,0.0,-0.292216333750001,0.0,True,True,4,10.357769349103144,3,"['Ag', 'Cd', 'Yb']",Ag-Cd-Yb,YbCdAg2
mp-3245208,Yb(Cd2Ag)4,0.0,-0.100613654999995,0.023158878136111,True,False,13,9.214527846726623,3,"['Ag', 'Cd', 'Yb']",Ag-Cd-Yb,Yb(Cd2Ag)4
mp-3310751,Yb5(CdAg5)2,0.0,-0.285429032941174,0.042188282647053,True,False,34,10.143030431235026,3,"['Ag', 'Cd', 'Yb']",Ag-Cd-Yb,Yb5(CdAg5)2
mp-3315566,Yb4Cd3Ag10,0.0,-0.265948877941177,0.007352838921569,True,False,34,10.070256716845336,3,"['Ag', 'Cd', 'Yb']",Ag-Cd-Yb,Yb4Cd3Ag10
mp-3251297,YbZnCdAg3,0.0,-0.242632182499998,0.0,True,True,6,9.836438747586213,4,"['Ag', 'Cd', 'Yb', 'Zn']",Ag-Cd-Yb-Zn,YbZnCdAg3
mp-3249216,YbZn2CdAg2,0.0,-0.217578955833334,0.036267683697907,True,False,6,9.625180154331623,4,"['Ag', 'Cd', 'Yb', 'Zn']",Ag-Cd-Yb-Zn,YbZn2CdAg2
mp-1097257,ZnCdAg2,0.0,0.900151613322368,0.950478314572368,True,False,4,0.6486425366589921,3,"['Ag', 'Cd', 'Zn']",Ag-Cd-Zn,ZnCdAg2
mp-1188009,ZrCdAg2,0.0,-0.1019719112499999,0.0,True,True,4,9.163770885735865,3,"['Ag', 'Cd', 'Zr']",Ag-Cd-Zr,ZrCdAg2
mp-862709,CeAg3,0.0,-0.069312751249998,0.063301953333333,True,False,8,8.49469876415525,2,"['Ag', 'Ce']",Ag-Ce,CeAg3
mp-1183754,Ce3Ag,0.0,0.098215925833335,0.164523278125001,True,False,8,8.333880911418715,2,"['Ag', 'Ce']",Ag-Ce,Ce3Ag
mp-11841,CeAg,0.0,-0.06319438083333,0.069420323750001,True,False,2,8.652614121612148,2,"['Ag', 'Ce']",Ag-Ce,CeAg
mp-1071422,CeAg2,0.0,-0.171720656111109,0.005098949999998,True,False,6,8.489029111948469,2,"['Ag', 'Ce']",Ag-Ce,CeAg2
mp-3253155,Ce(AgCl3)2,0.7818,-1.442274964999998,0.0,False,True,9,3.865372826674799,3,"['Ag', 'Ce', 'Cl']",Ag-Ce-Cl,Ce(AgCl3)2
mp-1113570,Cs2CeAgCl6,2.9041,-2.1820707900977,0.02588211383333,False,False,10,3.573667580766293,4,"['Ag', 'Ce', 'Cl', 'Cs']",Ag-Ce-Cl-Cs,Cs2CeAgCl6
mp-1110918,K2CeAgCl6,2.8497999999999992,-2.097444214616666,0.064488448,False,False,10,2.7418521491534142,4,"['Ag', 'Ce', 'Cl', 'K']",Ag-Ce-Cl-K,K2CeAgCl6
mp-1110809,Rb2CeAgCl6,0.2738,-2.141492367666666,0.02813295925,False,False,10,3.173928155953071,4,"['Ag', 'Ce', 'Cl', 'Rb']",Ag-Ce-Cl-Rb,Rb2CeAgCl6
mp-1113538,Cs2CeAgF6,0.0,-3.147149339097701,0.100683269708333,True,False,10,4.739740940462439,4,"['Ag', 'Ce', 'Cs', 'F']",Ag-Ce-Cs-F,Cs2CeAgF6
mp-1113271,Cs2CeAgI6,0.2136,-1.4531444210977011,0.026663883750001,False,False,10,4.476047351057034,4,"['Ag', 'Ce', 'Cs', 'I']",Ag-Ce-Cs-I,Cs2CeAgI6
mp-1194241,CeCu5Ag,0.0,-0.122010115238094,0.0,True,True,28,8.716353839022453,3,"['Ag', 'Ce', 'Cu']",Ag-Ce-Cu,CeCu5Ag
mp-3328201,CeCu4Ag,0.0,-0.143683269166667,0.0,True,True,6,9.101527902606213,3,"['Ag', 'Ce', 'Cu']",Ag-Ce-Cu,CeCu4Ag
mp-1226682,CeInCuAg,0.0,-0.226349719583331,0.047777685937501,True,False,4,8.40540865530639,4,"['Ag', 'Ce', 'Cu', 'In']",Ag-Ce-Cu-In,CeInCuAg
mp-3245546,CeCu3AgRh,0.0,-0.270763682499999,0.0,True,True,6,9.545260048400705,4,"['Ag', 'Ce', 'Cu', 'Rh']",Ag-Ce-Cu-Rh,CeCu3AgRh
mp-1183853,CeEuAg2,0.0,-0.099458992083333,0.122713128750003,True,False,4,6.725998049655437,3,"['Ag', 'Ce', 'Eu']",Ag-Ce-Eu,CeEuAg2
mp-1112335,K2CeAgF6,0.0,-3.072455072616666,0.220665779833332,True,False,10,3.47145395967132,4,"['Ag', 'Ce', 'F', 'K']",Ag-Ce-F-K,K2CeAgF6
mp-1111844,Rb2CeAgF6,0.0,-3.118304369666666,0.0598646035,True,False,10,4.15610023979143,4,"['Ag', 'Ce', 'F', 'Rb']",Ag-Ce-F-Rb,Rb2CeAgF6
mp-1077578,CeGaAg,0.0,-0.407685988055553,0.0,True,True,6,7.719516583127655,3,"['Ag', 'Ce', 'Ga']",Ag-Ce-Ga,CeGaAg
mp-1226621,CeGa3Ag,0.0,-0.419328692833332,0.023199938666663,True,False,5,7.426585992232765,3,"['Ag', 'Ce', 'Ga']",Ag-Ce-Ga,CeGa3Ag
mp-640597,Ce3(AgGe)4,0.0,-0.7313313396969671,0.0,True,True,11,7.982344910347174,3,"['Ag', 'Ce', 'Ge']",Ag-Ce-Ge,Ce3(AgGe)4
mp-12063,Ce(AgGe)2,0.0,-0.376001864666665,0.160307784444444,True,False,5,8.020900064321092,3,"['Ag', 'Ce', 'Ge']",Ag-Ce-Ge,Ce(AgGe)2
mp-1206886,Ce2AgGe6,0.0,-0.316968543518517,0.16093306201389,True,False,9,7.005890540069382,3,"['Ag', 'Ce', 'Ge']",Ag-Ce-Ge,Ce2AgGe6
mp-11215,CeAgGe,0.0,-0.5015556088888871,0.168831452499999,True,False,6,7.771607730093778,3,"['Ag', 'Ce', 'Ge']",Ag-Ce-Ge,CeAgGe
mp-1229274,Ce8Ag6Ge8O,0.0,-0.7794721526086941,0.164443558913045,True,False,46,7.77833598526305,4,"['Ag', 'Ce', 'Ge', 'O']",Ag-Ce-Ge-O,Ce8Ag6Ge8O
mp-866604,Ce3AgGeS7,0.040499999999999,-1.64485450784722,0.008784294557291,False,False,24,4.996440852889947,4,"['Ag', 'Ce', 'Ge', 'S']",Ag-Ce-Ge-S,Ce3AgGeS7
mp-3263475,Ce2AgHg3,0.0,-0.415224652916667,0.018417740833335,True,False,6,11.118989103460589,3,"['Ag', 'Ce', 'Hg']",Ag-Ce-Hg,Ce2AgHg3
mp-1183760,Ce2AgHg,0.0,-0.157455481041666,0.049034924375,True,False,4,8.914824016244488,3,"['Ag', 'Ce', 'Hg']",Ag-Ce-Hg,Ce2AgHg
mp-865885,CeAgHg2,0.0,-0.277550001666667,0.0,True,True,4,11.393002893407624,3,"['Ag', 'Ce', 'Hg']",Ag-Ce-Hg,CeAgHg2
mp-3241124,CePr(AgHg)2,0.0,-0.37752189111111,0.013847383333335,True,False,6,10.201297412945433,4,"['Ag', 'Ce', 'Hg', 'Pr']",Ag-Ce-Hg-Pr,CePr(AgHg)2
mp-1110967,K2CeAgI6,0.2137,-1.354844943616666,0.093964533499999,False,False,10,3.902478379689451,4,"['Ag', 'Ce', 'I', 'K']",Ag-Ce-I-K,K2CeAgI6
mp-1110825,Rb2CeAgI6,0.2128,-1.403327147666666,0.05817253025,False,False,10,4.191325407561607,4,"['Ag', 'Ce', 'I', 'Rb']",Ag-Ce-I-Rb,Rb2CeAgI6
mp-672191,CeInAg2,0.0,-0.267130192499998,0.0,True,True,4,8.589049947596049,3,"['Ag', 'Ce', 'In']",Ag-Ce-In,CeInAg2
mp-3241401,CeInAg4,0.0,-0.207341663333333,0.036043908333322,True,False,6,9.098440406162227,3,"['Ag', 'Ce', 'In']",Ag-Ce-In,CeInAg4
mp-1227262,Ce2InAg,0.0,-0.17612505458333,0.056819255,True,False,4,7.658710136529594,3,"['Ag', 'Ce', 'In']",Ag-Ce-In,Ce2InAg
mp-3221948,Ce2InAgRh,0.0,-0.588272337999995,0.0,True,True,10,8.328400252953536,4,"['Ag', 'Ce', 'In', 'Rh']",Ag-Ce-In-Rh,Ce2InAgRh
mp-680045,K2CeAg3Te4,0.038899999999999,-0.926404592116665,0.075567983166668,False,False,40,5.551073040532331,4,"['Ag', 'Ce', 'K', 'Te']",Ag-Ce-K-Te,K2CeAg3Te4
mp-1212465,KCeAgTe4,0.0,-1.079232500083331,0.153018554761905,True,False,14,6.200611853034907,4,"['Ag', 'Ce', 'K', 'Te']",Ag-Ce-K-Te,KCeAgTe4
mp-3251291,LiCeAgP2,0.6543000000000001,-0.954781399523807,0.0,False,True,5,5.309388234284223,4,"['Ag', 'Ce', 'Li', 'P']",Ag-Ce-Li-P,LiCeAgP2
mp-3248323,LiCe2Si4Ag,0.0,-0.609742370208334,0.0,True,True,8,5.4487224402499415,4,"['Ag', 'Ce', 'Li', 'Si']",Ag-Ce-Li-Si,LiCe2Si4Ag
mp-865037,CeMgAg2,0.0,-0.162358384583332,0.019158329374999,True,False,4,6.853423621731948,3,"['Ag', 'Ce', 'Mg']",Ag-Ce-Mg,CeMgAg2
mp-1080547,CeMgAg,0.0,-0.117153054444442,0.036459427777779,True,False,9,5.77245014788593,3,"['Ag', 'Ce', 'Mg']",Ag-Ce-Mg,CeMgAg
mp-31175,CeMg2Ag,0.0,0.005123082083334,0.121906195833334,True,False,4,5.302629728928553,3,"['Ag', 'Ce', 'Mg']",Ag-Ce-Mg,CeMg2Ag
mp-560230,CeAg6(NO3)9,2.2186,-0.919411303953487,0.0,False,True,86,3.735703466442723,4,"['Ag', 'Ce', 'N', 'O']",Ag-Ce-N-O,CeAg6(NO3)9
mp-1210457,NaCeAgTe4,0.0,-1.0288155713875191,0.148078250714286,True,False,14,6.401944257755683,4,"['Ag', 'Ce', 'Na', 'Te']",Ag-Ce-Na-Te,NaCeAgTe4
mp-3244249,CeNd7AgRh6,0.0,-0.670914850499995,0.0,True,True,15,8.396339777448416,4,"['Ag', 'Ce', 'Nd', 'Rh']",Ag-Ce-Nd-Rh,CeNd7AgRh6
mp-3222837,TbCeNi2Ag,0.0,-0.330403788999998,0.0,True,True,10,9.07329591705484,4,"['Ag', 'Ce', 'Ni', 'Tb']",Ag-Ce-Ni-Tb,TbCeNi2Ag
mp-1202277,CeAg(PO3)4,0.344599999999999,-2.692738689874338,0.024680446782423,False,False,72,3.7478356079291393,4,"['Ag', 'Ce', 'O', 'P']",Ag-Ce-O-P,CeAg(PO3)4
mp-1201100,CeAgS2O9,0.0,-1.9999421537179487,0.123280508044859,True,False,39,4.013002129418655,4,"['Ag', 'Ce', 'O', 'S']",Ag-Ce-O-S,CeAgS2O9
mp-1213933,CeAg(WO4)2,0.081199999999999,-2.339730888472221,0.102636898402773,False,False,24,7.321788062579526,4,"['Ag', 'Ce', 'O', 'W']",Ag-Ce-O-W,CeAg(WO4)2
mp-675111,CeAgP2,0.0,-0.558176915863093,0.223421641458333,True,False,16,6.209367398301029,3,"['Ag', 'Ce', 'P']",Ag-Ce-P,CeAgP2
mp-1226935,CeAg(PSe3)2,0.119799999999999,-0.793737951001487,0.021678780708334,False,False,20,5.148537790119447,4,"['Ag', 'Ce', 'P', 'Se']",Ag-Ce-P-Se,CeAg(PSe3)2
mp-1226468,CeZnAgP2,0.0,-0.648936290190474,0.042641356729166,True,False,5,6.137641996537944,4,"['Ag', 'Ce', 'P', 'Zn']",Ag-Ce-P-Zn,CeZnAgP2
mp-13407,CeAgPb,0.0,-0.348359378888885,0.0,True,True,6,9.401873324654895,3,"['Ag', 'Ce', 'Pb']",Ag-Ce-Pb,CeAgPb
mp-867239,Ce2AgPb,0.0,-0.231864235416663,0.083033827499998,True,False,4,8.630859013343166,3,"['Ag', 'Ce', 'Pb']",Ag-Ce-Pb,Ce2AgPb
mp-1106401,Ce5AgPb3,0.0,-0.36092421518518,0.0,True,True,18,8.646426260462805,3,"['Ag', 'Ce', 'Pb']",Ag-Ce-Pb,Ce5AgPb3
mp-3249448,CeAgPt4,0.0,-0.8085005308333281,0.0,True,True,6,15.792881196725258,3,"['Ag', 'Ce', 'Pt']",Ag-Ce-Pt,CeAgPt4
mp-3245702,CeZnAgPt3,0.0,-0.8165045699999971,0.0,True,True,6,13.95652692133937,4,"['Ag', 'Ce', 'Pt', 'Zn']",Ag-Ce-Pt-Zn,CeZnAgPt3
mp-3231779,Ce3Zn3AgRh2,0.0,-0.547601268888886,0.0,True,True,9,8.469787111879624,4,"['Ag', 'Ce', 'Rh', 'Zn']",Ag-Ce-Rh-Zn,Ce3Zn3AgRh2
mp-675643,Ce5AgS8,0.0,-2.068612170119046,0.033741762916665,True,False,14,5.666844673796262,3,"['Ag', 'Ce', 'S']",Ag-Ce-S,Ce5AgS8
mp-866605,Ce3SiAgS7,0.019699999999999,-1.753894574513887,0.0,False,True,24,4.860295438228026,4,"['Ag', 'Ce', 'S', 'Si']",Ag-Ce-S-Si,Ce3SiAgS7
mp-510280,CeAgSb2,0.0,-0.755950821666664,0.0,True,True,8,7.878921121302153,3,"['Ag', 'Ce', 'Sb']",Ag-Ce-Sb,CeAgSb2
mp-1206228,Ce2(AgSb)3,0.0,0.240371705625001,0.906459423958334,True,False,8,7.60666284147891,3,"['Ag', 'Ce', 'Sb']",Ag-Ce-Sb,Ce2(AgSb)3
mp-676143,Ce5AgSe8,0.0,-1.899057999315475,0.016999303541669,True,False,14,6.770197156803499,3,"['Ag', 'Ce', 'Se']",Ag-Ce-Se,Ce5AgSe8
mp-18071,Ce3SiAgSe7,0.0,-1.557959609422742,0.0,True,True,24,6.020358512321202,4,"['Ag', 'Ce', 'Se', 'Si']",Ag-Ce-Se-Si,Ce3SiAgSe7
mp-5605,Ce(SiAg)2,0.0,-0.363825308666665,0.035831257666666,True,False,5,7.101546870274799,3,"['Ag', 'Ce', 'Si']",Ag-Ce-Si,Ce(SiAg)2
mp-1080480,CeSi2Ag,0.0,-0.499570707916666,0.0,True,True,8,6.449691790505107,3,"['Ag', 'Ce', 'Si']",Ag-Ce-Si,CeSi2Ag
mp-1226539,CeSiAg,0.0,-0.385828453888887,0.032673674722221,True,False,3,6.772330644743644,3,"['Ag', 'Ce', 'Si']",Ag-Ce-Si,CeSiAg
mp-3249226,Ce2ZnSi4Ag,0.0,-0.51637480375,0.01630167568182,True,False,8,6.107356451160291,4,"['Ag', 'Ce', 'Si', 'Zn']",Ag-Ce-Si-Zn,Ce2ZnSi4Ag
mp-542824,Ce3(AgSn)4,0.0,-0.444669583333332,0.0,True,True,11,8.039546794723117,3,"['Ag', 'Ce', 'Sn']",Ag-Ce-Sn,Ce3(AgSn)4
mp-1183725,Ce2AgSn,0.0,-0.335912126666664,0.086913933333333,True,False,4,7.594541027009167,3,"['Ag', 'Ce', 'Sn']",Ag-Ce-Sn,Ce2AgSn
mp-31420,CeAgSn,0.0,-0.461280813888886,0.0,True,True,6,7.858477261783988,3,"['Ag', 'Ce', 'Sn']",Ag-Ce-Sn,CeAgSn
mp-1213880,Ce5AgSn3,0.0,-0.5048282112962941,0.0,True,True,18,7.471008957862474,3,"['Ag', 'Ce', 'Sn']",Ag-Ce-Sn,Ce5AgSn3
mp-1183716,Ce2TlAg,0.0,-0.117943408749999,0.074564691249999,True,False,4,8.85912649614803,3,"['Ag', 'Ce', 'Tl']",Ag-Ce-Tl,Ce2TlAg
mp-867298,CeTlAg2,0.0,-0.161305699166667,0.004450603888888,True,False,4,10.034877635889025,3,"['Ag', 'Ce', 'Tl']",Ag-Ce-Tl,CeTlAg2
mp-1187657,YbCeAg2,0.0,-0.205011878749999,0.067990930000004,True,False,4,9.0222318211076,3,"['Ag', 'Ce', 'Yb']",Ag-Ce-Yb,YbCeAg2
mp-867186,CeZn2Ag,0.0,-0.216130537916665,0.028436172348484,True,False,4,7.787014066589264,3,"['Ag', 'Ce', 'Zn']",Ag-Ce-Zn,CeZn2Ag
mp-3327867,CeZnAg4,0.0,-0.152096725833333,0.003789241999999,True,False,6,9.059491448496312,3,"['Ag', 'Ce', 'Zn']",Ag-Ce-Zn,CeZnAg4
mp-726265,AgCl,0.6022000000000001,-0.431709863749999,0.13673007,False,False,2,5.877178819441274,2,"['Ag', 'Cl']",Ag-Cl,AgCl
mp-864635,Ag2Cl3,0.0,-0.499390825499999,0.0,True,True,10,4.661779684137977,2,"['Ag', 'Cl']",Ag-Cl,Ag2Cl3
mp-1183265,Ag3Cl,0.0,-0.02073470645833,0.263485260416665,True,False,8,7.33751677069213,2,"['Ag', 'Cl']",Ag-Cl,Ag3Cl
mp-1226391,Cs5CoAgCl8,0.5924,-1.703462370499975,0.063393023166668,False,False,30,3.451253003944098,4,"['Ag', 'Cl', 'Co', 'Cs']",Ag-Cl-Co-Cs,Cs5CoAgCl8
mp-2230004,MgCr2Ag6(ClO4)2,0.507099999999999,-1.119738275526314,0.188564441052631,False,False,19,5.138332831209003,5,"['Ag', 'Cl', 'Cr', 'Mg', 'O']",Ag-Cl-Cr-Mg-O,MgCr2Ag6(ClO4)2
mp-555993,CrAg3ClO4,1.386099999999999,-1.031783739444443,0.012102440555561,False,False,18,5.256454282176617,4,"['Ag', 'Cl', 'Cr', 'O']",Ag-Cl-Cr-O,CrAg3ClO4
mp-542772,CsAgCl2,2.335299999999999,-1.393852904999999,0.003532671249999,False,False,8,4.303733424106862,3,"['Ag', 'Cl', 'Cs']",Ag-Cl-Cs,CsAgCl2
mp-1190886,Cs2AgCl3,3.0042,-1.662833654583333,0.0,False,True,24,3.7805964213979872,3,"['Ag', 'Cl', 'Cs']",Ag-Cl-Cs,Cs2AgCl3
mp-28610,CsAgCl3,0.0,-1.261134702499998,0.0,True,True,10,4.136571188964022,3,"['Ag', 'Cl', 'Cs']",Ag-Cl-Cs,CsAgCl3
mp-1113610,Cs2DyAgCl6,3.81714181917591,-2.213275522264363,0.0,False,True,10,4.043020628553517,4,"['Ag', 'Cl', 'Cs', 'Dy']",Ag-Cl-Cs-Dy,Cs2DyAgCl6
mp-1113595,Cs2ErAgCl6,3.506988931034482,-2.215589757097692,0.0,False,True,10,4.120961626053166,4,"['Ag', 'Cl', 'Cs', 'Er']",Ag-Cl-Cs-Er,Cs2ErAgCl6
mp-1113566,Cs2EuAgCl6,0.0,-1.9259393055,0.0,True,True,10,3.932108116716068,4,"['Ag', 'Cl', 'Cs', 'Eu']",Ag-Cl-Cs-Eu,Cs2EuAgCl6
mp-1113623,Cs2GaAgCl6,1.2972,-1.704047940847701,0.068197048750002,False,False,10,3.836760239804338,4,"['Ag', 'Cl', 'Cs', 'Ga']",Ag-Cl-Cs-Ga,Cs2GaAgCl6
mp-1113592,Cs2GdAgCl6,0.0,-2.209648464097701,0.0,True,True,10,3.802298874571762,4,"['Ag', 'Cl', 'Cs', 'Gd']",Ag-Cl-Cs-Gd,Cs2GdAgCl6
mp-3252584,Cs2HoAgCl6,4.3434,-2.091392533500001,0.0,False,True,10,4.082252456006726,4,"['Ag', 'Cl', 'Cs', 'Ho']",Ag-Cl-Cs-Ho,Cs2HoAgCl6
mp-1096926,Cs2InAgCl6,1.3421,-1.7390953797643671,0.0,False,True,10,3.8229427688852953,4,"['Ag', 'Cl', 'Cs', 'In']",Ag-Cl-Cs-In,Cs2InAgCl6
mp-1113585,Cs2LaAgCl6,3.609899999999998,-2.099733136999998,0.009555992000004,False,False,10,3.518264337596617,4,"['Ag', 'Cl', 'Cs', 'La']",Ag-Cl-Cs-La,Cs2LaAgCl6
mp-1113542,Cs2LuAgCl6,3.7052,-2.213980608764367,0.0,False,True,10,4.047561039863931,4,"['Ag', 'Cl', 'Cs', 'Lu']",Ag-Cl-Cs-Lu,Cs2LuAgCl6
mp-1113232,Cs2AgMoCl6,0.9531,-1.454606304166665,0.043438118333334,False,False,10,3.883917110548869,4,"['Ag', 'Cl', 'Cs', 'Mo']",Ag-Cl-Cs-Mo,Cs2AgMoCl6
mp-1112945,Cs2NdAgCl6,3.8207,-2.193925534847708,0.0,False,True,10,3.755548090268514,4,"['Ag', 'Cl', 'Cs', 'Nd']",Ag-Cl-Cs-Nd,Cs2NdAgCl6
mp-1113236,Cs2PrAgCl6,3.825999999999999,-2.187607407264367,0.007277498250004,False,False,10,3.558568002008173,4,"['Ag', 'Cl', 'Cs', 'Pr']",Ag-Cl-Cs-Pr,Cs2PrAgCl6
mp-1112940,Cs2AgSbCl6,1.662399999999999,-1.651126571097701,0.0,False,True,10,3.680926402161937,4,"['Ag', 'Cl', 'Cs', 'Sb']",Ag-Cl-Cs-Sb,Cs2AgSbCl6
mp-1112622,Cs2ScAgCl6,3.3916,-2.147683048597701,0.0,False,True,10,3.519453378749529,4,"['Ag', 'Cl', 'Cs', 'Sc']",Ag-Cl-Cs-Sc,Cs2ScAgCl6
mp-1112939,Cs2SmAgCl6,3.847837161267987,-2.072875959999999,0.0,False,True,10,3.855483844903609,4,"['Ag', 'Cl', 'Cs', 'Sm']",Ag-Cl-Cs-Sm,Cs2SmAgCl6
mp-1113222,Cs2TaAgCl6,0.0,-1.658239100831034,0.200136284833336,True,False,10,4.321669333702115,4,"['Ag', 'Cl', 'Cs', 'Ta']",Ag-Cl-Cs-Ta,Cs2TaAgCl6
mp-1112937,Cs2TbAgCl6,3.815145165232221,-2.212887619764369,0.0,False,True,10,3.999677682026177,4,"['Ag', 'Cl', 'Cs', 'Tb']",Ag-Cl-Cs-Tb,Cs2TbAgCl6
mp-1113442,Cs2TlAgCl6,0.0,-1.5787584944310251,0.0,True,True,10,4.404316317098113,4,"['Ag', 'Cl', 'Cs', 'Tl']",Ag-Cl-Cs-Tl,Cs2TlAgCl6
mp-1113440,Cs2TmAgCl6,3.756344486048866,-2.094239343000001,0.0,False,True,10,4.154789589371091,4,"['Ag', 'Cl', 'Cs', 'Tm']",Ag-Cl-Cs-Tm,Cs2TmAgCl6
mp-1112288,Cs2YAgCl6,3.8705,-2.207876866097701,0.0,False,True,10,3.494069312940464,4,"['Ag', 'Cl', 'Cs', 'Y']",Ag-Cl-Cs-Y,Cs2YAgCl6
mp-1196871,KCu24Ag9H48Pb26(Cl31O24)2,0.029199999999999,-1.239314642716743,0.04567631424312,False,False,218,4.882880431223154,7,"['Ag', 'Cl', 'Cu', 'H', 'K', 'O', 'Pb']",Ag-Cl-Cu-H-K-O-Pb,KCu24Ag9H48Pb26(Cl31O24)2
mp-3206245,Cu6AgClO8,0.0,-0.666468494843748,0.0,True,True,16,5.767109479613505,4,"['Ag', 'Cl', 'Cu', 'O']",Ag-Cl-Cu-O,Cu6AgClO8
mp-1196830,Cu24Ag9Pb26(Cl31O24)2,0.0429,-0.769102637603549,0.377112614457595,False,False,169,5.314972784433642,5,"['Ag', 'Cl', 'Cu', 'O', 'Pb']",Ag-Cl-Cu-O-Pb,Cu24Ag9Pb26(Cl31O24)2
mp-1112098,K2DyAgCl6,3.6341,-2.136845571783333,0.036523784250003,False,False,10,3.023862745483819,4,"['Ag', 'Cl', 'Dy', 'K']",Ag-Cl-Dy-K,K2DyAgCl6
mp-1111733,Rb2DyAgCl6,3.7248,-2.177876610833332,0.006893448649997,False,False,10,3.482447896492156,4,"['Ag', 'Cl', 'Dy', 'Rb']",Ag-Cl-Dy-Rb,Rb2DyAgCl6
mp-1112473,K2ErAgCl6,3.6443,-2.1412248506166662,0.03154520945,False,False,10,3.088187812539802,4,"['Ag', 'Cl', 'Er', 'K']",Ag-Cl-Er-K,K2ErAgCl6
mp-1111636,Rb2ErAgCl6,3.7293,-2.181475685666666,0.0032751215499999,False,False,10,3.537983329886044,4,"['Ag', 'Cl', 'Er', 'Rb']",Ag-Cl-Er-Rb,Rb2ErAgCl6
mp-1112472,K2EuAgCl6,0.0,-1.986596208116667,0.017226903,True,False,10,2.928008594553043,4,"['Ag', 'Cl', 'Eu', 'K']",Ag-Cl-Eu-K,K2EuAgCl6
mp-1111732,Rb2EuAgCl6,0.0,-2.028006738166666,0.0,True,True,10,3.381153402537728,4,"['Ag', 'Cl', 'Eu', 'Rb']",Ag-Cl-Eu-Rb,Rb2EuAgCl6
mp-3240765,Ag3Cl3F,0.0,-0.7281117732142841,0.0,True,True,7,5.431994426235975,3,"['Ag', 'Cl', 'F']",Ag-Cl-F,Ag3Cl3F
mp-2231172,MgAg6Mo2ClO7F3,0.0,-1.39601088625,0.208263655833336,True,False,20,5.297956634879247,6,"['Ag', 'Cl', 'F', 'Mg', 'Mo', 'O']",Ag-Cl-F-Mg-Mo-O,MgAg6Mo2ClO7F3
mp-553919,Ag6Mo2ClO7F3,1.5871,-1.358812299473683,0.0,False,True,19,5.759769569276189,5,"['Ag', 'Cl', 'F', 'Mo', 'O']",Ag-Cl-F-Mo-O,Ag6Mo2ClO7F3
mp-1229269,AgPb2Cl3OF,0.0,-1.370881529895832,0.159583435781249,True,False,32,5.97869138927422,5,"['Ag', 'Cl', 'F', 'O', 'Pb']",Ag-Cl-F-O-Pb,AgPb2Cl3OF
mp-3205229,Rb2Ag(ClF)2,0.6909000000000001,-1.906964235357142,0.0,False,True,14,3.866020334668538,4,"['Ag', 'Cl', 'F', 'Rb']",Ag-Cl-F-Rb,Rb2Ag(ClF)2
mp-3208089,GaAgCl4,3.4086,-1.047365515416667,0.0,False,True,24,3.30947925453088,3,"['Ag', 'Cl', 'Ga']",Ag-Cl-Ga,GaAgCl4
mp-3205625,Ga2AgCl8,0.6943,-1.023919755909091,0.0,False,True,22,2.748372619318359,3,"['Ag', 'Cl', 'Ga']",Ag-Cl-Ga,Ga2AgCl8
mp-1112469,K2GaAgCl6,1.1817,-1.6562644693666662,0.07340300575,False,False,10,2.910892789907072,4,"['Ag', 'Cl', 'Ga', 'K']",Ag-Cl-Ga-K,K2GaAgCl6
mp-1111121,Na2GaAgCl6,1.1607,-1.473927971192528,0.166290601000001,False,False,10,2.798773575490867,4,"['Ag', 'Cl', 'Ga', 'Na']",Ag-Cl-Ga-Na,Na2GaAgCl6
mp-1111468,Rb2GaAgCl6,1.213,-1.686171565416666,0.061879645125001,False,False,10,3.4110236366816262,4,"['Ag', 'Cl', 'Ga', 'Rb']",Ag-Cl-Ga-Rb,Rb2GaAgCl6
mp-1225073,Ga6AgSb7(TeCl3)8,1.4202,-1.171420904565217,0.0,False,True,46,3.580289602929813,5,"['Ag', 'Cl', 'Ga', 'Sb', 'Te']",Ag-Cl-Ga-Sb-Te,Ga6AgSb7(TeCl3)8
mp-1111486,Rb2GdAgCl6,2.128,-2.172751832666666,0.010413259000002,False,False,10,3.401239003793903,4,"['Ag', 'Cl', 'Gd', 'Rb']",Ag-Cl-Gd-Rb,Rb2GdAgCl6
mp-1214971,Ag6Ge(S2Cl)2,0.6229,-0.504840261730767,0.011007999134613,False,False,52,5.250825515934067,4,"['Ag', 'Cl', 'Ge', 'S']",Ag-Cl-Ge-S,Ag6Ge(S2Cl)2
mp-686742,Ag2H21N7(ClO4)2,0.0,-0.237947276364583,0.7000302915416671,True,False,40,1.541091528751106,5,"['Ag', 'Cl', 'H', 'N', 'O']",Ag-Cl-H-N-O,Ag2H21N7(ClO4)2
mp-1204384,AgH10S8N8ClO6,0.308399999999999,-0.178389345122547,0.5527683153002451,False,False,136,2.020068321802843,6,"['Ag', 'Cl', 'H', 'N', 'O', 'S']",Ag-Cl-H-N-O-S,AgH10S8N8ClO6
mp-24053,AgH2ClO5,2.8242000000000003,-0.7006959315740741,0.002016579722221,False,False,72,3.319730322641651,4,"['Ag', 'Cl', 'H', 'O']",Ag-Cl-H-O,AgH2ClO5
mp-568540,Ag5Hg4P8Cl5,0.9788,-0.3892654220671,0.0,False,True,22,5.809155511485511,4,"['Ag', 'Cl', 'Hg', 'P']",Ag-Cl-Hg-P,Ag5Hg4P8Cl5
mp-1110874,K2InAgCl6,1.2922,-1.674026557283333,0.006189198999998,False,False,10,2.9495554533963992,4,"['Ag', 'Cl', 'In', 'K']",Ag-Cl-In-K,K2InAgCl6
mp-1111534,Na2InAgCl6,1.284,-1.312393254333331,0.122314266,False,False,10,2.8282756415351,4,"['Ag', 'Cl', 'In', 'Na']",Ag-Cl-In-Na,Na2InAgCl6
mp-1111634,Rb2InAgCl6,1.293,-1.710742968333332,0.0,False,True,10,3.41450400350128,4,"['Ag', 'Cl', 'In', 'Rb']",Ag-Cl-In-Rb,Rb2InAgCl6
mp-1224076,In2AgS3Cl,1.087999999999999,-0.8779580432142841,0.0,False,True,14,4.618462104718493,4,"['Ag', 'Cl', 'In', 'S']",Ag-Cl-In-S,In2AgS3Cl
mp-1223776,In2AgSe3Cl,0.7235,-0.677853729598209,0.01010568714285,False,False,14,5.316314930541755,4,"['Ag', 'Cl', 'In', 'Se']",Ag-Cl-In-Se,In2AgSe3Cl
mp-1223758,In2AgTe3Cl,0.0,-0.443422516428569,0.124988682321433,True,False,7,5.944673640731726,4,"['Ag', 'Cl', 'In', 'Te']",Ag-Cl-In-Te,In2AgTe3Cl
mp-3201117,Ag2IrCl6,0.0,-0.572836357222222,0.0,True,True,9,4.740224527863044,3,"['Ag', 'Cl', 'Ir']",Ag-Cl-Ir,Ag2IrCl6
mp-3202184,AgIrCl6,0.1824,-0.497271453749998,0.0,False,True,8,4.227273245766206,3,"['Ag', 'Cl', 'Ir']",Ag-Cl-Ir,AgIrCl6
mp-998554,KAgCl3,0.0,-1.186842439249999,0.001895851999998,True,False,5,3.248420436836443,3,"['Ag', 'Cl', 'K']",Ag-Cl-K,KAgCl3
mp-1112481,K2LaAgCl6,3.4632,-2.014556409750002,0.079097502249998,False,False,10,2.694211212771799,4,"['Ag', 'Cl', 'K', 'La']",Ag-Cl-K-La,K2LaAgCl6
mp-1111986,K2LuAgCl6,3.6296,-2.142704011283332,0.0,False,True,10,3.198259562838524,4,"['Ag', 'Cl', 'K', 'Lu']",Ag-Cl-K-Lu,K2LuAgCl6
mp-3215424,K3MnAgCl6,3.500099999999999,-1.745817421884797,0.0,False,True,22,2.839357885944526,4,"['Ag', 'Cl', 'K', 'Mn']",Ag-Cl-K-Mn,K3MnAgCl6
mp-1110858,K2AgMoCl6,1.0353,-1.406337978166679,0.047456513333335,False,False,10,2.970554397733751,4,"['Ag', 'Cl', 'K', 'Mo']",Ag-Cl-K-Mo,K2AgMoCl6
mp-1110915,K2NdAgCl6,3.498599999999999,-1.98374696675,0.071191651750002,False,False,10,2.778482131063234,4,"['Ag', 'Cl', 'K', 'Nd']",Ag-Cl-K-Nd,K2NdAgCl6
mp-3208068,K5Ag(ClO)2,2.345399999999999,-1.523199717625,0.0,False,True,20,2.665880119942969,4,"['Ag', 'Cl', 'K', 'O']",Ag-Cl-K-O,K5Ag(ClO)2
mp-1110913,K2PrAgCl6,3.4664,-2.102072147783333,0.078301693000001,False,False,10,2.734716023360901,4,"['Ag', 'Cl', 'K', 'Pr']",Ag-Cl-K-Pr,K2PrAgCl6
mp-1110873,K2AgSbCl6,1.6025,-1.362271146750004,0.026073496749987,False,False,10,2.8168522736825983,4,"['Ag', 'Cl', 'K', 'Sb']",Ag-Cl-K-Sb,K2AgSbCl6
mp-1112448,K2ScAgCl6,3.248,-1.9393501924166647,0.016061846333332,False,False,10,2.595517854149833,4,"['Ag', 'Cl', 'K', 'Sc']",Ag-Cl-K-Sc,K2ScAgCl6
mp-1112087,K2SmAgCl6,3.5685,-1.99440292225,0.0592570147499999,False,False,10,2.866078504067313,4,"['Ag', 'Cl', 'K', 'Sm']",Ag-Cl-K-Sm,K2SmAgCl6
mp-1112083,K2TaAgCl6,0.0,-1.597737288349999,0.226585946145834,True,False,10,3.42342179240741,4,"['Ag', 'Cl', 'K', 'Ta']",Ag-Cl-K-Ta,K2TaAgCl6
mp-1112446,K2TbAgCl6,3.6214,-2.135362085283332,0.043063298,False,False,10,2.99380007099504,4,"['Ag', 'Cl', 'K', 'Tb']",Ag-Cl-K-Tb,K2TbAgCl6
mp-1112081,K2TlAgCl6,0.0,-1.50777397895,0.013921837000002,True,False,10,3.346010482664522,4,"['Ag', 'Cl', 'K', 'Tl']",Ag-Cl-K-Tl,K2TlAgCl6
mp-1112443,K2TmAgCl6,3.6439,-2.006621741399999,0.0262204576499999,False,False,10,3.129883658036682,4,"['Ag', 'Cl', 'K', 'Tm']",Ag-Cl-K-Tm,K2TmAgCl6
mp-1110872,K2YAgCl6,3.6689,-2.012176435999998,0.036453195750002,False,False,10,2.626855823230997,4,"['Ag', 'Cl', 'K', 'Y']",Ag-Cl-K-Y,K2YAgCl6
mp-1111727,Rb2LaAgCl6,3.573,-2.187830372166666,0.043649028249999,False,False,10,3.121105861747568,4,"['Ag', 'Cl', 'La', 'Rb']",Ag-Cl-La-Rb,Rb2LaAgCl6
mp-1235058,LiAgClO4,0.0,-0.292975779285714,0.634395264285712,True,False,7,3.1831380841926182,4,"['Ag', 'Cl', 'Li', 'O']",Ag-Cl-Li-O,LiAgClO4
mp-1111531,Na2LuAgCl6,3.0362,-1.8072360881666711,0.137148250125001,False,False,10,3.087258823452014,4,"['Ag', 'Cl', 'Lu', 'Na']",Ag-Cl-Lu-Na,Na2LuAgCl6
mp-1111632,Rb2LuAgCl6,3.681,-2.181767257333333,0.0,False,True,10,3.648889632852231,4,"['Ag', 'Cl', 'Lu', 'Rb']",Ag-Cl-Lu-Rb,Rb2LuAgCl6
mp-3214206,MnAgCl4,0.3801,-1.033984318247126,0.0,False,True,12,3.492566846912043,3,"['Ag', 'Cl', 'Mn']",Ag-Cl-Mn,MnAgCl4
mp-1214988,AgMo6Cl13,2.3227,-1.029996517375002,0.0,False,True,40,3.8447583807349393,3,"['Ag', 'Cl', 'Mo']",Ag-Cl-Mo,AgMo6Cl13
mp-1110796,Rb2AgMoCl6,1.0147,-1.596520025666666,0.022125837312501,False,False,10,3.456050929596879,4,"['Ag', 'Cl', 'Mo', 'Rb']",Ag-Cl-Mo-Rb,Rb2AgMoCl6
mp-557303,Ag2NClO3,1.71,-0.68977540690476,0.004609555714286,False,False,28,4.678561123032568,4,"['Ag', 'Cl', 'N', 'O']",Ag-Cl-N-O,Ag2NClO3
mp-1196722,AgN2ClO4,0.4153,1.001068284791666,1.697504839999999,False,False,32,2.756093342174519,4,"['Ag', 'Cl', 'N', 'O']",Ag-Cl-N-O,AgN2ClO4
mp-1183030,AgS8N9(ClO6)2,0.0853,-0.012674483489583,0.9202933347851552,False,False,64,1.67330742626586,5,"['Ag', 'Cl', 'N', 'O', 'S']",Ag-Cl-N-O-S,AgS8N9(ClO6)2
mp-1221198,Na4AgCl5,2.7062,-1.74256010375,0.001848820000002,False,False,10,2.889919600148441,3,"['Ag', 'Cl', 'Na']",Ag-Cl-Na,Na4AgCl5
mp-1111538,Na2AgSbCl6,1.582099999999999,-1.165585368750001,0.141184698999994,False,False,10,2.690382512828622,4,"['Ag', 'Cl', 'Na', 'Sb']",Ag-Cl-Na-Sb,Na2AgSbCl6
mp-1111525,Na2ScAgCl6,3.133099999999999,-1.744232230500002,0.124793622749997,False,False,10,2.472595154451107,4,"['Ag', 'Cl', 'Na', 'Sc']",Ag-Cl-Na-Sc,Na2ScAgCl6
mp-1111523,Na2TmAgCl6,2.6703,-1.8087830905,0.138224829499996,False,False,10,3.015885737692248,4,"['Ag', 'Cl', 'Na', 'Tm']",Ag-Cl-Na-Tm,Na2TmAgCl6
mp-3217320,NdAg6ClO8,0.0,-0.799058283124999,0.0,True,True,16,6.391159634016366,4,"['Ag', 'Cl', 'Nd', 'O']",Ag-Cl-Nd-O,NdAg6ClO8
mp-1110806,Rb2NdAgCl6,3.6549,-2.153734668416666,0.034805226500004,False,False,10,3.212825592401516,4,"['Ag', 'Cl', 'Nd', 'Rb']",Ag-Cl-Nd-Rb,Rb2NdAgCl6
mp-675942,AgClO2,0.0,-0.160896661666666,0.3318259175,True,False,8,3.787092204470227,3,"['Ag', 'Cl', 'O']",Ag-Cl-O,AgClO2
mp-551758,AgClO4,2.3744,-0.297474213611111,0.116593056666665,False,False,6,3.476756322776121,3,"['Ag', 'Cl', 'O']",Ag-Cl-O,AgClO4
mp-775761,AgClO3,3.1001,-0.413945241333333,0.031584152499997,False,False,20,4.366022674178715,3,"['Ag', 'Cl', 'O']",Ag-Cl-O,AgClO3
mp-667327,Ag2Pb8Cl4O7,2.2477,-1.381790716468252,0.00520407742857,False,False,84,7.310081388744856,4,"['Ag', 'Cl', 'O', 'Pb']",Ag-Cl-O-Pb,Ag2Pb8Cl4O7
mp-560923,AgPb4ClO4,2.4109,-1.338816083666668,0.012399509468744,False,False,20,7.8646071235025055,4,"['Ag', 'Cl', 'O', 'Pb']",Ag-Cl-O-Pb,AgPb4ClO4
mp-647305,SiAg5ClO4,0.4149,-1.169058042178029,0.028185624185605,False,False,176,6.125822824472009,4,"['Ag', 'Cl', 'O', 'Si']",Ag-Cl-O-Si,SiAg5ClO4
mp-738646,Ag4Te(ClO3)2,0.0,-0.293216047371793,0.499747207692307,True,False,52,5.227848395717094,4,"['Ag', 'Cl', 'O', 'Te']",Ag-Cl-O-Te,Ag4Te(ClO3)2
mp-3204195,YAg6ClO8,0.0,-0.8275992857812481,0.0,True,True,16,6.171215982637885,4,"['Ag', 'Cl', 'O', 'Y']",Ag-Cl-O-Y,YAg6ClO8
mp-3280686,Ag6PS5Cl,1.3852,-0.279540749579898,0.0,False,True,26,5.177686549082218,4,"['Ag', 'Cl', 'P', 'S']",Ag-Cl-P-S,Ag6PS5Cl
mp-559847,Ag5P(S2Cl)2,1.2689,-0.5435249585813471,0.0,False,True,12,4.792626948079725,4,"['Ag', 'Cl', 'P', 'S']",Ag-Cl-P-S,Ag5P(S2Cl)2
mp-560328,Ag15P4S16Cl3,1.288799999999999,-0.481952741541352,0.0,False,True,76,4.58713063268096,4,"['Ag', 'Cl', 'P', 'S']",Ag-Cl-P-S,Ag15P4S16Cl3
mp-28557,Ag2PdCl4,0.9506,-0.5746215314285701,0.00163028,False,False,14,4.65446805782275,3,"['Ag', 'Cl', 'Pd']",Ag-Cl-Pd,Ag2PdCl4
mp-3345780,Ag2PdCl6,0.9287999999999992,-0.5297905994444441,0.0,False,True,9,4.243941486216701,3,"['Ag', 'Cl', 'Pd']",Ag-Cl-Pd,Ag2PdCl6
mp-1110805,Rb2PrAgCl6,3.6461,-2.146478773833332,0.042629867500003,False,False,10,3.17004870280135,4,"['Ag', 'Cl', 'Pr', 'Rb']",Ag-Cl-Pr-Rb,Rb2PrAgCl6
mp-998201,RbAgCl3,0.0,-1.418798929833333,0.0,True,True,5,3.606963466959938,3,"['Ag', 'Cl', 'Rb']",Ag-Cl-Rb,RbAgCl3
mp-29693,Rb2AgCl3,2.9649,-1.764678433194443,0.0,False,True,24,3.457328009206633,3,"['Ag', 'Cl', 'Rb']",Ag-Cl-Rb,Rb2AgCl3
mp-1110803,Rb2AgSbCl6,1.6275,-1.615785375666666,0.0,False,True,10,3.270080969133103,4,"['Ag', 'Cl', 'Rb', 'Sb']",Ag-Cl-Rb-Sb,Rb2AgSbCl6
mp-1110795,Rb2ScAgCl6,3.2973,-2.120679242166666,0.0,False,True,10,3.095816312097559,4,"['Ag', 'Cl', 'Rb', 'Sc']",Ag-Cl-Rb-Sc,Rb2ScAgCl6
mp-1111725,Rb2SmAgCl6,3.7291,-2.163506613166666,0.022782959000003,False,False,10,3.313679901411887,4,"['Ag', 'Cl', 'Rb', 'Sm']",Ag-Cl-Rb-Sm,Rb2SmAgCl6
mp-1110794,Rb2TaAgCl6,0.0,-1.632449797399999,0.200220635183336,True,False,10,3.907314276678438,4,"['Ag', 'Cl', 'Rb', 'Ta']",Ag-Cl-Rb-Ta,Rb2TaAgCl6
mp-1111724,Rb2TbAgCl6,3.7266,-2.176792811333333,0.008744575949998,False,False,10,3.431169301153258,4,"['Ag', 'Cl', 'Rb', 'Tb']",Ag-Cl-Rb-Tb,Rb2TbAgCl6
mp-1111629,Rb2TlAgCl6,0.0,-1.546812579,0.0,True,True,10,3.816394408949395,4,"['Ag', 'Cl', 'Rb', 'Tl']",Ag-Cl-Rb-Tl,Rb2TlAgCl6
mp-1111628,Rb2TmAgCl6,3.4255,-2.182204191666667,0.0,False,True,10,3.584906554416193,4,"['Ag', 'Cl', 'Rb', 'Tm']",Ag-Cl-Rb-Tm,Rb2TmAgCl6
mp-1110800,Rb2YAgCl6,3.8008,-2.172295242666666,0.007829865899997,False,False,10,3.083380534002355,4,"['Ag', 'Cl', 'Rb', 'Y']",Ag-Cl-Rb-Y,Rb2YAgCl6
mp-23472,Re(AgCl3)2,0.8254,-0.692265720833331,0.0,False,True,9,4.72011131155517,3,"['Ag', 'Cl', 'Re']",Ag-Cl-Re,Re(AgCl3)2
mp-3211930,AgSCl7,1.1306,-0.240905839756944,0.0,False,True,36,2.566470727543139,3,"['Ag', 'Cl', 'S']",Ag-Cl-S,AgSCl7
mp-3207577,Ag2Sb2S3Cl2,2.015199999999999,-0.458292560381942,0.0,False,True,36,4.848360475458682,4,"['Ag', 'Cl', 'S', 'Sb']",Ag-Cl-S-Sb,Ag2Sb2S3Cl2
mp-569467,Ag5Te2Cl,0.2316,-0.237201461015626,0.000421713984376,False,False,128,7.211661144323821,3,"['Ag', 'Cl', 'Te']",Ag-Cl-Te,Ag5Te2Cl
mp-998610,TlAgCl3,0.0,-1.011150190999998,0.015710949000003,True,False,5,5.376922233206921,3,"['Ag', 'Cl', 'Tl']",Ag-Cl-Tl,TlAgCl3
mp-35906,Y(AgCl2)3,2.8066,-1.343167612999999,0.010527696500004,False,False,10,4.111412453293384,3,"['Ag', 'Cl', 'Y']",Ag-Cl-Y,Y(AgCl2)3
mp-3214779,CrCoAg2F7,0.434499999999999,-2.150281933636364,0.0,False,True,22,5.260986176005828,4,"['Ag', 'Co', 'Cr', 'F']",Ag-Co-Cr-F,CrCoAg2F7
mp-1113539,Cs2CoAgF6,1.8768,-2.318850262097701,0.043119591874998,False,False,10,5.071111359856548,4,"['Ag', 'Co', 'Cs', 'F']",Ag-Co-Cs-F,Cs2CoAgF6
mp-3222291,Er3In4CoAg,0.0,-0.478084958333331,0.0,True,True,9,9.405878660725252,4,"['Ag', 'Co', 'Er', 'In']",Ag-Co-Er-In,Er3In4CoAg
mp-1206910,CoAgF3,0.0,-1.6283116813333331,0.267764890000002,True,False,5,5.615122723350054,3,"['Ag', 'Co', 'F']",Ag-Co-F,CoAgF3
mp-1111099,Li2CoAgF6,1.7043,-2.084272759833332,0.324986154750001,False,False,10,3.441598399949594,4,"['Ag', 'Co', 'F', 'Li']",Ag-Co-F-Li,Li2CoAgF6
mp-1111334,Na2CoAgF6,1.4033,-2.185827259442528,0.141002104124996,False,False,10,3.595319469651178,4,"['Ag', 'Co', 'F', 'Na']",Ag-Co-F-Na,Na2CoAgF6
mp-1110611,Rb2CoAgF6,2.009299999999999,-2.356622655666667,0.018885782999999,False,False,10,4.711270625440298,4,"['Ag', 'Co', 'F', 'Rb']",Ag-Co-F-Rb,Rb2CoAgF6
mp-3241082,TiGa4CoAg,0.0,-0.309755493095238,0.0,True,True,7,7.701835144110605,4,"['Ag', 'Co', 'Ga', 'Ti']",Ag-Co-Ga-Ti,TiGa4CoAg
mp-3240022,ZrGa4CoAg,0.0,-0.382056705714286,0.000292042802206,True,False,7,7.892142462412827,4,"['Ag', 'Co', 'Ga', 'Zr']",Ag-Co-Ga-Zr,ZrGa4CoAg
mp-1233022,MgCo6Ag2P6(HO6)4,0.353699999999999,-1.9367003330509407,0.146834394186043,False,False,43,4.153646345207519,6,"['Ag', 'Co', 'H', 'Mg', 'O', 'P']",Ag-Co-H-Mg-O-P,MgCo6Ag2P6(HO6)4
mp-24706,Co3AgP3(HO6)2,0.0,-1.98652830871882,0.006842619900802,True,False,42,4.260512907991388,5,"['Ag', 'Co', 'H', 'O', 'P']",Ag-Co-H-O-P,Co3AgP3(HO6)2
mp-1226919,Co3Ag2P3HO12,0.0,-1.916816781595804,0.017258842539693,True,False,42,4.661548769085868,5,"['Ag', 'Co', 'H', 'O', 'P']",Ag-Co-H-O-P,Co3Ag2P3HO12
mp-3206492,Sr4CoAgH12,2.1008,-0.506762804444444,0.0,False,True,18,4.151765550347757,4,"['Ag', 'Co', 'H', 'Sr']",Ag-Co-H-Sr,Sr4CoAgH12
mp-3252792,YbCoAgH6,0.0,-0.25755204361111,0.017157879861114,True,False,9,7.651482358837824,4,"['Ag', 'Co', 'H', 'Yb']",Ag-Co-H-Yb,YbCoAgH6
mp-3213805,Lu12InCo4Ag,0.0,-0.272986956944439,0.0,True,True,18,10.354636011139291,4,"['Ag', 'Co', 'In', 'Lu']",Ag-Co-In-Lu,Lu12InCo4Ag
mp-3230813,Sc3In4CoAg,0.0,-0.417917466666665,0.0,True,True,9,6.898757940301924,4,"['Ag', 'Co', 'In', 'Sc']",Ag-Co-In-Sc,Sc3In4CoAg
mp-3222653,Zr4In2Co3Ag,0.0,-0.292922211499998,0.037714223166673,True,False,10,8.058454227796506,4,"['Ag', 'Co', 'In', 'Zr']",Ag-Co-In-Zr,Zr4In2Co3Ag
mp-1076275,La7SmCo6(AgO12)2,0.0,-2.334129513833333,0.146268063005208,True,False,40,7.209756764322205,5,"['Ag', 'Co', 'La', 'O', 'Sm']",Ag-Co-La-O-Sm,La7SmCo6(AgO12)2
mp-1076287,La6Sm2Co7AgO24,0.0,-2.402623328541667,0.13333719497917,True,False,40,7.492953997368632,5,"['Ag', 'Co', 'La', 'O', 'Sm']",Ag-Co-La-O-Sm,La6Sm2Co7AgO24
mp-1076492,La6Sm2Co7AgO20,0.0,-2.587266563310186,0.101250780405099,True,False,144,6.647753925975881,5,"['Ag', 'Co', 'La', 'O', 'Sm']",Ag-Co-La-O-Sm,La6Sm2Co7AgO20
mp-1076724,La4Sm4Co7AgO20,0.0,-2.5757048983101862,0.110871271481482,True,False,144,6.7792395488023125,5,"['Ag', 'Co', 'La', 'O', 'Sm']",Ag-Co-La-O-Sm,La4Sm4Co7AgO20
mp-1076866,La7SmCo6(AgO10)2,0.0,-2.553419606898149,0.107974710028935,True,False,144,6.667252347951024,5,"['Ag', 'Co', 'La', 'O', 'Sm']",Ag-Co-La-O-Sm,La7SmCo6(AgO10)2
mp-1099698,La4Sm4Co7AgO24,0.0,-2.373474636791667,0.154378465979171,True,False,40,7.5785119208649885,5,"['Ag', 'Co', 'La', 'O', 'Sm']",Ag-Co-La-O-Sm,La4Sm4Co7AgO24
mp-3206339,Lu12Co3Ag2,0.0,-0.208568788235291,0.0,True,True,17,10.421559488527318,3,"['Ag', 'Co', 'Lu']",Ag-Co-Lu,Lu12Co3Ag2
mp-3214905,Lu16Co3Ag4Rh,0.0,-0.307255253194441,0.0,True,True,24,10.744806098781291,4,"['Ag', 'Co', 'Lu', 'Rh']",Ag-Co-Lu-Rh,Lu16Co3Ag4Rh
mp-3204406,Lu7Co6AgSn22,0.0,-0.317830944768518,0.0,True,True,36,9.24757569041746,4,"['Ag', 'Co', 'Lu', 'Sn']",Ag-Co-Lu-Sn,Lu7Co6AgSn22
mp-3214401,Lu12Co4TcAg,0.0,-0.198695472499998,0.0,True,True,18,10.655338268956108,4,"['Ag', 'Co', 'Lu', 'Tc']",Ag-Co-Lu-Tc,Lu12Co4TcAg
mp-2210649,MgCoAgO2,0.0,-1.273560041333333,0.450496085166665,True,False,5,5.360983220111202,4,"['Ag', 'Co', 'Mg', 'O']",Ag-Co-Mg-O,MgCoAgO2
mp-2217118,MgCo2(AgO2)2,0.0,-1.00302420537037,0.424966806195286,True,False,9,6.087026075068453,4,"['Ag', 'Co', 'Mg', 'O']",Ag-Co-Mg-O,MgCo2(AgO2)2
mp-2217730,MgCo2(AgO3)2,0.6367,-1.177666993484847,0.151268169090909,False,False,11,5.935811938986039,4,"['Ag', 'Co', 'Mg', 'O']",Ag-Co-Mg-O,MgCo2(AgO3)2
mp-2228952,MgCo4(AgO2)4,0.0,-0.97960883127451,0.249617562691621,True,False,17,6.26296675722436,4,"['Ag', 'Co', 'Mg', 'O']",Ag-Co-Mg-O,MgCo4(AgO2)4
mp-1245568,CoAgN,0.0,0.598512787777778,0.59851278777778,True,False,3,6.373277197177612,3,"['Ag', 'Co', 'N']",Ag-Co-N,CoAgN
mp-1246189,Co2AgN3,0.0,0.421862933611114,0.421862933611112,True,False,18,7.326845994155179,3,"['Ag', 'Co', 'N']",Ag-Co-N,Co2AgN3
mp-725643,CoAg(N3O4)2,0.0,0.123415096770833,0.795892758035704,True,False,32,2.686611232877912,4,"['Ag', 'Co', 'N', 'O']",Ag-Co-N-O,CoAg(N3O4)2
mp-562172,CoAg(NO3)3,2.480299999999999,-0.8487503960118931,0.0,False,True,56,3.40621907570151,4,"['Ag', 'Co', 'N', 'O']",Ag-Co-N-O,CoAg(NO3)3
mp-1221297,Na3Co6Ag(P2O7)4,2.75,-2.257784185064075,0.037214786612324,False,False,46,3.796470285365344,5,"['Ag', 'Co', 'Na', 'O', 'P']",Ag-Co-Na-O-P,Na3Co6Ag(P2O7)4
mp-752700,CoAgO3,0.0,-0.361560325333332,0.462663771499997,True,False,20,6.097297228607657,3,"['Ag', 'Co', 'O']",Ag-Co-O,CoAgO3
mp-753001,CoAgO2,0.2622,-0.930628760416666,0.07498743875,False,False,4,6.641899346401659,3,"['Ag', 'Co', 'O']",Ag-Co-O,CoAgO2
mp-1275604,CoAgPO4,1.7666,-1.859873944829932,0.011691486309537,False,False,28,5.159864880984238,4,"['Ag', 'Co', 'O', 'P']",Ag-Co-O-P,CoAgPO4
mp-505812,Co3Ag2(P2O7)2,2.0647,-2.067122284430642,0.00542570597827,False,False,46,4.49024080063675,4,"['Ag', 'Co', 'O', 'P']",Ag-Co-O-P,Co3Ag2(P2O7)2
mp-1213893,CoAg(PO3)3,0.011699999999999,-2.090044187988945,0.124090019136912,False,False,112,3.437331378603975,4,"['Ag', 'Co', 'O', 'P']",Ag-Co-O-P,CoAg(PO3)3
mp-1181748,Co2Ag3SbO6,0.3795,-1.166599589305555,0.015470767152779,False,False,36,6.738687494028776,4,"['Ag', 'Co', 'O', 'Sb']",Ag-Co-O-Sb,Co2Ag3SbO6
mp-3205321,CoAg(PS3)2,1.3367,-0.339026898282737,0.0,False,True,20,3.429213150684895,4,"['Ag', 'Co', 'P', 'S']",Ag-Co-P-S,CoAg(PS3)2
mp-3212370,Sc12Co4AgPb,0.0,-0.258663650833335,0.0,True,True,18,4.973060065735641,4,"['Ag', 'Co', 'Pb', 'Sc']",Ag-Co-Pb-Sc,Sc12Co4AgPb
mp-3213233,Y12Co4AgPb,0.0,-0.218154915833335,0.0,True,True,18,5.839924254550122,4,"['Ag', 'Co', 'Pb', 'Y']",Ag-Co-Pb-Y,Y12Co4AgPb
mp-1226122,CoAg2Sn3S8,0.0,-0.606191387738086,0.002332949325404,True,False,14,5.015309340612958,4,"['Ag', 'Co', 'S', 'Sn']",Ag-Co-S-Sn,CoAg2Sn3S8
mp-3253070,Th4CoSi6Ag,0.0,-0.7063651779166611,0.0,True,True,12,8.492854947313974,4,"['Ag', 'Co', 'Si', 'Th']",Ag-Co-Si-Th,Th4CoSi6Ag
mp-1219201,Sm2Co16Ag,0.0,0.009642960438595,0.065525258297219,True,False,19,8.882004763358625,3,"['Ag', 'Co', 'Sm']",Ag-Co-Sm,Sm2Co16Ag
mp-1219086,SmCo4Ag,0.0,0.082189587222221,0.181315629430315,True,False,6,8.781966936072275,3,"['Ag', 'Co', 'Sm']",Ag-Co-Sm,SmCo4Ag
mp-3209595,Y12Co4AgSn,0.0,-0.23460167861111,0.0,True,True,18,5.547674498529367,4,"['Ag', 'Co', 'Sn', 'Y']",Ag-Co-Sn-Y,Y12Co4AgSn
mp-3204772,Ti8CoAg3,0.0,-0.10224336236111,0.0,True,True,12,6.446852672183136,3,"['Ag', 'Co', 'Ti']",Ag-Co-Ti,Ti8CoAg3
mp-1183721,CrAg3,0.0,0.26801541,0.26801541,True,False,4,8.81530671876435,2,"['Ag', 'Cr']",Ag-Cr,CrAg3
mp-3210827,CrCuAg2F7,1.0352,-2.041270568636363,0.0,False,True,22,5.354168931248768,4,"['Ag', 'Cr', 'Cu', 'F']",Ag-Cr-Cu-F,CrCuAg2F7
mp-1226364,Cr2CuAgS4,0.7458,-0.7168959827083321,0.089055233541665,False,False,8,4.780411606556005,4,"['Ag', 'Cr', 'Cu', 'S']",Ag-Cr-Cu-S,Cr2CuAgS4
mp-3204900,Cr4CuAgSe8,0.0,-0.6698126712499991,0.0,True,True,14,5.759855970277857,4,"['Ag', 'Cr', 'Cu', 'Se']",Ag-Cr-Cu-Se,Cr4CuAgSe8
mp-3244682,DyCr2AgO8,1.4918999999999991,-2.087041844166665,0.0,False,True,12,4.597880985785654,4,"['Ag', 'Cr', 'Dy', 'O']",Ag-Cr-Dy-O,DyCr2AgO8
mp-3282379,CrAgF4,1.2679,-2.428728101666666,0.0,False,True,24,4.827934114316294,3,"['Ag', 'Cr', 'F']",Ag-Cr-F,CrAgF4
mp-3287496,CrAg3F7,0.0,-1.914055084545454,0.0,True,True,22,5.516754407679937,3,"['Ag', 'Cr', 'F']",Ag-Cr-F,CrAg3F7
mp-1206806,CrAg3F6,0.2042,-1.861633889499999,0.090972309500004,False,False,10,5.150902650005597,3,"['Ag', 'Cr', 'F']",Ag-Cr-F,CrAg3F6
mp-3205993,CrAg2HgF7,0.9514999999999992,-1.961331088863635,0.0,False,True,22,6.239686111738282,4,"['Ag', 'Cr', 'F', 'Hg']",Ag-Cr-F-Hg,CrAg2HgF7
mp-1112287,K2CrAgF6,2.8775,-2.721524893616666,0.009820983874998,False,False,10,3.587327924251497,4,"['Ag', 'Cr', 'F', 'K']",Ag-Cr-F-K,K2CrAgF6
mp-1111094,Na2CrAgF6,2.3255,-2.556679519442528,0.139831533249995,False,False,10,3.407658738463505,4,"['Ag', 'Cr', 'F', 'Na']",Ag-Cr-F-Na,Na2CrAgF6
mp-1213740,CrNiAg2F7,1.657399999999999,-2.192959935757575,0.0,False,True,22,5.029945735734276,4,"['Ag', 'Cr', 'F', 'Ni']",Ag-Cr-F-Ni,CrNiAg2F7
mp-1110610,Rb2CrAgF6,3.0253,-2.736779278666666,0.0,False,True,10,4.367579002350493,4,"['Ag', 'Cr', 'F', 'Rb']",Ag-Cr-F-Rb,Rb2CrAgF6
mp-3210255,CrAg6RhF12,1.3941,-1.6895806925,0.0,False,True,20,6.137572744594753,4,"['Ag', 'Cr', 'F', 'Rh']",Ag-Cr-F-Rh,CrAg6RhF12
mp-3211407,ZnCrAg2F7,1.1121,-2.243485311818181,0.0,False,True,22,5.336884033330917,4,"['Ag', 'Cr', 'F', 'Zn']",Ag-Cr-F-Zn,ZnCrAg2F7
mp-3212667,Cr2GaAgO8,1.343799999999999,-1.641719012916667,0.0,False,True,12,4.295731787916411,4,"['Ag', 'Cr', 'Ga', 'O']",Ag-Cr-Ga-O,Cr2GaAgO8
mp-2231980,MgScCr2Ag(H2O5)2,0.9857,-1.83244836245614,0.149873004736827,False,False,19,3.203526999629996,6,"['Ag', 'Cr', 'H', 'Mg', 'O', 'Sc']",Ag-Cr-H-Mg-O-Sc,MgScCr2Ag(H2O5)2
mp-664427,ScCr2Ag(H2O5)2,0.0,0.37935573712963,2.114020965000001,True,False,18,3.275549564534099,5,"['Ag', 'Cr', 'H', 'O', 'Sc']",Ag-Cr-H-O-Sc,ScCr2Ag(H2O5)2
mp-3207065,Sr4CrAgH12,1.7378,-0.467865923888889,0.0,False,True,18,3.88929865845283,4,"['Ag', 'Cr', 'H', 'Sr']",Ag-Cr-H-Sr,Sr4CrAgH12
mp-1239238,HfCrAgS4,0.0,-1.214920078095236,0.021101881309526,True,False,14,5.375534165054457,4,"['Ag', 'Cr', 'Hf', 'S']",Ag-Cr-Hf-S,HfCrAgS4
mp-3214127,Cr4AgHgTe8,0.0,-0.391654193035715,0.0,True,True,14,6.571764953121637,4,"['Ag', 'Cr', 'Hg', 'Te']",Ag-Cr-Hg-Te,Cr4AgHgTe8
mp-554913,Cr3Ag8(IO6)2,1.4223,-1.010423176133333,0.087694763199998,False,False,50,5.9062475597327895,4,"['Ag', 'Cr', 'I', 'O']",Ag-Cr-I-O,Cr3Ag8(IO6)2
mp-3205841,Cr2InAgO8,1.418,-1.6130880987499991,0.0,False,True,12,4.375138102665666,4,"['Ag', 'Cr', 'In', 'O']",Ag-Cr-In-O,Cr2InAgO8
mp-1226293,Cr4InAgS8,0.0,-0.93617870845238,0.0,True,True,14,4.191185754808504,4,"['Ag', 'Cr', 'In', 'S']",Ag-Cr-In-S,Cr4InAgS8
mp-1226322,Cr4InAgSe8,9.999999999976698e-05,-0.7825749697916661,0.0,False,True,14,5.520076220302568,4,"['Ag', 'Cr', 'In', 'Se']",Ag-Cr-In-Se,Cr4InAgSe8
mp-559172,KCr2AgO7,1.6974,-1.6157626619469692,0.009804423011358,False,False,44,3.362690972312319,4,"['Ag', 'Cr', 'K', 'O']",Ag-Cr-K-O,KCr2AgO7
mp-1049227,LaMgCrAgO6,0.030699999999999,-2.119611355166666,0.260067972500011,False,False,20,5.7224670265164335,5,"['Ag', 'Cr', 'La', 'Mg', 'O']",Ag-Cr-La-Mg-O,LaMgCrAgO6
mp-1040828,LaCrAgO6,0.832399999999999,-1.8774336140740744,0.086124929969138,False,False,18,4.675427191081815,4,"['Ag', 'Cr', 'La', 'O']",Ag-Cr-La-O,LaCrAgO6
mp-3202912,LiCr4AgSe8,0.0,-0.777745661011904,0.0,True,True,14,5.318121984352077,4,"['Ag', 'Cr', 'Li', 'Se']",Ag-Cr-Li-Se,LiCr4AgSe8
mp-2218476,MgCr3AgO8,0.381799999999999,-1.79329508051282,0.206322384230772,False,False,13,4.141794394806336,4,"['Ag', 'Cr', 'Mg', 'O']",Ag-Cr-Mg-O,MgCr3AgO8
mp-2219033,MgCr2(AgO4)2,1.4193,-1.398252464487178,0.221023124230769,False,False,13,3.807456118063893,4,"['Ag', 'Cr', 'Mg', 'O']",Ag-Cr-Mg-O,MgCr2(AgO4)2
mp-3208253,MnCr4Ag3O16,0.1118,-1.458646707895114,0.0,False,True,24,4.224924749994508,4,"['Ag', 'Cr', 'Mn', 'O']",Ag-Cr-Mn-O,MnCr4Ag3O16
mp-3210154,Mn7CrAgO16,0.4931,-1.981074800655172,0.0,False,True,25,4.910780927909564,4,"['Ag', 'Cr', 'Mn', 'O']",Ag-Cr-Mn-O,Mn7CrAgO16
mp-3201868,MnCrAgS4,0.0,-0.7767984236761081,0.0,True,True,14,4.376758456887653,4,"['Ag', 'Cr', 'Mn', 'S']",Ag-Cr-Mn-S,MnCrAgS4
mp-3210718,Mn3Cr8AgSe16,0.0,-0.8541833686945791,0.0,True,True,28,5.353163461365582,4,"['Ag', 'Cr', 'Mn', 'Se']",Ag-Cr-Mn-Se,Mn3Cr8AgSe16
mp-3203739,MnCr3(AgSe4)2,0.0,-0.660023161927341,0.0,True,True,14,5.776442042534231,4,"['Ag', 'Cr', 'Mn', 'Se']",Ag-Cr-Mn-Se,MnCr3(AgSe4)2
mp-3206910,MnCr4AgSe8,0.0,-0.78718127085591,0.0,True,True,14,5.494534686844219,4,"['Ag', 'Cr', 'Mn', 'Se']",Ag-Cr-Mn-Se,MnCr4AgSe8
mp-1245572,Cr2AgN3,0.0,-0.199039177638888,0.300418701944444,True,False,18,6.10417549385331,3,"['Ag', 'Cr', 'N']",Ag-Cr-N,Cr2AgN3
mp-3211769,CrAg3(NO3)8,0.0,-0.380350958194444,0.0,True,True,36,3.150065762646118,4,"['Ag', 'Cr', 'N', 'O']",Ag-Cr-N-O,CrAg3(NO3)8
mp-1239249,NbCr3(AgS4)2,0.0529,-0.7806450780952371,0.139339232049695,False,False,28,4.740038902961088,4,"['Ag', 'Cr', 'Nb', 'S']",Ag-Cr-Nb-S,NbCr3(AgS4)2
mp-754959,CrAgO4,0.0,-1.195661571944445,0.00289444462963,True,False,12,4.456197339842565,3,"['Ag', 'Cr', 'O']",Ag-Cr-O,CrAgO4
mp-627414,Cr2Ag2O7,1.3352,-1.2856238753030291,0.020329227575766,False,False,22,4.370480562505867,3,"['Ag', 'Cr', 'O']",Ag-Cr-O,Cr2Ag2O7
mp-542882,Cr(AgO2)2,1.3899,-1.109907690833332,0.024034967499996,False,False,28,5.371075836693823,3,"['Ag', 'Cr', 'O']",Ag-Cr-O,Cr(AgO2)2
mp-546111,Cr3AgO8,1.2442,-1.641716069305554,0.0,False,True,24,4.112822985233676,3,"['Ag', 'Cr', 'O']",Ag-Cr-O,Cr3AgO8
mp-1096875,CrAgO2,1.1658,-1.592255186041666,0.092479916874986,False,False,16,6.519927784361326,3,"['Ag', 'Cr', 'O']",Ag-Cr-O,CrAgO2
mp-3246012,PrCr2AgO8,1.519499999999999,-2.083123718055555,0.0,False,True,12,4.648312490265908,4,"['Ag', 'Cr', 'O', 'Pr']",Ag-Cr-O-Pr,PrCr2AgO8
mp-1213773,CrAg(SO4)2,1.9491,-1.7888988488888882,0.00439465583335,False,False,12,3.7431640777547273,4,"['Ag', 'Cr', 'O', 'S']",Ag-Cr-O-S,CrAg(SO4)2
mp-1200173,CrSi(Ag3O4)2,0.0012,-1.207304139687499,0.052681273541664,False,False,32,6.137940478851,4,"['Ag', 'Cr', 'O', 'Si']",Ag-Cr-O-Si,CrSi(Ag3O4)2
mp-3248689,SmCr2AgO8,1.3309,-2.093503865416667,0.0,False,True,12,4.908715872336901,4,"['Ag', 'Cr', 'O', 'Sm']",Ag-Cr-O-Sm,SmCr2AgO8
mp-3244314,TbCr2AgO8,1.4954,-2.083649002083334,0.0,False,True,12,4.544691695523755,4,"['Ag', 'Cr', 'O', 'Tb']",Ag-Cr-O-Tb,TbCr2AgO8
mp-1203083,Tl3Cr4AgO14,1.976,-1.493457825530303,0.048729147613629,False,False,44,5.082815479316669,4,"['Ag', 'Cr', 'O', 'Tl']",Ag-Cr-O-Tl,Tl3Cr4AgO14
mp-3245026,UCr2(AgO5)2,1.2659,-1.888353988833334,0.0,False,True,15,5.125312356768733,4,"['Ag', 'Cr', 'O', 'U']",Ag-Cr-O-U,UCr2(AgO5)2
mp-3215085,YCr2AgO8,1.5026,-2.082675092083332,0.0,False,True,12,3.916702148352026,4,"['Ag', 'Cr', 'O', 'Y']",Ag-Cr-O-Y,YCr2AgO8
mp-3206089,YCr4AgO14,1.859999999999999,-1.932025142874999,0.0,False,True,20,3.672814401678603,4,"['Ag', 'Cr', 'O', 'Y']",Ag-Cr-O-Y,YCr4AgO14
mp-557592,CrAg(PS3)2,0.0,-0.646436608595232,0.0,True,True,20,3.201244075148736,4,"['Ag', 'Cr', 'P', 'S']",Ag-Cr-P-S,CrAg(PS3)2
mp-1226281,CrAg(PSe3)2,0.6964,-0.520396303501487,0.0,False,True,10,4.641011583473892,4,"['Ag', 'Cr', 'P', 'Se']",Ag-Cr-P-Se,CrAg(PSe3)2
mp-3247292,PaCr3(AgS4)2,1.1928,-1.05791710375,0.0,False,True,14,5.055794618459695,4,"['Ag', 'Cr', 'Pa', 'S']",Ag-Cr-Pa-S,PaCr3(AgS4)2
mp-3214953,Cr3Ag2PdSe8,0.0,-0.563861384464287,0.0,True,True,14,6.045151739110516,4,"['Ag', 'Cr', 'Pd', 'Se']",Ag-Cr-Pd-Se,Cr3Ag2PdSe8
mp-3212538,CrAgPtS4,0.6586999999999991,-0.610341493750001,0.0,False,True,14,6.05327855127814,4,"['Ag', 'Cr', 'Pt', 'S']",Ag-Cr-Pt-S,CrAgPtS4
mp-3214432,Cr3Ag2PtSe8,0.0,-0.5869415830357161,0.0,True,True,14,6.513368923728956,4,"['Ag', 'Cr', 'Pt', 'Se']",Ag-Cr-Pt-Se,Cr3Ag2PtSe8
mp-676751,Cr5AgS8,0.0,-0.905970127976189,0.011941100297624,True,False,28,3.951055022973299,3,"['Ag', 'Cr', 'S']",Ag-Cr-S,Cr5AgS8
mp-1232268,Cr2AgS4,0.0,-0.796637941666665,0.036785509999999,True,False,7,4.3563189237888285,3,"['Ag', 'Cr', 'S']",Ag-Cr-S,Cr2AgS4
mp-1232472,CrAgS2,0.9816,-0.7252069747916651,0.004038545416666,False,False,16,5.079968298760606,3,"['Ag', 'Cr', 'S']",Ag-Cr-S,CrAgS2
mp-3213809,Cr2AgSe3S,0.0,-0.676729162857142,0.0,True,True,14,5.459255400694574,4,"['Ag', 'Cr', 'S', 'Se']",Ag-Cr-S-Se,Cr2AgSe3S
mp-1226317,CrAgSn(SeS)2,0.0,-0.6980410130505941,0.011779940571428,True,False,14,5.19238862424471,5,"['Ag', 'Cr', 'S', 'Se', 'Sn']",Ag-Cr-S-Se-Sn,CrAgSn(SeS)2
mp-3308167,CrAg2Sn3S8,0.0,-0.51489925875,0.0,True,True,14,4.818698184373711,4,"['Ag', 'Cr', 'S', 'Sn']",Ag-Cr-S-Sn,CrAg2Sn3S8
mp-1226291,CrAgSnS4,0.0,-0.7587676995238091,0.0,True,True,14,4.604211671197141,4,"['Ag', 'Cr', 'S', 'Sn']",Ag-Cr-S-Sn,CrAgSnS4
mp-1238826,TaCr3(AgS4)2,0.0,-0.7160497364761881,0.205424507559515,True,False,28,4.415245815882655,4,"['Ag', 'Cr', 'S', 'Ta']",Ag-Cr-S-Ta,TaCr3(AgS4)2
mp-1238829,TiCrAgS4,0.0,-0.9165268678571412,0.191926754206345,True,False,28,3.616947830552102,4,"['Ag', 'Cr', 'S', 'Ti']",Ag-Cr-S-Ti,TiCrAgS4
mp-1239237,ZrCrAgS4,0.7975000000000001,-1.09934821488095,0.10949580452381,False,False,28,4.6300555731263895,4,"['Ag', 'Cr', 'S', 'Zr']",Ag-Cr-S-Zr,ZrCrAgS4
mp-3210434,Cr3Ag2SbSe8,0.0,-0.562555252321426,0.0,True,True,14,5.842352437700868,4,"['Ag', 'Cr', 'Sb', 'Se']",Ag-Cr-Sb-Se,Cr3Ag2SbSe8
mp-570708,CrAgSe2,0.0,-0.42758319158854,0.168489975,True,False,4,6.219852396186646,3,"['Ag', 'Cr', 'Se']",Ag-Cr-Se,CrAgSe2
mp-3263456,Cr3Ag2SnSe8,0.0,-0.592738646607141,0.0,True,True,14,5.84668654384935,4,"['Ag', 'Cr', 'Se', 'Sn']",Ag-Cr-Se-Sn,Cr3Ag2SnSe8
mp-1226303,CrAgSnSe4,0.0041,-0.660701050863094,0.0,False,True,14,5.733751722259656,4,"['Ag', 'Cr', 'Se', 'Sn']",Ag-Cr-Se-Sn,CrAgSnSe4
mp-3215683,ZnCr8Ag3Se16,0.0,-0.70022300160714,0.0,True,True,28,5.705934046540854,4,"['Ag', 'Cr', 'Se', 'Zn']",Ag-Cr-Se-Zn,ZnCr8Ag3Se16
mp-1018084,CrAgTe2,0.0,-0.346476566249998,0.043065398541669,True,False,4,6.483890421398398,3,"['Ag', 'Cr', 'Te']",Ag-Cr-Te,CrAgTe2
mp-20118,Cr2AgTe4,0.0,-0.445190816904763,0.0,True,True,14,6.327996273595509,3,"['Ag', 'Cr', 'Te']",Ag-Cr-Te,Cr2AgTe4
mp-631575,TiCrAg,0.0,0.8785086724999991,0.914861944722224,True,False,3,6.057430500513261,3,"['Ag', 'Cr', 'Ti']",Ag-Cr-Ti,TiCrAg
mp-3200934,Cs3Cu2AgP2,1.214699999999999,-0.376912153869046,0.0,False,True,8,4.818671187847119,4,"['Ag', 'Cs', 'Cu', 'P']",Ag-Cs-Cu-P,Cs3Cu2AgP2
mp-3201731,Cs3Cu(AgP)2,1.4878,-0.386925320744047,0.0,False,True,8,4.97174908925059,4,"['Ag', 'Cs', 'Cu', 'P']",Ag-Cs-Cu-P,Cs3Cu(AgP)2
mp-1190421,CsDy2Ag3Te5,1.0728,-1.065302365120165,0.0,False,True,22,6.670351559037642,4,"['Ag', 'Cs', 'Dy', 'Te']",Ag-Cs-Dy-Te,CsDy2Ag3Te5
mp-3250832,Cs2ErAgF6,3.796499999999999,-3.222862821833334,0.0,False,True,10,5.65566768392704,4,"['Ag', 'Cs', 'Er', 'F']",Ag-Cs-Er-F,Cs2ErAgF6
mp-1190252,CsEr2Ag3Te5,1.1873,-1.0472599520898611,0.0,False,True,22,6.878686778175768,4,"['Ag', 'Cs', 'Er', 'Te']",Ag-Cs-Er-Te,CsEr2Ag3Te5
mp-3268367,CsAg2F7,1.3878,-1.601490159499999,0.0,False,True,20,4.55856127822219,3,"['Ag', 'Cs', 'F']",Ag-Cs-F,CsAg2F7
mp-3274224,Cs3AgF7,0.0,-2.156233074090907,0.0,True,True,22,4.727478219073097,3,"['Ag', 'Cs', 'F']",Ag-Cs-F,Cs3AgF7
mp-13649,Cs2AgF4,0.0,-2.282353032142857,0.02142487,True,False,7,5.174919903041015,3,"['Ag', 'Cs', 'F']",Ag-Cs-F,Cs2AgF4
mp-561920,CsAgF3,0.0,-2.063023354,0.0,True,True,10,5.6567037492314665,3,"['Ag', 'Cs', 'F']",Ag-Cs-F,CsAgF3
mp-1206546,Cs2AgF6,0.0,-1.986505021666665,0.0,True,True,9,4.467291429280251,3,"['Ag', 'Cs', 'F']",Ag-Cs-F,Cs2AgF6
mp-3337729,Cs2AgF5,0.0,-2.148601599375,0.0,True,True,8,4.355467418629337,3,"['Ag', 'Cs', 'F']",Ag-Cs-F,Cs2AgF5
mp-1196464,CsFeAgF6,0.0,-2.370037151257982,0.000716230833329,True,False,36,4.284000922005362,4,"['Ag', 'Cs', 'F', 'Fe']",Ag-Cs-F-Fe,CsFeAgF6
mp-1113583,Cs2GaAgF6,2.7308,-2.688667714847702,0.0,False,True,10,5.140723875863037,4,"['Ag', 'Cs', 'F', 'Ga']",Ag-Cs-F-Ga,Cs2GaAgF6
mp-1213239,CsGaAgF6,0.3707,-2.508966887369093,0.0,False,True,36,4.547735953895159,4,"['Ag', 'Cs', 'F', 'Ga']",Ag-Cs-F-Ga,CsGaAgF6
mp-1113588,Cs2InAgF6,2.1888,-2.632801037764368,0.0,False,True,10,5.056538959944953,4,"['Ag', 'Cs', 'F', 'In']",Ag-Cs-F-In,Cs2InAgF6
mp-1225942,CsInAgF6,0.0,-2.425349598109834,0.014315268888895,True,False,18,4.258398053075304,4,"['Ag', 'Cs', 'F', 'In']",Ag-Cs-F-In,CsInAgF6
mp-1113622,Cs2AgIrF6,1.3698,-2.091066187666678,0.065874259333341,False,False,10,6.048198781239326,4,"['Ag', 'Cs', 'F', 'Ir']",Ag-Cs-F-Ir,Cs2AgIrF6
mp-13687,Cs2KAgF6,0.637099999999999,-2.3958961098227,0.0,False,True,10,4.202999935790856,4,"['Ag', 'Cs', 'F', 'K']",Ag-Cs-F-K,Cs2KAgF6
mp-3207035,Cs2LiAg3F12,1.8874,-1.906294869537036,0.0,False,True,18,4.62925606985532,4,"['Ag', 'Cs', 'F', 'Li']",Ag-Cs-F-Li,Cs2LiAg3F12
mp-1113226,Cs2AgMoF6,2.7943,-2.602620705097701,0.0,False,True,10,5.013218747467758,4,"['Ag', 'Cs', 'F', 'Mo']",Ag-Cs-F-Mo,Cs2AgMoF6
mp-1112950,Cs2NbAgF6,0.0,-2.589333719666663,0.282991779333332,True,False,10,4.870649093972324,4,"['Ag', 'Cs', 'F', 'Nb']",Ag-Cs-F-Nb,Cs2NbAgF6
mp-1113229,Cs2NdAgF6,3.308599999999999,-3.137904715750005,0.019960972999998,False,False,10,4.785326340664483,4,"['Ag', 'Cs', 'F', 'Nd']",Ag-Cs-F-Nd,Cs2NdAgF6
mp-1113230,Cs2PrAgF6,3.2577,-3.144332087264368,0.004704546000001,False,False,10,4.704791414287996,4,"['Ag', 'Cs', 'F', 'Pr']",Ag-Cs-F-Pr,Cs2PrAgF6
mp-1113227,Cs2AgSbF6,2.3185,-2.529717503097701,0.089033584333332,False,False,10,4.829476094904592,4,"['Ag', 'Cs', 'F', 'Sb']",Ag-Cs-F-Sb,Cs2AgSbF6
mp-1113115,Cs2ScAgF6,3.651099999999999,-3.200004091597701,0.0,False,True,10,4.628688890313042,4,"['Ag', 'Cs', 'F', 'Sc']",Ag-Cs-F-Sc,Cs2ScAgF6
mp-1225939,CsScAgF6,0.006699999999999,-3.057064507369093,0.034132875555554,False,False,18,3.775053990646362,4,"['Ag', 'Cs', 'F', 'Sc']",Ag-Cs-F-Sc,CsScAgF6
mp-1114070,Cs2TaAgF6,0.2824,-2.872888780253322,0.10242453153333,False,False,10,3.818060958480615,4,"['Ag', 'Cs', 'F', 'Ta']",Ag-Cs-F-Ta,Cs2TaAgF6
mp-1113150,Cs2TlAgF6,0.805299999999999,-2.362001250431035,0.0,False,True,10,5.623728809606423,4,"['Ag', 'Cs', 'F', 'Tl']",Ag-Cs-F-Tl,Cs2TlAgF6
mp-1225957,CsTlAgF6,0.0,-2.117431898850575,0.039121919166667,True,False,18,4.862514236460362,4,"['Ag', 'Cs', 'F', 'Tl']",Ag-Cs-F-Tl,CsTlAgF6
mp-1112639,Cs2VAgF6,0.0,-2.736490122166665,0.140344910833334,True,False,10,4.977260564636736,4,"['Ag', 'Cs', 'F', 'V']",Ag-Cs-F-V,Cs2VAgF6
mp-1110987,Cs2YAgF6,3.3465,-3.207796222097701,0.0,False,True,10,4.595958436800603,4,"['Ag', 'Cs', 'F', 'Y']",Ag-Cs-F-Y,Cs2YAgF6
mp-1113594,Cs2GaAgI6,0.0,-1.031025850847701,0.075172162000001,True,False,10,4.87745936865782,4,"['Ag', 'Cs', 'Ga', 'I']",Ag-Cs-Ga-I,Cs2GaAgI6
mp-1191228,CsGd2Ag3Se5,0.0,-1.349750939670357,0.0,True,True,22,6.534589961724714,4,"['Ag', 'Cs', 'Gd', 'Se']",Ag-Cs-Gd-Se,CsGd2Ag3Se5
mp-1190455,CsGd2Ag3Te5,0.622599999999999,-1.050671112272725,0.0,False,True,22,6.633751356369024,4,"['Ag', 'Cs', 'Gd', 'Te']",Ag-Cs-Gd-Te,CsGd2Ag3Te5
mp-3203960,Cs5Ag(GeO3)3,3.153299999999999,-1.765546733819443,0.0,False,True,36,4.78767418427145,4,"['Ag', 'Cs', 'Ge', 'O']",Ag-Cs-Ge-O,Cs5Ag(GeO3)3
mp-3206162,CsAg(HS)2,3.382,-0.547754288854167,0.0,False,True,12,3.53453397441193,4,"['Ag', 'Cs', 'H', 'S']",Ag-Cs-H-S,CsAg(HS)2
mp-3212867,Cs2Hf(AgS2)2,2.5791,-1.227078150138892,0.0,False,True,18,4.9666275789386924,4,"['Ag', 'Cs', 'Hf', 'S']",Ag-Cs-Hf-S,Cs2Hf(AgS2)2
mp-3210912,Cs3Hf2AgTe10,1.4913,-0.8433565696875001,0.0,False,True,32,5.553229840527596,4,"['Ag', 'Cs', 'Hf', 'Te']",Ag-Cs-Hf-Te,Cs3Hf2AgTe10
mp-3202303,Cs2Hf(AgTe2)2,1.8926,-0.926857992222226,0.0,False,True,9,5.754250839666888,4,"['Ag', 'Cs', 'Hf', 'Te']",Ag-Cs-Hf-Te,Cs2Hf(AgTe2)2
mp-1190472,CsHo2Ag3Te5,1.1763,-1.053497077089862,0.0,False,True,22,6.623428721833469,4,"['Ag', 'Cs', 'Ho', 'Te']",Ag-Cs-Ho-Te,CsHo2Ag3Te5
mp-540881,Cs2AgI3,2.8367,-1.320910873079503,0.0,False,True,24,4.382661764847718,3,"['Ag', 'Cs', 'I']",Ag-Cs-I,Cs2AgI3
mp-23496,CsAg2I3,2.2789,-0.892772558831416,0.001562826875002,False,False,24,4.675123477887295,3,"['Ag', 'Cs', 'I']",Ag-Cs-I,CsAg2I3
mp-1113565,Cs2InAgI6,0.0,-1.084367894764367,0.053838816374996,True,False,10,4.770447474340968,4,"['Ag', 'Cs', 'I', 'In']",Ag-Cs-I-In,Cs2InAgI6
mp-1113269,Cs2NdAgI6,2.5429,-1.4629922338477,0.005714765250002,False,False,10,4.51968089391843,4,"['Ag', 'Cs', 'I', 'Nd']",Ag-Cs-I-Nd,Cs2NdAgI6
mp-3204064,Cs5Ag(IO)2,1.835,-1.347248655249998,0.0,False,True,20,4.753612499169444,4,"['Ag', 'Cs', 'I', 'O']",Ag-Cs-I-O,Cs5Ag(IO)2
mp-1112942,Cs2PrAgI6,2.5343,-1.461820751264368,0.006615451750001,False,False,10,4.4642231655239,4,"['Ag', 'Cs', 'I', 'Pr']",Ag-Cs-I-Pr,Cs2PrAgI6
mp-1112941,Cs2AgSbI6,0.438699999999999,-1.044632548097701,0.0282357613125,False,False,10,4.667924206212146,4,"['Ag', 'Cs', 'I', 'Sb']",Ag-Cs-I-Sb,Cs2AgSbI6
mp-1112938,Cs2ScAgI6,2.0571,-1.386986988597701,0.0,False,True,10,4.592240908229201,4,"['Ag', 'Cs', 'I', 'Sc']",Ag-Cs-I-Sc,Cs2ScAgI6
mp-1112935,Cs2TaAgI6,0.0,-0.943102258831034,0.151071314156252,True,False,10,5.256201548077654,4,"['Ag', 'Cs', 'I', 'Ta']",Ag-Cs-I-Ta,Cs2TaAgI6
mp-1112933,Cs2TlAgI6,0.0,-1.010044748431035,0.051641214375001,True,False,10,4.968097079231728,4,"['Ag', 'Cs', 'I', 'Tl']",Ag-Cs-I-Tl,Cs2TlAgI6
mp-1112931,Cs2YAgI6,2.459399999999999,-1.4560710330977011,0.02086180725,False,False,10,4.482073488357927,4,"['Ag', 'Cs', 'I', 'Y']",Ag-Cs-I-Y,Cs2YAgI6
mp-3201600,CsK2Ag3P2,1.3734,-0.421233708556545,0.0,False,True,8,4.466952937121755,4,"['Ag', 'Cs', 'K', 'P']",Ag-Cs-K-P,CsK2Ag3P2
mp-3211355,CsK5(AgPb4)2,0.6587000000000001,-0.298786781171877,0.0,False,True,16,5.799078670611372,4,"['Ag', 'Cs', 'K', 'Pb']",Ag-Cs-K-Pb,CsK5(AgPb4)2
mp-3204895,CsK2AgSn4,1.1504,-0.337799865937501,0.0,False,True,16,4.288740757669916,4,"['Ag', 'Cs', 'K', 'Sn']",Ag-Cs-K-Sn,CsK2AgSn4
mp-2229576,Cs4MgNb2(AgS4)2,0.0,-1.14078502158553,0.146648238509803,True,False,17,3.717119529839347,5,"['Ag', 'Cs', 'Mg', 'Nb', 'S']",Ag-Cs-Mg-Nb-S,Cs4MgNb2(AgS4)2
mp-2229996,Cs4MgTi2(AgS2)4,0.433599999999999,-1.001520066155474,0.264999496140347,False,False,19,3.948412918654733,5,"['Ag', 'Cs', 'Mg', 'S', 'Ti']",Ag-Cs-Mg-S-Ti,Cs4MgTi2(AgS2)4
mp-3202775,CsMgAgTe2,2.1767,-0.94865651,0.0,False,True,5,5.073354184664535,4,"['Ag', 'Cs', 'Mg', 'Te']",Ag-Cs-Mg-Te,CsMgAgTe2
mp-3202472,CsMnAgSe2,1.3309,-0.954792905521551,0.0,False,True,5,5.344774717817962,4,"['Ag', 'Cs', 'Mn', 'Se']",Ag-Cs-Mn-Se,CsMnAgSe2
mp-558217,CsAg(NO3)2,2.6458,-1.060001363132184,0.0,False,True,20,3.613177288325302,4,"['Ag', 'Cs', 'N', 'O']",Ag-Cs-N-O,CsAg(NO3)2
mp-1226881,CsNb4Ag(PS10)2,1.5918,-1.005834277164554,0.0,False,True,56,2.857935477181186,5,"['Ag', 'Cs', 'Nb', 'P', 'S']",Ag-Cs-Nb-P-S,CsNb4Ag(PS10)2
mp-3255546,CsNb(AgS2)2,2.2053,-0.891123547656247,0.0,False,True,16,3.99333680171766,4,"['Ag', 'Cs', 'Nb', 'S']",Ag-Cs-Nb-S,CsNb(AgS2)2
mp-623028,Cs2NbAgS4,2.2195,-1.290435189497126,0.0,False,True,16,3.606203484120718,4,"['Ag', 'Cs', 'Nb', 'S']",Ag-Cs-Nb-S,Cs2NbAgS4
mp-3266885,CsNb(AgSe2)2,1.8729,-0.826947677031249,0.0,False,True,16,4.883678586406012,4,"['Ag', 'Cs', 'Nb', 'Se']",Ag-Cs-Nb-Se,CsNb(AgSe2)2
mp-14637,Cs2NbAgSe4,1.8213,-1.193972837544,0.0,False,True,16,4.326357650983168,4,"['Ag', 'Cs', 'Nb', 'Se']",Ag-Cs-Nb-Se,Cs2NbAgSe4
mp-3208728,CsNb(AgTe2)2,1.3446,-0.588002960625001,0.0,False,True,16,5.302332449080768,4,"['Ag', 'Cs', 'Nb', 'Te']",Ag-Cs-Nb-Te,CsNb(AgTe2)2
mp-3213340,Cs2NbAgTe4,1.5383,-0.844709932499998,0.0,False,True,16,4.79286396072405,4,"['Ag', 'Cs', 'Nb', 'Te']",Ag-Cs-Nb-Te,Cs2NbAgTe4
mp-1190370,CsNd2Ag3Te5,1.0241,-1.09857847936259,0.0,False,True,22,6.275791785733889,4,"['Ag', 'Cs', 'Nd', 'Te']",Ag-Cs-Nd-Te,CsNd2Ag3Te5
mp-3301865,Cs2Nd4Ag4Te9,1.011299999999999,-1.222535108421054,0.0,False,True,19,6.140825937668261,4,"['Ag', 'Cs', 'Nd', 'Te']",Ag-Cs-Nd-Te,Cs2Nd4Ag4Te9
mp-3203214,Cs2NiAgO4,0.2836,-1.02361005625,0.0,False,True,8,4.453254217431282,4,"['Ag', 'Cs', 'Ni', 'O']",Ag-Cs-Ni-O,Cs2NiAgO4
mp-1102595,CsNpAgS3,0.076299999999999,-1.348311781261973,0.0,False,True,12,5.604115173632386,4,"['Ag', 'Cs', 'Np', 'S']",Ag-Cs-Np-S,CsNpAgS3
mp-1096933,CsAgO2,1.1055,-1.005998602830459,0.0,False,True,8,4.665259672390486,3,"['Ag', 'Cs', 'O']",Ag-Cs-O,CsAgO2
mp-8666,CsAgO,1.4719,-0.9897648946072792,0.0,False,True,12,5.213697371306408,3,"['Ag', 'Cs', 'O']",Ag-Cs-O,CsAgO
mp-3305811,Cs3(AgO2)2,0.5595,-0.9051974299999992,0.0,False,True,18,5.468611135805921,3,"['Ag', 'Cs', 'O']",Ag-Cs-O,Cs3(AgO2)2
mp-3207379,Cs2AgPO4,2.9145,-1.997707777247022,0.0,False,True,16,4.979572565324135,4,"['Ag', 'Cs', 'O', 'P']",Ag-Cs-O-P,Cs2AgPO4
mp-3205008,CsAg2(PO3)6,0.6282,-1.9665054379761904,0.0,False,True,27,3.401993231108651,4,"['Ag', 'Cs', 'O', 'P']",Ag-Cs-O-P,CsAg2(PO3)6
mp-3204065,CsRb2AgO2,2.238699999999999,-1.039485754583334,0.0,False,True,24,4.641603477766672,4,"['Ag', 'Cs', 'O', 'Rb']",Ag-Cs-O-Rb,CsRb2AgO2
mp-554842,Cs5Si3AgO9,2.821499999999999,-2.501421636385697,0.0,False,True,36,4.310480956404687,4,"['Ag', 'Cs', 'O', 'Si']",Ag-Cs-O-Si,Cs5Si3AgO9
mp-865980,CsAgPSe3,1.4308,-0.7488115259159911,0.0,False,True,24,4.344243435379738,4,"['Ag', 'Cs', 'P', 'Se']",Ag-Cs-P-Se,CsAgPSe3
mp-3250776,CsPaAgTe3,0.0301,-1.034881350000001,0.0,False,True,12,6.3523422395856,4,"['Ag', 'Cs', 'Pa', 'Te']",Ag-Cs-Pa-Te,CsPaAgTe3
mp-3209534,Cs3Ag(SnPb)2,0.905799999999999,-0.3359510525,0.0,False,True,16,5.303196891153776,4,"['Ag', 'Cs', 'Pb', 'Sn']",Ag-Cs-Pb-Sn,Cs3Ag(SnPb)2
mp-1190295,CsPr2Ag3Te5,1.1305,-1.096251198756529,0.0,False,True,22,6.109433089545593,4,"['Ag', 'Cs', 'Pr', 'Te']",Ag-Cs-Pr-Te,CsPr2Ag3Te5
mp-3205414,CsRb2AgSn4,1.1258,-0.335560833437501,0.0,False,True,16,4.492899799061523,4,"['Ag', 'Cs', 'Rb', 'Sn']",Ag-Cs-Rb-Sn,CsRb2AgSn4
mp-561902,CsAg3S2,0.4114,-0.497267531770833,0.0,False,True,12,5.893426619195396,3,"['Ag', 'Cs', 'S']",Ag-Cs-S,CsAg3S2
mp-1198931,CsAg7S4,0.496399999999999,-0.314710139895832,0.0,False,True,48,6.34388748972142,3,"['Ag', 'Cs', 'S']",Ag-Cs-S,CsAg7S4
mp-3325677,CsAgS6,1.6376,-0.355497596171874,0.0,False,True,32,3.200599310980926,3,"['Ag', 'Cs', 'S']",Ag-Cs-S,CsAgS6
mp-510710,Cs2AgSbS4,1.4883,-0.897385242622125,5.7324794643598416e-05,False,False,16,3.822779630730347,4,"['Ag', 'Cs', 'S', 'Sb']",Ag-Cs-S-Sb,Cs2AgSbS4
mp-554408,CsAgSb4S7,1.456,-0.6540880306786021,0.002356977307687,False,False,52,4.27893726186689,4,"['Ag', 'Cs', 'S', 'Sb']",Ag-Cs-S-Sb,CsAgSb4S7
mp-1198053,Cs3Ag2Sb3S8,1.131599999999999,-0.8063513457686771,0.0,False,True,32,4.033168912009277,4,"['Ag', 'Cs', 'S', 'Sb']",Ag-Cs-S-Sb,Cs3Ag2Sb3S8
mp-1226259,Cs3Ag9(SbS3)4,1.593899999999999,-0.5829080383559101,0.0,False,True,28,4.873632904496218,4,"['Ag', 'Cs', 'S', 'Sb']",Ag-Cs-S-Sb,Cs3Ag9(SbS3)4
mp-3207436,Cs2Ag2SnS4,2.3618,-0.814361573472224,0.0,False,True,18,4.33564101992674,4,"['Ag', 'Cs', 'S', 'Sn']",Ag-Cs-S-Sn,Cs2Ag2SnS4
mp-3267964,CsTa(AgS2)2,2.5877,-0.9240107741979172,0.0,False,True,16,4.572268139960927,4,"['Ag', 'Cs', 'S', 'Ta']",Ag-Cs-S-Ta,CsTa(AgS2)2
mp-15218,Cs2TaAgS4,2.5939,-1.326573578538793,0.0,False,True,16,4.092928365477489,4,"['Ag', 'Cs', 'S', 'Ta']",Ag-Cs-S-Ta,Cs2TaAgS4
mp-3246025,CsThAgS3,2.843,-1.6490629430729151,0.0,False,True,12,5.380884537159104,4,"['Ag', 'Cs', 'S', 'Th']",Ag-Cs-S-Th,CsThAgS3
mp-10488,Cs2Ti(AgS2)2,1.6053,-1.22367205344189,0.0,False,True,18,4.178013146940504,4,"['Ag', 'Cs', 'S', 'Ti']",Ag-Cs-S-Ti,Cs2Ti(AgS2)2
mp-13346,CsUAgS3,0.0,-1.388841311470304,0.0,True,True,12,5.615303450586768,4,"['Ag', 'Cs', 'S', 'U']",Ag-Cs-S-U,CsUAgS3
mp-8684,Cs2VAgS4,1.3867,-1.229353878872125,0.0,False,True,16,3.49396947684366,4,"['Ag', 'Cs', 'S', 'V']",Ag-Cs-S-V,Cs2VAgS4
mp-3208255,Cs2Zr(AgS2)2,2.610499999999999,-1.221605116249997,0.0,False,True,18,4.392028386948175,4,"['Ag', 'Cs', 'S', 'Zr']",Ag-Cs-S-Zr,Cs2Zr(AgS2)2
mp-3202605,Cs5AgSb2,1.2503,-0.512681311874999,0.0,False,True,8,4.528328033592733,3,"['Ag', 'Cs', 'Sb']",Ag-Cs-Sb,Cs5AgSb2
mp-10480,CsAg5Se3,0.012399999999999,-0.470734910835527,0.0,False,True,36,6.565056221432243,3,"['Ag', 'Cs', 'Se']",Ag-Cs-Se,CsAg5Se3
mp-16234,CsAg3Se2,0.191799999999999,-0.58239625405711,0.0,False,True,12,6.418543062555712,3,"['Ag', 'Cs', 'Se']",Ag-Cs-Se,CsAg3Se2
mp-18105,CsAgSe4,1.2669,-0.712835215532804,0.0,False,True,24,4.839100516572268,3,"['Ag', 'Cs', 'Se']",Ag-Cs-Se,CsAgSe4
mp-3213166,Cs2TaAgSe4,2.4672,-1.145614471697914,0.0,False,True,16,4.971325677208899,4,"['Ag', 'Cs', 'Se', 'Ta']",Ag-Cs-Se-Ta,Cs2TaAgSe4
mp-3214208,CsTa(AgSe2)2,2.2148,-0.834729450447916,0.0,False,True,16,5.434079534097673,4,"['Ag', 'Cs', 'Se', 'Ta']",Ag-Cs-Se-Ta,CsTa(AgSe2)2
mp-542164,CsTb2Ag3Se5,1.094399999999999,-1.334549737700659,0.0,False,True,22,6.493949448241059,4,"['Ag', 'Cs', 'Se', 'Tb']",Ag-Cs-Se-Tb,CsTb2Ag3Se5
mp-16000,Cs5Ti6AgSe27,0.590399999999999,-1.170046525723686,0.0,False,True,78,4.3587064250401975,4,"['Ag', 'Cs', 'Se', 'Ti']",Ag-Cs-Se-Ti,Cs5Ti6AgSe27
mp-3299451,Cs2Ti(AgSe2)2,1.7167,-1.111488642546296,0.0,False,True,18,5.020025648582266,4,"['Ag', 'Cs', 'Se', 'Ti']",Ag-Cs-Se-Ti,Cs2Ti(AgSe2)2
mp-510662,CsUAgSe3,0.0,-1.276257089725512,0.0,True,True,12,6.317081834647964,4,"['Ag', 'Cs', 'Se', 'U']",Ag-Cs-Se-U,CsUAgSe3
mp-3209973,CsV(AgSe2)2,1.0613,-0.7461328595312501,0.0,False,True,16,4.8395244706623775,4,"['Ag', 'Cs', 'Se', 'V']",Ag-Cs-Se-V,CsV(AgSe2)2
mp-3200796,Cs2Zr(AgSe2)2,2.3901,-1.174685550138886,0.0,False,True,9,5.071248160689978,4,"['Ag', 'Cs', 'Se', 'Zr']",Ag-Cs-Se-Zr,Cs2Zr(AgSe2)2
mp-3206239,Cs3Si4Ag,1.4173,-0.134745717499999,0.0,False,True,16,3.590824806933009,3,"['Ag', 'Cs', 'Si']",Ag-Cs-Si,Cs3Si4Ag
mp-1190516,CsSm2Ag3Te5,1.1579,-1.07523187136364,0.0,False,True,22,6.515189337926608,4,"['Ag', 'Cs', 'Sm', 'Te']",Ag-Cs-Sm-Te,CsSm2Ag3Te5
mp-3208819,CsTa(AgTe2)2,1.6189,-0.563195661541666,0.0,False,True,16,5.793922088489607,4,"['Ag', 'Cs', 'Ta', 'Te']",Ag-Cs-Ta-Te,CsTa(AgTe2)2
mp-1190323,CsTb2Ag3Te5,1.061999999999999,-1.074091006029266,0.0,False,True,22,6.715035922838482,4,"['Ag', 'Cs', 'Tb', 'Te']",Ag-Cs-Tb-Te,CsTb2Ag3Te5
mp-9206,CsAg5Te3,0.020099999999999,-0.363232744444445,0.0,False,True,36,6.951816120132551,3,"['Ag', 'Cs', 'Te']",Ag-Cs-Te,CsAg5Te3
mp-1213692,CsAg3Te2,0.4034,-0.488788614999999,0.0,False,True,12,6.459925338721122,3,"['Ag', 'Cs', 'Te']",Ag-Cs-Te,CsAg3Te2
mp-3211597,Cs2Ti(AgTe2)2,1.285799999999999,-0.880183320740741,0.0,False,True,18,5.247894556849468,4,"['Ag', 'Cs', 'Te', 'Ti']",Ag-Cs-Te-Ti,Cs2Ti(AgTe2)2
mp-1078823,Cs2Zr(AgTe2)2,1.483099999999999,-0.9844257721455932,0.0,False,True,9,5.310268392359,4,"['Ag', 'Cs', 'Te', 'Zr']",Ag-Cs-Te-Zr,Cs2Zr(AgTe2)2
mp-1184011,Cu3Ag,0.0,0.090374920833333,0.090374920833333,True,False,4,9.244210421788912,2,"['Ag', 'Cu']",Ag-Cu,Cu3Ag
mp-984351,CuAg3,0.0,0.0857078075,0.0857078075,True,False,8,9.691546172854762,2,"['Ag', 'Cu']",Ag-Cu,CuAg3
mp-1072033,DyCu4Ag,0.0,-0.234272102222221,0.0,True,True,6,9.837932200948943,3,"['Ag', 'Cu', 'Dy']",Ag-Cu-Dy,DyCu4Ag
mp-1225292,Dy2CuAg3,0.0,-0.260100366388886,0.045169293333333,True,False,6,9.471430122680776,3,"['Ag', 'Cu', 'Dy']",Ag-Cu-Dy,Dy2CuAg3
mp-3249446,DyGaCu3Ag,0.0,-0.344997455,0.0,True,True,6,9.645474714297633,4,"['Ag', 'Cu', 'Dy', 'Ga']",Ag-Cu-Dy-Ga,DyGaCu3Ag
mp-3248128,DyCu2Ni2Ag,0.0,-0.27446979833333,0.0,True,True,6,10.054503159124122,4,"['Ag', 'Cu', 'Dy', 'Ni']",Ag-Cu-Dy-Ni,DyCu2Ni2Ag
mp-3245823,DyCu2AgPd2,0.0,-0.507061381666664,0.0,True,True,6,10.486482200095123,4,"['Ag', 'Cu', 'Dy', 'Pd']",Ag-Cu-Dy-Pd,DyCu2AgPd2
mp-3251249,DyCu3AgRh,0.0,-0.340437111666666,0.0,True,True,6,10.237547099789282,4,"['Ag', 'Cu', 'Dy', 'Rh']",Ag-Cu-Dy-Rh,DyCu3AgRh
mp-3223646,Dy3Cu2(AgSn2)2,0.0,-0.568198484999997,0.0,True,True,11,9.090921867026314,4,"['Ag', 'Cu', 'Dy', 'Sn']",Ag-Cu-Dy-Sn,Dy3Cu2(AgSn2)2
mp-3245136,DyZn2Cu2Ag,0.0,-0.319874211666667,0.0,True,True,6,9.429742033485423,4,"['Ag', 'Cu', 'Dy', 'Zn']",Ag-Cu-Dy-Zn,DyZn2Cu2Ag
mp-1077498,ErCu4Ag,0.0,-0.242329630277779,0.0,True,True,6,10.084214208289564,3,"['Ag', 'Cu', 'Er']",Ag-Cu-Er,ErCu4Ag
mp-3253436,ErGaCu3Ag,0.0,-0.351919769722222,0.0,True,True,6,9.863619148409828,4,"['Ag', 'Cu', 'Er', 'Ga']",Ag-Cu-Er-Ga,ErGaCu3Ag
mp-3250948,ErCu3NiAg,0.0,-0.265252533055554,0.0,True,True,6,10.179976654932528,4,"['Ag', 'Cu', 'Er', 'Ni']",Ag-Cu-Er-Ni,ErCu3NiAg
mp-3248089,ErCu4AgO8,0.3183,-1.233383195595237,0.0,False,True,14,7.274368087974328,4,"['Ag', 'Cu', 'Er', 'O']",Ag-Cu-Er-O,ErCu4AgO8
mp-3249449,ErCu3AgPt,0.0,-0.483734984722223,0.0,True,True,6,11.919849492307696,4,"['Ag', 'Cu', 'Er', 'Pt']",Ag-Cu-Er-Pt,ErCu3AgPt
mp-3244664,ErCu2AgPt2,0.0,-0.667528478055553,0.0,True,True,6,13.638558541467722,4,"['Ag', 'Cu', 'Er', 'Pt']",Ag-Cu-Er-Pt,ErCu2AgPt2
mp-3239832,ErCu3AgRh,0.0,-0.344784709722221,0.0,True,True,6,10.431672314594724,4,"['Ag', 'Cu', 'Er', 'Rh']",Ag-Cu-Er-Rh,ErCu3AgRh
mp-3247151,ErZnCu3Ag,0.0,-0.296894307222222,0.0,True,True,6,9.847497240223149,4,"['Ag', 'Cu', 'Er', 'Zn']",Ag-Cu-Er-Zn,ErZnCu3Ag
mp-3273272,Cu2Ag2F7,0.0,-1.575629039545454,0.0,True,True,22,5.704942369441817,3,"['Ag', 'Cu', 'F']",Ag-Cu-F,Cu2Ag2F7
mp-1188802,CuAgF3,0.0,-1.5471762095,0.017362094499999,True,False,20,5.905115804774511,3,"['Ag', 'Cu', 'F']",Ag-Cu-F,CuAgF3
mp-3240744,CuAgF5,0.0,-1.488205280714284,0.0,True,True,7,4.724787386295107,3,"['Ag', 'Cu', 'F']",Ag-Cu-F,CuAgF5
mp-3338250,CuAgF6,0.009399999999999,-1.314305400625,0.0,False,True,8,4.784619860898663,3,"['Ag', 'Cu', 'F']",Ag-Cu-F,CuAgF6
mp-3205042,FeCuAg2F7,0.9548,-1.860106104090909,0.0,False,True,22,5.362546469076325,4,"['Ag', 'Cu', 'F', 'Fe']",Ag-Cu-F-Fe,FeCuAg2F7
mp-3211553,GaCuAg2F7,0.6113000000000001,-1.968629715,0.0,False,True,22,5.553131026268731,4,"['Ag', 'Cu', 'F', 'Ga']",Ag-Cu-F-Ga,GaCuAg2F7
mp-3252518,HoGaCu3Ag,0.0,-0.348525311666667,0.0,True,True,6,9.75189275544412,4,"['Ag', 'Cu', 'Ga', 'Ho']",Ag-Cu-Ga-Ho,HoGaCu3Ag
mp-1223732,InGaCuAgSe4,0.0024,-0.5480250720312511,0.005413297499998,False,False,8,5.446100613532176,5,"['Ag', 'Cu', 'Ga', 'In', 'Se']",Ag-Cu-Ga-In-Se,InGaCuAgSe4
mp-1224000,InGaCuAgTe4,0.9116,-0.355886881249993,0.005341080000004,False,False,8,5.713103768936387,5,"['Ag', 'Cu', 'Ga', 'In', 'Te']",Ag-Cu-Ga-In-Te,InGaCuAgTe4
mp-3202532,LuGaCu3Ag,0.0,-0.357446801944445,0.0,True,True,6,10.15529327514516,4,"['Ag', 'Cu', 'Ga', 'Lu']",Ag-Cu-Ga-Lu,LuGaCu3Ag
mp-3223392,Nd2Ga6CuAg,0.0,-0.558934994999998,0.0,True,True,10,7.673470006470772,4,"['Ag', 'Cu', 'Ga', 'Nd']",Ag-Cu-Ga-Nd,Nd2Ga6CuAg
mp-1224814,Ga2CuAgS4,0.717699999999999,-0.6463600932812491,0.013073337499999,False,False,8,4.436286597151719,4,"['Ag', 'Cu', 'Ga', 'S']",Ag-Cu-Ga-S,Ga2CuAgS4
mp-1224837,Ga2CuAgSe4,0.0968,-0.54638358890625,0.010433274374998,False,False,8,5.4261845358589325,4,"['Ag', 'Cu', 'Ga', 'Se']",Ag-Cu-Ga-Se,Ga2CuAgSe4
mp-1224952,Ga2CuAg(TeSe)2,0.094799999999999,-0.424471828515624,0.033422614999999,False,False,8,5.552944999263261,5,"['Ag', 'Cu', 'Ga', 'Se', 'Te']",Ag-Cu-Ga-Se-Te,Ga2CuAg(TeSe)2
mp-1224861,Ga2CuAgTe4,0.1469,-0.337874935000002,0.00636503375,False,False,8,5.713556616640976,4,"['Ag', 'Cu', 'Ga', 'Te']",Ag-Cu-Ga-Te,Ga2CuAgTe4
mp-3246210,TmGaCu3Ag,0.0,-0.356585727499999,0.0,True,True,6,9.93627593004078,4,"['Ag', 'Cu', 'Ga', 'Tm']",Ag-Cu-Ga-Tm,TmGaCu3Ag
mp-3202522,YGaCu3Ag,0.0,-0.330274700833333,0.0,True,True,6,8.247942271476086,4,"['Ag', 'Cu', 'Ga', 'Y']",Ag-Cu-Ga-Y,YGaCu3Ag
mp-3248253,YbGaCu3Ag,0.0,-0.361125636666666,0.0,True,True,6,10.109467772032978,4,"['Ag', 'Cu', 'Ga', 'Yb']",Ag-Cu-Ga-Yb,YbGaCu3Ag
mp-1213114,CuAgGeSe3,0.0,-0.445744775616319,0.007330150390624,True,False,12,5.525330404802138,4,"['Ag', 'Cu', 'Ge', 'Se']",Ag-Cu-Ge-Se,CuAgGeSe3
mp-3200707,Cu2AgGeTe4,0.0,-0.123933083125002,0.0,True,True,8,6.13454698378655,4,"['Ag', 'Cu', 'Ge', 'Te']",Ag-Cu-Ge-Te,Cu2AgGeTe4
mp-1213188,Cu2AgH(SO5)2,0.342999999999999,-1.300769066119791,0.036810361210937,False,False,16,4.097169466535134,5,"['Ag', 'Cu', 'H', 'O', 'S']",Ag-Cu-H-O-S,Cu2AgH(SO5)2
mp-1213178,Cu2AgH(SeO5)2,0.340199999999999,-0.9163641467252612,0.026758160019528,False,False,16,4.657319890013922,5,"['Ag', 'Cu', 'H', 'O', 'Se']",Ag-Cu-H-O-Se,Cu2AgH(SeO5)2
mp-3202692,HfCu4Ag,0.0,-0.1548217075,0.0,True,True,6,10.959737984473277,3,"['Ag', 'Cu', 'Hf']",Ag-Cu-Hf,HfCu4Ag
mp-1024987,HoCu4Ag,0.0,-0.237075347777771,0.0,True,True,6,9.965981819615951,3,"['Ag', 'Cu', 'Ho']",Ag-Cu-Ho,HoCu4Ag
mp-3221922,Ho2InCuAg,0.0,-0.448658887999997,0.0,True,True,10,9.336379809767395,4,"['Ag', 'Cu', 'Ho', 'In']",Ag-Cu-Ho-In,Ho2InCuAg
mp-3223054,Ho3In3CuAg2,0.0,-0.507776059444441,0.0,True,True,9,9.404135846453665,4,"['Ag', 'Cu', 'Ho', 'In']",Ag-Cu-Ho-In,Ho3In3CuAg2
mp-3250022,HoCu2AgPt2,0.0,-0.668020299999999,0.0,True,True,6,13.5255793476173,4,"['Ag', 'Cu', 'Ho', 'Pt']",Ag-Cu-Ho-Pt,HoCu2AgPt2
mp-3246235,HoCu3AgRh,0.0,-0.342547479999997,0.0,True,True,6,10.33300808813352,4,"['Ag', 'Cu', 'Ho', 'Rh']",Ag-Cu-Ho-Rh,HoCu3AgRh
mp-3252541,HoZnCu3Ag,0.0,-0.296122650833332,0.0,True,True,6,9.734607187479323,4,"['Ag', 'Cu', 'Ho', 'Zn']",Ag-Cu-Ho-Zn,HoZnCu3Ag
mp-3208539,CuAg(Se3I)2,1.4005,-0.124206276937499,0.0,False,True,20,5.118180623468504,4,"['Ag', 'Cu', 'I', 'Se']",Ag-Cu-I-Se,CuAg(Se3I)2
mp-3207142,Cu3Ag(Se3I)4,1.3111,-0.119499313687498,0.0,False,True,20,5.080703233207476,4,"['Ag', 'Cu', 'I', 'Se']",Ag-Cu-I-Se,Cu3Ag(Se3I)4
mp-3230448,Lu3In3CuAg2,0.0,-0.475079907777774,0.0,True,True,9,9.989300313548434,4,"['Ag', 'Cu', 'In', 'Lu']",Ag-Cu-In-Lu,Lu3In3CuAg2
mp-3231486,Nd3In3CuAg2,0.0,-0.499378999166664,0.0,True,True,9,8.129883185977635,4,"['Ag', 'Cu', 'In', 'Nd']",Ag-Cu-In-Nd,Nd3In3CuAg2
mp-3207893,InCu4AgO8,0.1686,-0.8071466582142871,0.000688078258928,False,False,14,6.810363829859154,4,"['Ag', 'Cu', 'In', 'O']",Ag-Cu-In-O,InCu4AgO8
mp-1224138,In2CuAgS4,0.0448,-0.6947142281249981,0.005571902499999,False,False,8,4.677356908847744,4,"['Ag', 'Cu', 'In', 'S']",Ag-Cu-In-S,In2CuAgS4
mp-1224550,In10CuAgS16,0.0,-0.7991402452976171,0.0,True,True,28,4.6702241711888455,4,"['Ag', 'Cu', 'In', 'S']",Ag-Cu-In-S,In10CuAgS16
mp-1224227,In2CuAg(SnS4)2,0.388599999999999,-0.697559239642856,0.009463794285713,False,False,14,4.763878428439574,5,"['Ag', 'Cu', 'In', 'S', 'Sn']",Ag-Cu-In-S-Sn,In2CuAg(SnS4)2
mp-1223913,In2CuAgSe4,0.0032,-0.540193613281253,0.004306511874997,False,False,8,5.471385954911491,4,"['Ag', 'Cu', 'In', 'Se']",Ag-Cu-In-Se,In2CuAgSe4
mp-1224053,In2CuAg(TeSe)2,0.067899999999999,-0.441075092265624,0.024869099374999,False,False,8,5.638061141463206,5,"['Ag', 'Cu', 'In', 'Se', 'Te']",Ag-Cu-In-Se-Te,In2CuAg(TeSe)2
mp-3231610,Tb3In3CuAg2,0.0,-0.520708506666668,0.0,True,True,9,9.047556010765536,4,"['Ag', 'Cu', 'In', 'Tb']",Ag-Cu-In-Tb,Tb3In3CuAg2
mp-1224246,In2CuAgTe4,0.019499999999999,-0.365978430000001,0.005253939374998,False,False,8,5.709310701120068,4,"['Ag', 'Cu', 'In', 'Te']",Ag-Cu-In-Te,In2CuAgTe4
mp-1224343,In4CuAg3Te8,0.0,-0.369100797500003,0.004572375937499,True,False,16,5.676680827991754,4,"['Ag', 'Cu', 'In', 'Te']",Ag-Cu-In-Te,In4CuAg3Te8
mp-1226859,In4Cu3AgTe8,0.018699999999999,-0.362720246874996,0.006071318437502,False,False,16,5.77036653436191,4,"['Ag', 'Cu', 'In', 'Te']",Ag-Cu-In-Te,In4Cu3AgTe8
mp-699550,KCu3Ag(MoO4)4,0.4969,-1.630486525556666,0.019389681925006,False,False,100,4.296918418001788,5,"['Ag', 'Cu', 'K', 'Mo', 'O']",Ag-Cu-K-Mo-O,KCu3Ag(MoO4)4
mp-3201165,K3Cu2AgP2,1.4085,-0.407908554025297,0.0,False,True,8,3.5599334666332743,4,"['Ag', 'Cu', 'K', 'P']",Ag-Cu-K-P,K3Cu2AgP2
mp-3209513,K4CuAg3S4,2.2808,-0.8152959392708321,0.0,False,True,12,2.971460902425644,4,"['Ag', 'Cu', 'K', 'S']",Ag-Cu-K-S,K4CuAg3S4
mp-3212894,K2CuAgS2,2.2791,-0.830502893020832,0.0,False,True,12,2.825478639073203,4,"['Ag', 'Cu', 'K', 'S']",Ag-Cu-K-S,K2CuAgS2
mp-3247455,LaCu4AgO8,0.534399999999999,-1.2122095821428571,0.0,False,True,14,6.507169689967261,4,"['Ag', 'Cu', 'La', 'O']",Ag-Cu-La-O,LaCu4AgO8
mp-1096285,Li2CuAg,1.834899999999999,1.00675366886905,1.118526416666666,False,False,4,0.413806308404628,3,"['Ag', 'Cu', 'Li']",Ag-Cu-Li,Li2CuAg
mp-1096413,LiCuAg2,0.8126000000000001,1.281917394583333,1.3914291849999991,False,False,4,0.565357731698447,3,"['Ag', 'Cu', 'Li']",Ag-Cu-Li,LiCuAg2
mp-3200973,LuCu3NiAg,0.0,-0.273892978611108,0.0,True,True,6,10.471288840018534,4,"['Ag', 'Cu', 'Lu', 'Ni']",Ag-Cu-Lu-Ni,LuCu3NiAg
mp-3203123,LuZn2Cu2Ag,0.0,-0.327608685277778,0.0,True,True,6,9.94213863112599,4,"['Ag', 'Cu', 'Lu', 'Zn']",Ag-Cu-Lu-Zn,LuZn2Cu2Ag
mp-1096503,Mg2CuAg,0.208099999999999,1.226018747083334,1.395829294375,False,False,4,0.366466530927011,3,"['Ag', 'Cu', 'Mg']",Ag-Cu-Mg,Mg2CuAg
mp-2232281,MgCu4(Ag2O3)2,0.0529,-0.752027899444444,0.223344864999999,False,False,15,6.2064791901437895,4,"['Ag', 'Cu', 'Mg', 'O']",Ag-Cu-Mg-O,MgCu4(Ag2O3)2
mp-2232997,MgCu2Ag(SO5)2,0.0,-1.518904996354166,0.131782770976565,True,False,16,3.827927748331708,5,"['Ag', 'Cu', 'Mg', 'O', 'S']",Ag-Cu-Mg-O-S,MgCu2Ag(SO5)2
mp-2240507,Sr2MgCuAg2(SO)2,0.0,-1.419999321333332,0.427651364354168,True,False,10,4.924494778610243,6,"['Ag', 'Cu', 'Mg', 'O', 'S', 'Sr']",Ag-Cu-Mg-O-S-Sr,Sr2MgCuAg2(SO)2
mp-2233248,MgCu2Ag(SeO5)2,0.0,-1.185776101334635,0.08090743386719,True,False,16,4.277365454908188,5,"['Ag', 'Cu', 'Mg', 'O', 'Se']",Ag-Cu-Mg-O-Se,MgCu2Ag(SeO5)2
mp-2229945,MgCu4Ag2(PS4)2,0.7040999999999991,-0.437329656330531,0.17457672990196,False,False,17,3.9994630048469793,5,"['Ag', 'Cu', 'Mg', 'P', 'S']",Ag-Cu-Mg-P-S,MgCu4Ag2(PS4)2
mp-1221712,MnCu(AgO2)2,0.0,-1.037204460158045,0.040671025,True,False,8,6.530360312851537,4,"['Ag', 'Cu', 'Mn', 'O']",Ag-Cu-Mn-O,MnCu(AgO2)2
mp-1100917,VCu6AgMo5O24,0.0788,-0.981713080585586,0.601561484358065,False,False,37,4.845868244908151,5,"['Ag', 'Cu', 'Mo', 'O', 'V']",Ag-Cu-Mo-O-V,VCu6AgMo5O24
mp-1202008,CuAg2(NO3)4,0.144799999999999,-0.7462643693859651,0.0,False,True,38,3.406214294183453,4,"['Ag', 'Cu', 'N', 'O']",Ag-Cu-N-O,CuAg2(NO3)4
mp-1225986,Cu2Ag5Se4NO15,0.525,-0.90350944621142,0.0,False,True,27,5.309034532504997,5,"['Ag', 'Cu', 'N', 'O', 'Se']",Ag-Cu-N-O-Se,Cu2Ag5Se4NO15
mp-1232330,Na2CuAg2(SO)2,0.0,-0.7452108145657721,0.438991837407409,True,False,9,4.7041979815277735,5,"['Ag', 'Cu', 'Na', 'O', 'S']",Ag-Cu-Na-O-S,Na2CuAg2(SO)2
mp-3208618,Na4CuAg3Te4,0.8900999999999991,-0.629906832916667,0.0,False,True,12,5.6367331001592245,4,"['Ag', 'Cu', 'Na', 'Te']",Ag-Cu-Na-Te,Na4CuAg3Te4
mp-3202986,NbCu2AgS4,1.7778,-0.6475526045312491,0.0,False,True,8,4.161984495165866,4,"['Ag', 'Cu', 'Nb', 'S']",Ag-Cu-Nb-S,NbCu2AgS4
mp-3202764,NbCu(AgSe2)2,1.6246,-0.536888555781249,0.0,False,True,8,5.2404675496343645,4,"['Ag', 'Cu', 'Nb', 'Se']",Ag-Cu-Nb-Se,NbCu(AgSe2)2
mp-3202967,NbCu2AgSe4,1.52,-0.5707233126562521,0.0,False,True,8,5.3806730743641324,4,"['Ag', 'Cu', 'Nb', 'Se']",Ag-Cu-Nb-Se,NbCu2AgSe4
mp-3202911,NbCu(AgTe2)2,1.283399999999999,-0.333394492500001,0.0,False,True,8,5.958654640793577,4,"['Ag', 'Cu', 'Nb', 'Te']",Ag-Cu-Nb-Te,NbCu(AgTe2)2
mp-1077428,NdCu4Ag,0.0,-0.176990853749998,0.0,True,True,6,9.085505792991452,3,"['Ag', 'Cu', 'Nd']",Ag-Cu-Nd,NdCu4Ag
mp-3328481,Nd2Cu2Ag,0.0,-0.228165109999997,0.001693467999984,True,False,5,7.895893201573841,3,"['Ag', 'Cu', 'Nd']",Ag-Cu-Nd,Nd2Cu2Ag
mp-1220225,NdCuAg,0.0,-0.237636907499999,0.006124363333331,True,False,6,8.330213787266578,3,"['Ag', 'Cu', 'Nd']",Ag-Cu-Nd,NdCuAg
mp-1220530,Nd2(CuAg)5,0.0,-0.086049079369376,0.102021290225213,True,False,12,8.58528255851785,3,"['Ag', 'Cu', 'Nd']",Ag-Cu-Nd,Nd2(CuAg)5
mp-3247966,NdCu4AgO8,0.452599999999999,-1.203457648749999,0.0,False,True,14,6.693874363646855,4,"['Ag', 'Cu', 'Nd', 'O']",Ag-Cu-Nd-O,NdCu4AgO8
mp-3253649,NdCuAgPd3,0.0,-0.544673075416663,0.0,True,True,6,10.08585657184924,4,"['Ag', 'Cu', 'Nd', 'Pd']",Ag-Cu-Nd-Pd,NdCuAgPd3
mp-3248232,NdCu2AgPd2,0.0,-0.471500967083332,0.0,True,True,6,9.77067100883273,4,"['Ag', 'Cu', 'Nd', 'Pd']",Ag-Cu-Nd-Pd,NdCu2AgPd2
mp-3251739,NdCuAgPt3,0.0,-0.7302498220833321,0.0,True,True,6,14.187114025884236,4,"['Ag', 'Cu', 'Nd', 'Pt']",Ag-Cu-Nd-Pt,NdCuAgPt3
mp-3248495,NdCu2AgPt2,0.0,-0.6191892370833331,0.0,True,True,6,12.604635835787295,4,"['Ag', 'Cu', 'Nd', 'Pt']",Ag-Cu-Nd-Pt,NdCu2AgPt2
mp-3252906,TbCu2Ni2Ag,0.0,-0.268947654166664,0.0,True,True,6,9.924565764390328,4,"['Ag', 'Cu', 'Ni', 'Tb']",Ag-Cu-Ni-Tb,TbCu2Ni2Ag
mp-3247628,YbCu3NiAg,0.0,-0.274826668333335,0.0,True,True,6,10.559934543828374,4,"['Ag', 'Cu', 'Ni', 'Yb']",Ag-Cu-Ni-Yb,YbCu3NiAg
mp-675402,CuAgO2,0.134399999999999,-0.5553869129166651,0.168913955,False,False,4,7.440587967299107,3,"['Ag', 'Cu', 'O']",Ag-Cu-O,CuAgO2
mp-1096930,Cu(AgO)2,0.0,-0.356307740666665,0.22313295366667,True,False,5,7.359351036365496,3,"['Ag', 'Cu', 'O']",Ag-Cu-O,Cu(AgO)2
mp-3304974,Cu4AgO5,0.0,-0.655574159875,0.010829016,True,False,20,6.367117103037953,3,"['Ag', 'Cu', 'O']",Ag-Cu-O,Cu4AgO5
mp-4362,Cu2Ag2O3,0.0,-0.65898790047619,0.024268293333334,True,False,14,6.7246489797814455,3,"['Ag', 'Cu', 'O']",Ag-Cu-O,Cu2Ag2O3
mp-1225882,Cu2AgO4,0.0,-0.7310126202380951,0.003920383035705,True,False,7,5.776905243150395,3,"['Ag', 'Cu', 'O']",Ag-Cu-O,Cu2AgO4
mp-608358,CuAgPO4,0.0,-1.688688604651359,0.022560516607147,True,False,56,5.04328580416819,4,"['Ag', 'Cu', 'O', 'P']",Ag-Cu-O-P,CuAgPO4
mp-1195349,Cu3Ag2P2O9,0.0,-1.596806901804315,0.018385447109374,True,False,128,4.954380944315103,4,"['Ag', 'Cu', 'O', 'P']",Ag-Cu-O-P,Cu3Ag2P2O9
mp-1204064,Cu3Ag5(PO4)4,0.0,-1.652477563996598,0.02755811803571,True,False,56,5.179261924116804,4,"['Ag', 'Cu', 'O', 'P']",Ag-Cu-O-P,Cu3Ag5(PO4)4
mp-1213198,CuAg2P2O7,0.4723,-1.839324817718253,0.0,False,True,24,4.447658522514229,4,"['Ag', 'Cu', 'O', 'P']",Ag-Cu-O-P,CuAg2P2O7
mp-1213222,CuAg2(PO3)4,0.395699999999999,-2.092089029047619,0.0,False,True,38,3.822376533420224,4,"['Ag', 'Cu', 'O', 'P']",Ag-Cu-O-P,CuAg2(PO3)4
mp-3259348,Cu4AgPbO8,0.0,-0.690431310357143,0.0,True,True,14,7.611546000272152,4,"['Ag', 'Cu', 'O', 'Pb']",Ag-Cu-O-Pb,Cu4AgPbO8
mp-1226080,CuAg10(PbO4)3,0.0,-0.729068750256409,0.019288272115381,True,False,26,8.310096713442142,4,"['Ag', 'Cu', 'O', 'Pb']",Ag-Cu-O-Pb,CuAg10(PbO4)3
mp-3248678,PrCu4AgO8,0.4667,-1.194684768333333,0.0,False,True,14,6.605142510552282,4,"['Ag', 'Cu', 'O', 'Pr']",Ag-Cu-O-Pr,PrCu4AgO8
mp-3223351,CuAg(PtO3)2,0.0,-0.578137241750002,0.0,True,True,10,9.57344823706196,4,"['Ag', 'Cu', 'O', 'Pt']",Ag-Cu-O-Pt,CuAg(PtO3)2
mp-3201153,CuAg2PtO4,0.1981,-0.536991683125002,0.0,False,True,8,8.648570501576549,4,"['Ag', 'Cu', 'O', 'Pt']",Ag-Cu-O-Pt,CuAg2PtO4
mp-3293585,Rb2CuAgO2,1.5262,-0.9756798616666652,0.0,False,True,12,4.481277897437301,4,"['Ag', 'Cu', 'O', 'Rb']",Ag-Cu-O-Rb,Rb2CuAgO2
mp-1219689,Rb6CuAgO4,1.1344,-1.175864809513888,0.006972306718749,False,False,48,4.130869746342962,4,"['Ag', 'Cu', 'O', 'Rb']",Ag-Cu-O-Rb,Rb6CuAgO4
mp-3281790,CuAg(SO4)2,0.192099999999999,-1.136066779635417,0.0,False,True,24,4.106676953653154,4,"['Ag', 'Cu', 'O', 'S']",Ag-Cu-O-S,CuAg(SO4)2
mp-1104602,Cu2Ag(SO5)2,0.0,-1.225662482444444,0.068206036958333,True,False,15,3.968180927225138,4,"['Ag', 'Cu', 'O', 'S']",Ag-Cu-O-S,Cu2Ag(SO5)2
mp-1094045,Sr2CuAg2(SO)2,0.0,-1.5363538564814812,0.155565903379626,True,False,9,5.802353948571353,5,"['Ag', 'Cu', 'O', 'S', 'Sr']",Ag-Cu-O-S-Sr,Sr2CuAg2(SO)2
mp-1104157,Cu2Ag(SeO5)2,0.0,-0.824965289756944,0.047962676937499,True,False,15,4.526858641433684,4,"['Ag', 'Cu', 'O', 'Se']",Ag-Cu-O-Se,Cu2Ag(SeO5)2
mp-3250668,SmCu4AgO8,0.4125,-1.214033671785713,0.0,False,True,14,6.853102974290764,4,"['Ag', 'Cu', 'O', 'Sm']",Ag-Cu-O-Sm,SmCu4AgO8
mp-3215280,Sr4CuAgO6,1.2743,-2.221134732708336,0.0,False,True,24,5.655591690946617,4,"['Ag', 'Cu', 'O', 'Sr']",Ag-Cu-O-Sr,Sr4CuAgO6
mp-1046311,Sr2YCu2AgO7,0.0,-2.101632293589743,0.062778028076929,True,False,26,5.837149992969029,5,"['Ag', 'Cu', 'O', 'Sr', 'Y']",Ag-Cu-O-Sr-Y,Sr2YCu2AgO7
mp-3253376,TbCu4AgO8,0.3687,-1.230487328928571,0.0,False,True,14,7.080725714052304,4,"['Ag', 'Cu', 'O', 'Tb']",Ag-Cu-O-Tb,TbCu4AgO8
mp-3282946,CuAg3(TeO4)4,0.0,-0.7945793706249991,0.006579121953125,True,False,24,6.689091030211924,4,"['Ag', 'Cu', 'O', 'Te']",Ag-Cu-O-Te,CuAg3(TeO4)4
mp-555515,CuAg4TeO6,0.0,-0.7985137456944431,0.005532233194437,True,False,24,7.312670614307011,4,"['Ag', 'Cu', 'O', 'Te']",Ag-Cu-O-Te,CuAg4TeO6
mp-3253397,TmCu4AgO8,0.296699999999999,-1.237389936785715,0.0,False,True,14,7.328299740782111,4,"['Ag', 'Cu', 'O', 'Tm']",Ag-Cu-O-Tm,TmCu4AgO8
mp-510659,VCuAgO4,0.0,-1.467899853452381,0.055010437142861,True,False,28,5.43176707480691,4,"['Ag', 'Cu', 'O', 'V']",Ag-Cu-O-V,VCuAgO4
mp-1045596,YCu3(AgO3)4,0.0,-0.918262755833332,0.096974752114593,True,False,20,6.394480323517394,4,"['Ag', 'Cu', 'O', 'Y']",Ag-Cu-O-Y,YCu3(AgO3)4
mp-3295797,YCu4AgO8,0.334099999999999,-1.225041246785715,0.0,False,True,14,6.337263294324953,4,"['Ag', 'Cu', 'O', 'Y']",Ag-Cu-O-Y,YCu4AgO8
mp-3200881,Rb3Cu(AgP)2,1.5417,-0.383242976212796,0.0,False,True,8,4.472857402723219,4,"['Ag', 'Cu', 'P', 'Rb']",Ag-Cu-P-Rb,Rb3Cu(AgP)2
mp-3203005,Rb3Cu2AgP2,1.4897,-0.377312220587798,0.0,False,True,8,4.299350768450857,4,"['Ag', 'Cu', 'P', 'Rb']",Ag-Cu-P-Rb,Rb3Cu2AgP2
mp-1105189,Cu2AgPS4,1.0718,-0.326520030528271,0.000573781458335,False,False,16,4.356026992918339,4,"['Ag', 'Cu', 'P', 'S']",Ag-Cu-P-S,Cu2AgPS4
mp-1225783,Cu3Ag3(PS4)2,0.9971999999999992,-0.304462018965772,0.004889542499999,False,False,16,4.516997280551946,4,"['Ag', 'Cu', 'P', 'S']",Ag-Cu-P-S,Cu3Ag3(PS4)2
mp-3247154,PaCu4Ag,0.551199999999999,-0.0738942025,0.0,False,True,6,11.00621819334038,3,"['Ag', 'Cu', 'Pa']",Ag-Cu-Pa,PaCu4Ag
mp-1095713,CuAgPd2,0.0,2.141462203750002,2.239435117500001,True,False,4,0.7931286331713111,3,"['Ag', 'Cu', 'Pd']",Ag-Cu-Pd,CuAgPd2
mp-3319131,PrCu5Ag,0.0,-0.143213559880954,0.0,True,True,28,8.745849459906367,3,"['Ag', 'Cu', 'Pr']",Ag-Cu-Pr,PrCu5Ag
mp-1219913,Pr2CuAg,0.0,-0.170103008749998,0.0180337175,True,False,4,7.541553992413799,3,"['Ag', 'Cu', 'Pr']",Ag-Cu-Pr,Pr2CuAg
mp-3249444,SmCuAgPt3,0.0,-0.746474384166665,0.0,True,True,6,14.472419424997469,4,"['Ag', 'Cu', 'Pt', 'Sm']",Ag-Cu-Pt-Sm,SmCuAgPt3
mp-3252902,SmCu3AgPt,0.0,-0.443905425833331,0.0,True,True,6,11.181051181770108,4,"['Ag', 'Cu', 'Pt', 'Sm']",Ag-Cu-Pt-Sm,SmCu3AgPt
mp-3245967,SmCu2AgPt2,0.0,-0.640502910833333,0.0,True,True,6,12.898014725256449,4,"['Ag', 'Cu', 'Pt', 'Sm']",Ag-Cu-Pt-Sm,SmCu2AgPt2
mp-3250939,TbCuAgPt3,0.0,-0.763925984166666,0.0,True,True,6,14.853742848586156,4,"['Ag', 'Cu', 'Pt', 'Tb']",Ag-Cu-Pt-Tb,TbCuAgPt3
mp-3239820,TbCu3AgPt,0.0,-0.475523867500001,0.0,True,True,6,11.579114593662792,4,"['Ag', 'Cu', 'Pt', 'Tb']",Ag-Cu-Pt-Tb,TbCu3AgPt
mp-3247208,TbCu2AgPt2,0.0,-0.666698024166668,0.0,True,True,6,13.293969949401133,4,"['Ag', 'Cu', 'Pt', 'Tb']",Ag-Cu-Pt-Tb,TbCu2AgPt2
mp-3249869,ThCuAgPt3,0.0,-0.8277116841666631,0.0,True,True,6,15.438543470606762,4,"['Ag', 'Cu', 'Pt', 'Th']",Ag-Cu-Pt-Th,ThCuAgPt3
mp-3240151,YbCu3AgPt,0.0,-0.490871796666662,0.0,True,True,6,12.190498073089044,4,"['Ag', 'Cu', 'Pt', 'Yb']",Ag-Cu-Pt-Yb,YbCu3AgPt
mp-3252138,SmCu3AgRh,0.0,-0.308587269166667,0.0,True,True,6,9.764853934595363,4,"['Ag', 'Cu', 'Rh', 'Sm']",Ag-Cu-Rh-Sm,SmCu3AgRh
mp-3244903,TbCu3AgRh,0.0,-0.337984614166667,0.0,True,True,6,10.11988670901395,4,"['Ag', 'Cu', 'Rh', 'Tb']",Ag-Cu-Rh-Tb,TbCu3AgRh
mp-3201694,YCu3AgRh,0.0,-0.320573985833332,0.0,True,True,6,8.84752393121062,4,"['Ag', 'Cu', 'Rh', 'Y']",Ag-Cu-Rh-Y,YCu3AgRh
mp-644883,CuAg3S2,0.1828,-0.112988973298608,0.038793099027779,False,False,24,6.624135392223518,3,"['Ag', 'Cu', 'S']",Ag-Cu-S,CuAg3S2
mp-1077811,CuAgS,0.6381999999999991,-0.154575128159722,0.030615150555558,False,False,6,6.08884614605328,3,"['Ag', 'Cu', 'S']",Ag-Cu-S,CuAgS
mp-3201423,TaCu(AgS2)2,2.148999999999999,-0.623276162322916,0.0,False,True,8,4.818379035868299,4,"['Ag', 'Cu', 'S', 'Ta']",Ag-Cu-S-Ta,TaCu(AgS2)2
mp-3201923,TiCu3AgS4,1.7884,-0.6949363769907391,0.0,False,True,9,4.679120701392407,4,"['Ag', 'Cu', 'S', 'Ti']",Ag-Cu-S-Ti,TiCu3AgS4
mp-3201754,VCu2AgS4,1.0958,-0.6303737370312491,0.0,False,True,8,3.984158643363041,4,"['Ag', 'Cu', 'S', 'V']",Ag-Cu-S-V,VCu2AgS4
mp-3205944,VCu(AgS2)2,1.0145,-0.5474018001562491,0.0,False,True,8,3.969011980810146,4,"['Ag', 'Cu', 'S', 'V']",Ag-Cu-S-V,VCu(AgS2)2
mp-1093709,ScCu2Ag,0.0295,1.873572642916665,2.108170226249999,False,False,4,0.5523284160214941,3,"['Ag', 'Cu', 'Sc']",Ag-Cu-Sc,ScCu2Ag
mp-1095743,Sc2CuAg,0.0,2.158273213750002,2.4182437900000022,True,False,4,0.44433751223537,3,"['Ag', 'Cu', 'Sc']",Ag-Cu-Sc,Sc2CuAg
mp-3241353,ScCu4Ag,0.0,-0.20564613,0.0,True,True,6,8.121414516244545,3,"['Ag', 'Cu', 'Sc']",Ag-Cu-Sc,ScCu4Ag
mp-1225840,CuAgSe,0.0,-0.099864355150458,0.050075879259262,True,False,6,7.754114356960773,3,"['Ag', 'Cu', 'Se']",Ag-Cu-Se,CuAgSe
mp-3200829,TaCu2AgSe4,1.831599999999999,-0.5691807573229141,0.0,False,True,8,6.075319953801101,4,"['Ag', 'Cu', 'Se', 'Ta']",Ag-Cu-Se-Ta,TaCu2AgSe4
mp-3201989,TaCu(AgSe2)2,1.9419,-0.535031087947913,0.0,False,True,8,5.864325808610002,4,"['Ag', 'Cu', 'Se', 'Ta']",Ag-Cu-Se-Ta,TaCu(AgSe2)2
mp-3202195,VCu2AgSe4,0.9531,-0.519733287656249,0.0,False,True,8,5.20527762169054,4,"['Ag', 'Cu', 'Se', 'V']",Ag-Cu-Se-V,VCu2AgSe4
mp-867863,SmCu4Ag,0.0,-0.205667627499998,0.0,True,True,6,9.36362997033622,3,"['Ag', 'Cu', 'Sm']",Ag-Cu-Sm,SmCu4Ag
mp-3249420,SmZnCu3Ag,0.0,-0.259548464999999,0.0,True,True,6,9.119775187629283,4,"['Ag', 'Cu', 'Sm', 'Zn']",Ag-Cu-Sm-Zn,SmZnCu3Ag
mp-3201961,Sr2CuAgSn4,0.0,-0.455976869375,0.0,True,True,8,6.376983275270897,4,"['Ag', 'Cu', 'Sn', 'Sr']",Ag-Cu-Sn-Sr,Sr2CuAgSn4
mp-1218338,SrCu4Ag,0.0,-0.066193649666667,0.024955128333333,True,False,6,7.19815537151832,3,"['Ag', 'Cu', 'Sr']",Ag-Cu-Sr,SrCu4Ag
mp-3201945,TaCu(AgTe2)2,1.5402999999999991,-0.299617259666668,0.0,False,True,8,6.510185406883495,4,"['Ag', 'Cu', 'Ta', 'Te']",Ag-Cu-Ta-Te,TaCu(AgTe2)2
mp-1072264,TbCu4Ag,0.0,-0.2312508030555499,0.0,True,True,6,9.744157806616087,3,"['Ag', 'Cu', 'Tb']",Ag-Cu-Tb,TbCu4Ag
mp-1217677,Tb2CuAg,0.0,-0.27149971875,0.0,True,True,4,9.14267230154522,3,"['Ag', 'Cu', 'Tb']",Ag-Cu-Tb,Tb2CuAg
mp-3248718,TbZnCu3Ag,0.0,-0.290142744999999,0.0,True,True,6,9.508354355279288,4,"['Ag', 'Cu', 'Tb', 'Zn']",Ag-Cu-Tb-Zn,TbZnCu3Ag
mp-2977,CuAgTe2,0.0,-0.024186624687494,0.053611890937503,True,False,4,6.887896844095928,3,"['Ag', 'Cu', 'Te']",Ag-Cu-Te,CuAgTe2
mp-1225652,CuAgTe,0.0,0.079121924166666,0.154785069166667,True,False,3,7.277666185097361,3,"['Ag', 'Cu', 'Te']",Ag-Cu-Te,CuAgTe
mp-3252163,ThCu4Ag,0.0,-0.171535329166663,0.0,True,True,6,10.469537564099635,3,"['Ag', 'Cu', 'Th']",Ag-Cu-Th,ThCu4Ag
mp-1217098,Ti4CuAg,0.0,-0.080179795277776,0.0,True,True,6,6.220549317374229,3,"['Ag', 'Cu', 'Ti']",Ag-Cu-Ti,Ti4CuAg
mp-1025116,TmCu4Ag,0.0,-0.246742937500002,0.0,True,True,6,10.1612681900188,3,"['Ag', 'Cu', 'Tm']",Ag-Cu-Tm,TmCu4Ag
mp-3248614,TmZnCu3Ag,0.0,-0.301465846666668,0.0,True,True,6,9.934198406244509,4,"['Ag', 'Cu', 'Tm', 'Zn']",Ag-Cu-Tm-Zn,TmZnCu3Ag
mp-1072653,UCu4Ag,0.0,0.082376485555551,0.082376485555556,True,False,6,10.876453143941031,3,"['Ag', 'Cu', 'U']",Ag-Cu-U,UCu4Ag
mp-1096127,Y2CuAg,0.0,2.163076491249999,2.4497340124999982,True,False,4,0.458789289181739,3,"['Ag', 'Cu', 'Y']",Ag-Cu-Y,Y2CuAg
mp-1077741,YbCu4Ag,0.0,-0.256479781666667,0.0,True,True,6,10.295653738530849,3,"['Ag', 'Cu', 'Yb']",Ag-Cu-Yb,YbCu4Ag
mp-3217370,Yb10ZnCu4Ag,0.0,-0.188940581249998,0.0655151425,True,False,16,9.032296295530012,4,"['Ag', 'Cu', 'Yb', 'Zn']",Ag-Cu-Yb-Zn,Yb10ZnCu4Ag
mp-3249599,YbZn2Cu2Ag,0.0,-0.33233861666667,0.0,True,True,6,9.862538835064544,4,"['Ag', 'Cu', 'Yb', 'Zn']",Ag-Cu-Yb-Zn,YbZn2Cu2Ag
mp-1070869,ZrCu4Ag,0.0,-0.148498893611106,0.0,True,True,6,9.047496548877684,3,"['Ag', 'Cu', 'Zr']",Ag-Cu-Zr,ZrCu4Ag
mp-1096264,ZrCu2Ag,0.0,2.312413409583333,2.452816419999996,True,False,4,0.6741488706444531,3,"['Ag', 'Cu', 'Zr']",Ag-Cu-Zr,ZrCu2Ag
mp-3342112,Zr8Cu3Ag,0.0,-0.129144356249999,0.0,True,True,12,7.179306927295794,3,"['Ag', 'Cu', 'Zr']",Ag-Cu-Zr,Zr8Cu3Ag
mp-1183815,DyAg3,0.0,-0.219989429166663,0.037967057500001,True,False,4,10.09433725044139,2,"['Ag', 'Dy']",Ag-Dy,DyAg3
mp-2618,DyAg2,0.0,-0.318310541666664,0.0,True,True,3,9.941405025708384,2,"['Ag', 'Dy']",Ag-Dy,DyAg2
mp-2167,DyAg,0.0,-0.323086491666664,0.0,True,True,2,9.569137885039789,2,"['Ag', 'Dy']",Ag-Dy,DyAg
mp-1225847,Dy14Ag51,0.0,-0.232886340743587,0.0,True,True,65,9.684003903903037,2,"['Ag', 'Dy']",Ag-Dy,Dy14Ag51
mp-1183800,DyErAg2,0.0,-0.326064001249998,0.0060732125,True,False,4,9.79448831622664,3,"['Ag', 'Dy', 'Er']",Ag-Dy-Er,DyErAg2
mp-3244373,EuDy(AgPb)2,0.0,-0.49427260166667,0.0,True,True,6,9.989963521076657,4,"['Ag', 'Dy', 'Eu', 'Pb']",Ag-Dy-Eu-Pb,EuDy(AgPb)2
mp-3240089,EuDy(AgSn)2,0.0,-0.6137231216666661,0.0,True,True,6,8.431763572967922,4,"['Ag', 'Dy', 'Eu', 'Sn']",Ag-Dy-Eu-Sn,EuDy(AgSn)2
mp-1184152,Dy2GaAg,0.0,-0.455249298124997,0.017789646250001,True,False,4,9.01763562421958,3,"['Ag', 'Dy', 'Ga']",Ag-Dy-Ga,Dy2GaAg
mp-1105006,Dy3Ga8Ag3,0.0,-0.448445102857141,0.017302873214288,True,False,14,8.392730429924883,3,"['Ag', 'Dy', 'Ga']",Ag-Dy-Ga,Dy3Ga8Ag3
mp-1225625,DyGaAg,0.0,-0.474146416944438,0.005287544333334,True,False,6,9.044337424550417,3,"['Ag', 'Dy', 'Ga']",Ag-Dy-Ga,DyGaAg
mp-567574,DyAgGe,0.0,-0.647566033888886,0.0,True,True,9,9.27844168107298,3,"['Ag', 'Dy', 'Ge']",Ag-Dy-Ge,DyAgGe
mp-1225417,Dy6Ag(GeS7)2,0.0,-1.7140736498550702,0.021639913654896,True,False,23,5.724491589413588,4,"['Ag', 'Dy', 'Ge', 'S']",Ag-Dy-Ge-S,Dy6Ag(GeS7)2
mp-867898,DyAgHg2,0.0,-0.329545077083334,0.0,True,True,4,12.841131508089347,3,"['Ag', 'Dy', 'Hg']",Ag-Dy-Hg,DyAgHg2
mp-3309669,Dy8AgHg3,0.0,-0.410614567291664,0.0,True,True,12,10.290692153640018,3,"['Ag', 'Dy', 'Hg']",Ag-Dy-Hg,Dy8AgHg3
mp-3230765,DyHo2(SiAg)3,0.0,-0.6429931827777771,0.0,True,True,9,8.432402278952143,4,"['Ag', 'Dy', 'Ho', 'Si']",Ag-Dy-Ho-Si,DyHo2(SiAg)3
mp-1184170,Dy2InAg,0.0,-0.387366120416663,0.0,True,True,4,9.041988048758215,3,"['Ag', 'Dy', 'In']",Ag-Dy-In,Dy2InAg
mp-20898,DyInAg2,0.0,-0.358901477916665,0.0,True,True,4,9.812627757664677,3,"['Ag', 'Dy', 'In']",Ag-Dy-In,DyInAg2
mp-3231422,LiDy3In3Ag2,0.0,-0.511497599074074,0.0,True,True,9,8.60628736421793,4,"['Ag', 'Dy', 'In', 'Li']",Ag-Dy-In-Li,LiDy3In3Ag2
mp-3245145,LiDyInAg,0.0,-0.465679724166665,0.0,True,True,4,8.09919761157459,4,"['Ag', 'Dy', 'In', 'Li']",Ag-Dy-In-Li,LiDyInAg
mp-3271436,Dy5In4NiAg,0.0,-0.5888895581818161,0.0,True,True,22,9.047986982048188,4,"['Ag', 'Dy', 'In', 'Ni']",Ag-Dy-In-Ni,Dy5In4NiAg
mp-3333730,Dy3In3Ni2Ag,0.0,-0.560749511111112,0.0,True,True,9,9.360546852530154,4,"['Ag', 'Dy', 'In', 'Ni']",Ag-Dy-In-Ni,Dy3In3Ni2Ag
mp-3230014,Dy3In3Ag2Rh,0.0,-0.659828659444444,0.0,True,True,9,9.51402811288968,4,"['Ag', 'Dy', 'In', 'Rh']",Ag-Dy-In-Rh,Dy3In3Ag2Rh
mp-3230173,Dy3In4AgRu,0.0,-0.5803799916666661,0.0,True,True,9,9.281473446630985,4,"['Ag', 'Dy', 'In', 'Ru']",Ag-Dy-In-Ru,Dy3In4AgRu
mp-3231817,Dy3InSi2Ag3,0.0,-0.619436256666662,0.0,True,True,9,8.609586175390767,4,"['Ag', 'Dy', 'In', 'Si']",Ag-Dy-In-Si,Dy3InSi2Ag3
mp-864981,Dy2AgIr,0.0,-0.605460821249996,0.019135924910715,True,False,4,11.924670002870204,3,"['Ag', 'Dy', 'Ir']",Ag-Dy-Ir,Dy2AgIr
mp-3335356,Dy3Ag5Ir,0.0,-0.456642745555553,0.0,True,True,9,10.62741236519706,3,"['Ag', 'Dy', 'Ir']",Ag-Dy-Ir,Dy3Ag5Ir
mp-3230103,Dy3Mg3Ag2Ir,0.0,-0.47079242222222,0.0,True,True,9,7.986431281627931,4,"['Ag', 'Dy', 'Ir', 'Mg']",Ag-Dy-Ir-Mg,Dy3Mg3Ag2Ir
mp-3248983,LiDy3Ag2Sn3,0.0,-0.697318780185181,0.0,True,True,9,8.437694811690086,4,"['Ag', 'Dy', 'Li', 'Sn']",Ag-Dy-Li-Sn,LiDy3Ag2Sn3
mp-1183791,DyLuAg2,0.0,-0.330061112916664,0.0,True,True,4,10.089500528932266,3,"['Ag', 'Dy', 'Lu']",Ag-Dy-Lu,DyLuAg2
mp-862680,DyMgAg2,0.0,-0.298133702499997,0.0,True,True,4,7.999333548379227,3,"['Ag', 'Dy', 'Mg']",Ag-Dy-Mg,DyMgAg2
mp-1078820,DyMgAg,0.0,-0.253100688333331,0.0,True,True,9,7.043157912462281,3,"['Ag', 'Dy', 'Mg']",Ag-Dy-Mg,DyMgAg
mp-3231095,Dy3Mg3AgSn2,0.0,-0.602713275,0.0,True,True,9,6.900407904455072,4,"['Ag', 'Dy', 'Mg', 'Sn']",Ag-Dy-Mg-Sn,Dy3Mg3AgSn2
mp-1212958,DyTa5Ag2O15,2.5407,-2.997597712028984,0.054610182391311,False,False,46,8.140925649664887,4,"['Ag', 'Dy', 'O', 'Ta']",Ag-Dy-O-Ta,DyTa5Ag2O15
mp-1212988,DyAg(WO4)2,3.120170228789566,-2.376871139027777,0.0,False,True,24,8.346948221472832,4,"['Ag', 'Dy', 'O', 'W']",Ag-Dy-O-W,DyAg(WO4)2
mp-864977,Dy2AgOs,0.0,-0.274108186249996,0.028420607124999,True,False,4,12.061201229519469,3,"['Ag', 'Dy', 'Os']",Ag-Dy-Os,Dy2AgOs
mp-510687,DyAgPb,0.0,-0.395864592777774,0.0,True,True,6,10.72539704319565,3,"['Ag', 'Dy', 'Pb']",Ag-Dy-Pb,DyAgPb
mp-3230285,Dy3ZnAg2Pd3,0.0,-0.7086043244444441,0.0,True,True,9,10.011626281940792,4,"['Ag', 'Dy', 'Pd', 'Zn']",Ag-Dy-Pd-Zn,Dy3ZnAg2Pd3
mp-3231566,Dy3Zn2AgPd3,0.0,-0.746240781111108,0.0,True,True,9,9.778042650927176,4,"['Ag', 'Dy', 'Pd', 'Zn']",Ag-Dy-Pd-Zn,Dy3Zn2AgPd3
mp-1190502,RbDy2Ag3Te5,1.0526,-1.063218398560604,0.0,False,True,22,6.592614055526086,4,"['Ag', 'Dy', 'Rb', 'Te']",Ag-Dy-Rb-Te,RbDy2Ag3Te5
mp-3252364,DyZn3AgRh,0.0,-0.488991460833332,0.0,True,True,6,9.617027508957138,4,"['Ag', 'Dy', 'Rh', 'Zn']",Ag-Dy-Rh-Zn,DyZn3AgRh
mp-865161,Dy2AgRu,0.0,-0.352306718749997,0.0,True,True,4,10.510794739754465,3,"['Ag', 'Dy', 'Ru']",Ag-Dy-Ru,Dy2AgRu
mp-3240417,Dy3AgRu2,0.0,-0.438142403333335,0.0,True,True,6,10.58862071622328,3,"['Ag', 'Dy', 'Ru']",Ag-Dy-Ru,Dy3AgRu2
mp-3304796,Dy10Ag3Ru,0.0,-0.278001757857144,0.0,True,True,28,9.182139122308824,3,"['Ag', 'Dy', 'Ru']",Ag-Dy-Ru,Dy10Ag3Ru
mp-3273940,Dy17Y3(Ag3Ru)2,0.0,-0.274319963749998,0.0,True,True,28,8.658695725404412,4,"['Ag', 'Dy', 'Ru', 'Y']",Ag-Dy-Ru-Y,Dy17Y3(Ag3Ru)2
mp-3192149,DyY9Ag3Ru,0.0,-0.250466052142854,0.0,True,True,28,6.086570122491551,4,"['Ag', 'Dy', 'Ru', 'Y']",Ag-Dy-Ru-Y,DyY9Ag3Ru
mp-3298187,DyY19(Ag3Ru)2,0.0,-0.248448539464285,0.0,True,True,28,5.915482193233976,4,"['Ag', 'Dy', 'Ru', 'Y']",Ag-Dy-Ru-Y,DyY19(Ag3Ru)2
mp-3311915,Dy19Y(Ag3Ru)2,0.0,-0.276756791249998,1.770190476335642e-05,True,False,28,9.005606995655866,4,"['Ag', 'Dy', 'Ru', 'Y']",Ag-Dy-Ru-Y,Dy19Y(Ag3Ru)2
mp-3320165,Dy7Y3Ag3Ru,0.0,-0.270529437857139,0.0,True,True,28,8.1340776801992,4,"['Ag', 'Dy', 'Ru', 'Y']",Ag-Dy-Ru-Y,Dy7Y3Ag3Ru
mp-3240191,Dy3ZnAgRu,0.0,-0.418668009999999,0.0,True,True,6,9.740016393684344,4,"['Ag', 'Dy', 'Ru', 'Zn']",Ag-Dy-Ru-Zn,Dy3ZnAgRu
mp-1200233,DyAgS2,1.6628,-1.564351824583331,0.001335300624997,False,False,32,5.986792595355081,3,"['Ag', 'Dy', 'S']",Ag-Dy-S,DyAgS2
mp-35512,Dy5AgS8,1.7318,-2.102762908571425,0.033804339464284,False,False,14,6.738092749608367,3,"['Ag', 'Dy', 'S']",Ag-Dy-S,Dy5AgS8
mp-10965,DyAgSb2,0.0,-0.70119505083333,0.0,True,True,8,8.727970241794631,3,"['Ag', 'Dy', 'Sb']",Ag-Dy-Sb,DyAgSb2
mp-1206934,Dy2AgSb3,0.114199999999999,2.197952670833336,3.070270193333336,False,False,6,0.367463926002024,3,"['Ag', 'Dy', 'Sb']",Ag-Dy-Sb,Dy2AgSb3
mp-1095026,DyAgSe2,0.477099999999999,-1.402757322005205,0.034043447500001,False,False,8,7.288448103260188,3,"['Ag', 'Dy', 'Se']",Ag-Dy-Se,DyAgSe2
mp-1095130,DySiAg,0.0,-0.566687099999997,0.0,True,True,9,8.329952611393354,3,"['Ag', 'Dy', 'Si']",Ag-Dy-Si,DySiAg
mp-1206850,Dy(SiAg)2,0.0,-0.351895480999995,0.0,True,True,5,7.895172297432657,3,"['Ag', 'Dy', 'Si']",Ag-Dy-Si,Dy(SiAg)2
mp-3241377,DyThSi3Ag,0.0,-0.6519794275,0.0,True,True,6,7.873803506433896,4,"['Ag', 'Dy', 'Si', 'Th']",Ag-Dy-Si-Th,DyThSi3Ag
mp-22808,Dy3(AgSn)4,0.0,-0.474900711060603,0.009181160025258,True,False,11,8.89328719694836,3,"['Ag', 'Dy', 'Sn']",Ag-Dy-Sn,Dy3(AgSn)4
mp-21198,DyAgSn,0.0,-0.586136342777778,0.0,True,True,6,9.133855923155936,3,"['Ag', 'Dy', 'Sn']",Ag-Dy-Sn,DyAgSn
mp-1225262,DyAgSn2,0.0,-0.435788158333332,0.016232472986111,True,False,4,9.033545210444824,3,"['Ag', 'Dy', 'Sn']",Ag-Dy-Sn,DyAgSn2
mp-3246032,SrDyAgTe3,1.1527,-1.407771413333335,0.0,False,True,12,6.570476404563426,4,"['Ag', 'Dy', 'Sr', 'Te']",Ag-Dy-Sr-Te,SrDyAgTe3
mp-4024,DyAgTe2,0.895799999999999,-1.120247139166664,0.0,False,True,8,7.324300871695065,3,"['Ag', 'Dy', 'Te']",Ag-Dy-Te,DyAgTe2
mp-866008,Dy2TlAg,0.0,-0.332413599583333,0.0,True,True,4,10.485617978087454,3,"['Ag', 'Dy', 'Tl']",Ag-Dy-Tl,Dy2TlAg
mp-1184080,DyTmAg2,0.0,-0.326915708749999,0.006113049999999,True,False,4,9.887725476920709,3,"['Ag', 'Dy', 'Tm']",Ag-Dy-Tm,DyTmAg2
mp-971924,DyYAg2,0.0,-0.313097208749998,0.0001222675,True,False,4,8.206464935130214,3,"['Ag', 'Dy', 'Y']",Ag-Dy-Y,DyYAg2
mp-3292493,Dy2Zn3Ag4,0.0,-0.343421867222225,0.0,True,True,18,9.54512599600708,3,"['Ag', 'Dy', 'Zn']",Ag-Dy-Zn,Dy2Zn3Ag4
mp-1184095,Dy2ZnAg,0.0,-0.319737936249998,0.012252259999998,True,False,4,8.98914185817609,3,"['Ag', 'Dy', 'Zn']",Ag-Dy-Zn,Dy2ZnAg
mp-1184172,ErAg3,0.0,-0.215682564999999,0.040456924728258,True,False,8,10.214860881360003,2,"['Ag', 'Er']",Ag-Er,ErAg3
mp-2621,ErAg,0.0,-0.341187935833332,0.0,True,True,2,10.00751030956171,2,"['Ag', 'Er']",Ag-Er,ErAg
mp-30339,ErAg2,0.0,-0.325917054444441,0.0,True,True,3,10.300912276420142,2,"['Ag', 'Er']",Ag-Er,ErAg2
mp-1225453,Er14Ag51,0.0,-0.227154962846151,0.0,True,True,65,9.933135926825262,2,"['Ag', 'Er']",Ag-Er,Er14Ag51
mp-3262793,Er4Ga7Ag5,0.0,-0.5140567311458321,0.0,True,True,16,9.316905192771577,3,"['Ag', 'Er', 'Ga']",Ag-Er-Ga,Er4Ga7Ag5
mp-1104172,Er3Ga8Ag3,0.0,-0.432827394642856,0.010309027500001,True,False,14,8.574879193196237,3,"['Ag', 'Er', 'Ga']",Ag-Er-Ga,Er3Ga8Ag3
mp-1225546,ErGaAg,0.0,-0.471641859722221,0.003089223927532,True,False,6,9.136157888439657,3,"['Ag', 'Er', 'Ga']",Ag-Er-Ga,ErGaAg
mp-3192112,LaEr2Ga8Ag3,0.0,-0.5213411183333311,0.0,True,True,14,8.431285255784557,4,"['Ag', 'Er', 'Ga', 'La']",Ag-Er-Ga-La,LaEr2Ga8Ag3
mp-570026,ErAgGe,0.0,-0.639566118888885,0.0,True,True,9,9.600409687917912,3,"['Ag', 'Er', 'Ge']",Ag-Er-Ge,ErAgGe
mp-3250434,Ho2Er(AgGe)3,0.0,-0.7128479598148121,0.0,True,True,9,9.490305701371472,4,"['Ag', 'Er', 'Ge', 'Ho']",Ag-Er-Ge-Ho,Ho2Er(AgGe)3
mp-3231815,Er3Mg3AgGe2,0.0,-0.644142451111112,0.0,True,True,9,7.11849750211376,4,"['Ag', 'Er', 'Ge', 'Mg']",Ag-Er-Ge-Mg,Er3Mg3AgGe2
mp-1225741,Er6Ag(GeS7)2,0.0,-1.698505260724636,0.042678136734607,True,False,23,5.863335784669467,4,"['Ag', 'Er', 'Ge', 'S']",Ag-Er-Ge-S,Er6Ag(GeS7)2
mp-3247038,Tb2Er(AgGe)3,0.0,-0.7221201520370351,0.0,True,True,9,9.24799124468161,4,"['Ag', 'Er', 'Ge', 'Tb']",Ag-Er-Ge-Tb,Tb2Er(AgGe)3
mp-3245017,ErAgH6Os,2.9913,-0.402871762314816,0.0,False,True,9,9.448728668588682,4,"['Ag', 'Er', 'H', 'Os']",Ag-Er-H-Os,ErAgH6Os
mp-3250538,ErAgH6Ru,2.6199,-0.411746527314815,0.0,False,True,9,7.854558425735427,4,"['Ag', 'Er', 'H', 'Ru']",Ag-Er-H-Ru,ErAgH6Ru
mp-3247060,ErHfAgS4,1.042699999999999,-1.673354336369044,0.0,False,True,14,5.997673964744672,4,"['Ag', 'Er', 'Hf', 'S']",Ag-Er-Hf-S,ErHfAgS4
mp-864646,ErAgHg2,0.0,-0.31478544166667,0.0,True,True,4,13.13516931001937,3,"['Ag', 'Er', 'Hg']",Ag-Er-Hg,ErAgHg2
mp-1184075,Er2AgHg,0.0,-0.407943068541667,0.003646184999999,True,False,4,11.292719449915923,3,"['Ag', 'Er', 'Hg']",Ag-Er-Hg,Er2AgHg
mp-3230323,Er3Ag2Hg3Ir,0.0,-0.5541130591666641,0.0,True,True,9,12.903676204519792,4,"['Ag', 'Er', 'Hg', 'Ir']",Ag-Er-Hg-Ir,Er3Ag2Hg3Ir
mp-3231162,Er4AgHgPt2,0.0,-0.95531007197917,0.0,True,True,8,12.376427843322404,4,"['Ag', 'Er', 'Hg', 'Pt']",Ag-Er-Hg-Pt,Er4AgHgPt2
mp-3230781,Er3Ag2Hg3Rh,0.0,-0.549041155833328,0.0,True,True,9,12.16740880062551,4,"['Ag', 'Er', 'Hg', 'Rh']",Ag-Er-Hg-Rh,Er3Ag2Hg3Rh
mp-972945,HoErAg2,0.0,-0.32832871958333,0.0061213075,True,False,4,9.90653924688135,3,"['Ag', 'Er', 'Ho']",Ag-Er-Ho,HoErAg2
mp-3248000,HoEr(AgO2)4,0.0,-1.534358467023809,0.0,True,True,14,8.558890913132966,4,"['Ag', 'Er', 'Ho', 'O']",Ag-Er-Ho-O,HoEr(AgO2)4
mp-3282971,Er8In3Ag,0.0,-0.409685291388887,0.0,True,True,24,9.228168133498349,3,"['Ag', 'Er', 'In']",Ag-Er-In,Er8In3Ag
mp-866004,Er2InAg,0.0,-0.393797592083329,0.0,True,True,4,9.477579310378507,3,"['Ag', 'Er', 'In']",Ag-Er-In,Er2InAg
mp-30340,ErInAg2,0.0,-0.351657399999997,0.0,True,True,4,10.067575130193063,3,"['Ag', 'Er', 'In']",Ag-Er-In,ErInAg2
mp-3252358,LiErInAg,0.0,-0.44899058875,0.0,True,True,4,8.343913455466375,4,"['Ag', 'Er', 'In', 'Li']",Ag-Er-In-Li,LiErInAg
mp-3222441,Er3In3AgPt2,0.0,-0.9438042694444432,0.0,True,True,9,11.550362736117364,4,"['Ag', 'Er', 'In', 'Pt']",Ag-Er-In-Pt,Er3In3AgPt2
mp-3230105,Er3In3Ag2Pt,0.0,-0.7377211533333311,0.0,True,True,9,10.515820655326786,4,"['Ag', 'Er', 'In', 'Pt']",Ag-Er-In-Pt,Er3In3Ag2Pt
mp-977416,Er2AgIr,0.0,-0.6483532254166651,0.018923199999997,True,False,4,12.426614152901603,3,"['Ag', 'Er', 'Ir']",Ag-Er-Ir,Er2AgIr
mp-3230940,Er3AgSn3Ir2,0.0,-0.851251058333326,0.0,True,True,9,11.688826009196712,4,"['Ag', 'Er', 'Ir', 'Sn']",Ag-Er-Ir-Sn,Er3AgSn3Ir2
mp-3250497,LiEr2Ag3O8,1.0599,-1.7478664398809511,0.0,False,True,14,8.000670161864912,4,"['Ag', 'Er', 'Li', 'O']",Ag-Er-Li-O,LiEr2Ag3O8
mp-3249268,LiEr2Si3Ag,0.0,-0.6110538969047631,0.0,True,True,14,6.979868500870987,4,"['Ag', 'Er', 'Li', 'Si']",Ag-Er-Li-Si,LiEr2Si3Ag
mp-1184233,ErMgAg2,0.0,-0.295765719583332,0.0,True,True,4,8.24824953490995,3,"['Ag', 'Er', 'Mg']",Ag-Er-Mg,ErMgAg2
mp-1079097,ErMgAg,0.0,-0.253396792222218,0.0,True,True,9,7.295599894832175,3,"['Ag', 'Er', 'Mg']",Ag-Er-Mg,ErMgAg
mp-3251423,Er2Ni2Ag,0.0,-0.41714809433333,3.756249999042893e-05,True,False,5,9.935665851404549,3,"['Ag', 'Er', 'Ni']",Ag-Er-Ni,Er2Ni2Ag
mp-1213131,ErTa5Ag2O15,2.508499999999999,-2.991201828478261,0.063202183478253,False,False,46,8.168970037164392,4,"['Ag', 'Er', 'O', 'Ta']",Ag-Er-O-Ta,ErTa5Ag2O15
mp-3249373,TbEr(AgO2)4,0.0,-1.533961651666666,0.0,True,True,14,8.43256567716629,4,"['Ag', 'Er', 'O', 'Tb']",Ag-Er-O-Tb,TbEr(AgO2)4
mp-17335,ErAg(WO4)2,3.1912,-2.378641556805554,0.004806469427087,False,False,24,8.119179211172975,4,"['Ag', 'Er', 'O', 'W']",Ag-Er-O-W,ErAg(WO4)2
mp-3245032,YbEr(AgO2)4,0.0,-1.511847477738095,0.024903404017862,True,False,14,8.7377100996119,4,"['Ag', 'Er', 'O', 'Yb']",Ag-Er-O-Yb,YbEr(AgO2)4
mp-1184131,Er2AgOs,0.0,-0.319309517916666,0.014056422249999,True,False,4,12.85852463822654,3,"['Ag', 'Er', 'Os']",Ag-Er-Os,Er2AgOs
mp-13384,ErAg(PSe3)2,1.7618,-0.833160903001487,0.0,False,True,20,4.611299664482155,4,"['Ag', 'Er', 'P', 'Se']",Ag-Er-P-Se,ErAg(PSe3)2
mp-16745,ErAgPb,0.0,-0.34986318055555,0.0,True,True,9,11.10090598813402,3,"['Ag', 'Er', 'Pb']",Ag-Er-Pb,ErAgPb
mp-1225878,Er3(AgPb2)2,0.0,-0.14466476759259,0.19147806093434,True,False,18,10.467473017420415,3,"['Ag', 'Er', 'Pb']",Ag-Er-Pb,Er3(AgPb2)2
mp-3222611,Er4AgPt3Pb2,0.0,-1.014173401833329,0.0,True,True,10,13.16130372150209,4,"['Ag', 'Er', 'Pb', 'Pt']",Ag-Er-Pb-Pt,Er4AgPt3Pb2
mp-1184085,Er2AgPt,0.0,-0.8117368754166651,0.013385645624998,True,False,4,12.43936611527324,3,"['Ag', 'Er', 'Pt']",Ag-Er-Pt,Er2AgPt
mp-3334205,Er4AgPt3,0.0,-1.169992314791663,0.0,True,True,8,13.01190519160856,3,"['Ag', 'Er', 'Pt']",Ag-Er-Pt,Er4AgPt3
mp-3245819,ErZn3AgPt,0.0,-0.586228867222222,0.0,True,True,6,11.196982373967511,4,"['Ag', 'Er', 'Pt', 'Zn']",Ag-Er-Pt-Zn,ErZn3AgPt
mp-3253238,ErZn3AgRh,0.0,-0.489776427222222,0.0,True,True,6,9.79524496356963,4,"['Ag', 'Er', 'Rh', 'Zn']",Ag-Er-Rh-Zn,ErZn3AgRh
mp-862978,Er2AgRu,0.0,-0.393686707916665,0.0,True,True,4,11.007882832708242,3,"['Ag', 'Er', 'Ru']",Ag-Er-Ru,Er2AgRu
mp-3329518,Er3AgRu2,0.0,-0.479972810833335,0.0,True,True,6,11.090456152016204,3,"['Ag', 'Er', 'Ru']",Ag-Er-Ru,Er3AgRu2
mp-1079321,ErAgS2,0.7963999999999991,-1.550268207916665,0.016041711666665,False,False,8,6.563924850088671,3,"['Ag', 'Er', 'S']",Ag-Er-S,ErAgS2
mp-1206696,Er2AgSb3,0.112899999999999,2.215828888055556,3.007397711111111,False,False,6,0.418355608047713,3,"['Ag', 'Er', 'Sb']",Ag-Er-Sb,Er2AgSb3
mp-33882,ErAgSe2,0.409,-1.39271070533854,0.039743874375,False,False,8,7.338905555832217,3,"['Ag', 'Er', 'Se']",Ag-Er-Se,ErAgSe2
mp-1084844,ErSiAg,0.0,-0.5665832861111101,0.0,True,True,9,8.650915768301424,3,"['Ag', 'Er', 'Si']",Ag-Er-Si,ErSiAg
mp-3231229,Er3Zn3Si2Ag,0.0,-0.61995043111111,0.0,True,True,9,8.460981459427106,4,"['Ag', 'Er', 'Si', 'Zn']",Ag-Er-Si-Zn,Er3Zn3Si2Ag
mp-13265,ErAgSn,0.0,-0.544858579444438,0.02046050777778,True,False,9,9.48281433712145,3,"['Ag', 'Er', 'Sn']",Ag-Er-Sn,ErAgSn
mp-1225506,ErAgSn2,0.0,-0.414122677916665,0.009866637499999,True,False,4,9.243080669606885,3,"['Ag', 'Er', 'Sn']",Ag-Er-Sn,ErAgSn2
mp-3248126,ErTh(AgSn)2,0.0,-0.5363986605555531,0.0,True,True,6,9.717887798302575,4,"['Ag', 'Er', 'Sn', 'Th']",Ag-Er-Sn-Th,ErTh(AgSn)2
mp-3251495,SrErAgTe3,1.1693,-1.38712021972222,0.0,False,True,12,6.686797295597159,4,"['Ag', 'Er', 'Sr', 'Te']",Ag-Er-Sr-Te,SrErAgTe3
mp-3261123,Er12Tc3Ag,0.0,-0.142489987187499,0.0,True,True,16,9.563293514313743,3,"['Ag', 'Er', 'Tc']",Ag-Er-Tc,Er12Tc3Ag
mp-1184130,Er2TcAg,0.0,-0.161452126666665,0.0941347128125,True,False,4,10.592944635483825,3,"['Ag', 'Er', 'Tc']",Ag-Er-Tc,Er2TcAg
mp-12902,ErAgTe2,0.8936000000000001,-1.108093612499997,0.0,False,True,8,7.527976527102085,3,"['Ag', 'Er', 'Te']",Ag-Er-Te,ErAgTe2
mp-1213175,Er7(AgTe)2,0.0,-0.643639700606057,0.0,True,True,11,9.098650826965724,3,"['Ag', 'Er', 'Te']",Ag-Er-Te,Er7(AgTe)2
mp-863667,Er2TlAg,0.0,-0.335633251250001,0.0,True,True,4,10.962640938300384,3,"['Ag', 'Er', 'Tl']",Ag-Er-Tl,Er2TlAg
mp-1184253,ErTmAg2,0.0,-0.335663275833334,0.006416204999998,True,False,4,10.109494922580696,3,"['Ag', 'Er', 'Tm']",Ag-Er-Tm,ErTmAg2
mp-972420,YErAg2,0.0,-0.321682360833331,0.000587837500001,True,False,4,8.411944932100043,3,"['Ag', 'Er', 'Y']",Ag-Er-Y,YErAg2
mp-1184083,Er2ZnAg,0.0,-0.336409840416665,0.011313474999999,True,False,4,9.477851721198087,3,"['Ag', 'Er', 'Zn']",Ag-Er-Zn,Er2ZnAg
mp-3309979,Er2Zn3Ag4,0.0,-0.336512165740742,0.0,True,True,18,9.77702663652416,3,"['Ag', 'Er', 'Zn']",Ag-Er-Zn,Er2Zn3Ag4
mp-621667,Eu3Ag2,0.0,-0.265528419999998,0.0,True,True,10,7.20001108815874,2,"['Ag', 'Eu']",Ag-Eu,Eu3Ag2
mp-623782,EuAg,0.2822,2.188915018749998,2.498425038749999,False,False,8,0.227689149284349,2,"['Ag', 'Eu']",Ag-Eu,EuAg
mp-542568,EuAg5,0.0,-0.173007971666668,0.0,True,True,6,9.001541131324979,2,"['Ag', 'Eu']",Ag-Eu,EuAg5
mp-1184295,Eu3Ag,0.0,-0.035898607500001,0.130056655000004,True,False,4,7.041714201335223,2,"['Ag', 'Eu']",Ag-Eu,Eu3Ag
mp-1184357,EuAg3,0.0,-0.1499757825,0.090999226666667,True,False,4,8.434447105760697,2,"['Ag', 'Eu']",Ag-Eu,EuAg3
mp-1436,EuAg2,0.0,-0.308942046666667,0.0,True,True,6,8.368095474534364,2,"['Ag', 'Eu']",Ag-Eu,EuAg2
mp-1225128,EuGa3Ag,0.0,-0.468938030000003,0.0,True,True,5,7.660098194618395,3,"['Ag', 'Eu', 'Ga']",Ag-Eu-Ga,EuGa3Ag
mp-1225134,EuGaAg4,0.0,-0.233627699166665,0.011971512500004,True,False,6,8.768192855441692,3,"['Ag', 'Eu', 'Ga']",Ag-Eu-Ga,EuGaAg4
mp-1225220,EuGaAg,0.0,-0.457630447500003,0.014583830000002,True,False,6,7.598881063472798,3,"['Ag', 'Eu', 'Ga']",Ag-Eu-Ga,EuGaAg
mp-1225364,Eu2Ga7Ag,0.0,-0.493423524500002,0.0,True,True,10,7.396501906818019,3,"['Ag', 'Eu', 'Ga']",Ag-Eu-Ga,Eu2Ga7Ag
mp-1225457,Eu2GaAg3,0.0,-0.379941533750004,0.01063662833333,True,False,6,7.868727809213547,3,"['Ag', 'Eu', 'Ga']",Ag-Eu-Ga,Eu2GaAg3
mp-1183896,Eu2AgGe,0.0,-0.554516290312502,0.032780057187501,True,False,4,7.576939835838615,3,"['Ag', 'Eu', 'Ge']",Ag-Eu-Ge,Eu2AgGe
mp-1206337,Eu(AgGe)2,0.0,-0.400670436999999,0.0,True,True,5,8.187646304483948,3,"['Ag', 'Eu', 'Ge']",Ag-Eu-Ge,Eu(AgGe)2
mp-1225254,EuAgGe,0.0,-0.5283396078571581,0.010335303809522,True,False,6,7.84646408860708,3,"['Ag', 'Eu', 'Ge']",Ag-Eu-Ge,EuAgGe
mp-3265431,Eu5Ag2Hg,0.0,-0.340873033437496,0.0,True,True,16,7.698041507315541,3,"['Ag', 'Eu', 'Hg']",Ag-Eu-Hg,Eu5Ag2Hg
mp-1183893,Eu2AgHg,0.0,-0.438785538125003,0.0222313075,True,False,4,9.027745917618525,3,"['Ag', 'Eu', 'Hg']",Ag-Eu-Hg,Eu2AgHg
mp-1184389,EuAgHg2,0.0,-0.378902198611115,0.027776018888886,True,False,4,10.83997700426711,3,"['Ag', 'Eu', 'Hg']",Ag-Eu-Hg,EuAgHg2
mp-3327916,Eu2Ag3Hg,0.0,-0.371675200416665,0.0,True,True,6,9.168925487633942,3,"['Ag', 'Eu', 'Hg']",Ag-Eu-Hg,Eu2Ag3Hg
mp-3248640,EuHo(AgPb)2,0.0,-0.484935011666664,0.0,True,True,6,10.039217725454302,4,"['Ag', 'Eu', 'Ho', 'Pb']",Ag-Eu-Ho-Pb,EuHo(AgPb)2
mp-3265991,EuInAg5,0.0,-0.21531394285714,0.0,True,True,7,9.255539516810558,3,"['Ag', 'Eu', 'In']",Ag-Eu-In,EuInAg5
mp-3267115,EuIn4Ag,0.0,-0.363483264999999,0.0,True,True,12,7.901508549480603,3,"['Ag', 'Eu', 'In']",Ag-Eu-In,EuIn4Ag
mp-1184437,EuInAg2,0.0,-0.263443793749999,0.026052587291665,True,False,4,8.460613160201332,3,"['Ag', 'Eu', 'In']",Ag-Eu-In,EuInAg2
mp-1103870,Eu(In2Ag)4,0.0,-0.068865178076921,0.052605025783474,True,False,13,7.09097469019454,3,"['Ag', 'Eu', 'In']",Ag-Eu-In,Eu(In2Ag)4
mp-1185198,LaEuAg2,0.0,-0.279266988333334,0.0,True,True,4,7.454868774511639,3,"['Ag', 'Eu', 'La']",Ag-Eu-La,LaEuAg2
mp-3253657,Li2Eu(AgP)2,0.0,-0.7291014420408141,0.0,True,True,7,5.894575840513804,4,"['Ag', 'Eu', 'Li', 'P']",Ag-Eu-Li-P,Li2Eu(AgP)2
mp-3241294,LiEu(AgSb)2,0.0,-0.6164805052777781,0.0,True,True,6,7.333542907281067,4,"['Ag', 'Eu', 'Li', 'Sb']",Ag-Eu-Li-Sb,LiEu(AgSb)2
mp-3248396,Li2Eu(AgSb)2,0.0,-0.679267866904759,0.0,True,True,7,6.617955046614958,4,"['Ag', 'Eu', 'Li', 'Sb']",Ag-Eu-Li-Sb,Li2Eu(AgSb)2
mp-3240718,EuLu(AgSn)2,0.0,-0.571978056944445,0.0,True,True,6,8.745418579436455,4,"['Ag', 'Eu', 'Lu', 'Sn']",Ag-Eu-Lu-Sn,EuLu(AgSn)2
mp-1212683,EuMgAg,0.0,-0.25962592638889,0.0,True,True,12,6.019447341082463,3,"['Ag', 'Eu', 'Mg']",Ag-Eu-Mg,EuMgAg
mp-1234028,Eu2MgAg2(WO4)4,0.208,-2.236961159533334,0.118645957016667,False,False,25,7.079192130734801,5,"['Ag', 'Eu', 'Mg', 'O', 'W']",Ag-Eu-Mg-O-W,Eu2MgAg2(WO4)4
mp-1186310,NdEuAg2,0.0,-0.266369508124999,0.028045937500003,True,False,4,8.037623024371927,3,"['Ag', 'Eu', 'Nd']",Ag-Eu-Nd,NdEuAg2
mp-3222419,NdEu2(AgSn)4,0.0,-0.533921510681817,0.0,True,True,11,8.213031326361964,4,"['Ag', 'Eu', 'Nd', 'Sn']",Ag-Eu-Nd-Sn,NdEu2(AgSn)4
mp-756690,EuAgO2,0.0,-2.123101837916653,0.148493706875013,True,False,8,6.899970922030883,3,"['Ag', 'Eu', 'O']",Ag-Eu-O,EuAgO2
mp-1077622,EuAgO3,0.0,-1.506662538333333,0.403265286833333,True,False,5,7.474642543153219,3,"['Ag', 'Eu', 'O']",Ag-Eu-O,EuAgO3
mp-1099927,Eu2Ag2O5,0.0,-1.784846327592594,0.325836988888889,True,False,18,7.338139405974353,3,"['Ag', 'Eu', 'O']",Ag-Eu-O,Eu2Ag2O5
mp-3342070,Eu3AgO6,0.0,-2.361681365250001,0.0,True,True,10,7.65561207409884,3,"['Ag', 'Eu', 'O']",Ag-Eu-O,Eu3AgO6
mp-505238,EuTiAgO4,0.0,-2.659671293928572,0.141835639642858,True,False,28,6.636625469054171,4,"['Ag', 'Eu', 'O', 'Ti']",Ag-Eu-O-Ti,EuTiAgO4
mp-1213000,EuAg(WO4)2,0.0,-2.190667383055556,0.027104869583338,True,False,24,7.442497695964133,4,"['Ag', 'Eu', 'O', 'W']",Ag-Eu-O-W,EuAg(WO4)2
mp-20482,EuAgP,0.0,-0.890965169325397,0.0,True,True,6,7.242423008438473,3,"['Ag', 'Eu', 'P']",Ag-Eu-P,EuAgP
mp-1184199,Eu2AgPb,0.0,-0.444984052916668,0.0,True,True,4,8.644517415537802,3,"['Ag', 'Eu', 'Pb']",Ag-Eu-Pb,Eu2AgPb
mp-1184463,EuAg2Pb,0.0,-0.260701514583333,0.00809309277778,True,False,4,10.033699891851295,3,"['Ag', 'Eu', 'Pb']",Ag-Eu-Pb,EuAg2Pb
mp-3247414,PrEu2(AgPb)3,0.0,-0.516454160740737,0.0,True,True,9,9.487956469419007,4,"['Ag', 'Eu', 'Pb', 'Pr']",Ag-Eu-Pb-Pr,PrEu2(AgPb)3
mp-3252794,SrEu2(AgPb)3,0.0,-0.49314872833333,0.0,True,True,9,8.911799411227818,4,"['Ag', 'Eu', 'Pb', 'Sr']",Ag-Eu-Pb-Sr,SrEu2(AgPb)3
mp-3247036,YbEu2(AgPb)3,0.0,-0.468722807777775,0.0,True,True,9,9.987220672828292,4,"['Ag', 'Eu', 'Pb', 'Yb']",Ag-Eu-Pb-Yb,YbEu2(AgPb)3
mp-1183902,Eu2AgPd,0.0,-0.482664801666672,0.027295416458329,True,False,4,8.48074228173702,3,"['Ag', 'Eu', 'Pd']",Ag-Eu-Pd,Eu2AgPd
mp-3328713,Eu2AgPd3,0.0,-0.643278237499998,0.0,True,True,6,9.98451523459221,3,"['Ag', 'Eu', 'Pd']",Ag-Eu-Pd,Eu2AgPd3
mp-1186519,PrEuAg2,0.0,-0.264673449999999,0.001910860625001,True,False,4,7.888066246867639,3,"['Ag', 'Eu', 'Pr']",Ag-Eu-Pr,PrEuAg2
mp-3282374,Eu6Ag16Pt,0.0,-0.309352512608696,0.0,True,True,23,9.10826552618084,3,"['Ag', 'Eu', 'Pt']",Ag-Eu-Pt,Eu6Ag16Pt
mp-1183904,Eu2AgPt,0.0,-0.6038651929166681,0.046861390625002,True,False,4,9.942584702645332,3,"['Ag', 'Eu', 'Pt']",Ag-Eu-Pt,Eu2AgPt
mp-3239906,EuAgPt4,0.0,-0.64703635666666,0.0,True,True,6,15.772380318573129,3,"['Ag', 'Eu', 'Pt']",Ag-Eu-Pt,EuAgPt4
mp-3231320,RbEu(AgTe2)2,0.0,-0.8374351470312541,0.0,True,True,8,6.487975179597664,4,"['Ag', 'Eu', 'Rb', 'Te']",Ag-Eu-Rb-Te,RbEu(AgTe2)2
mp-1183909,Eu2AgRh,0.0,-0.331835102125001,0.037133641749999,True,False,4,8.701577286463081,3,"['Ag', 'Eu', 'Rh']",Ag-Eu-Rh,Eu2AgRh
mp-3315660,Eu2Ag6Rh,0.0,-0.252561606111107,0.0,True,True,18,9.551809898655168,3,"['Ag', 'Eu', 'Rh']",Ag-Eu-Rh,Eu2Ag6Rh
mp-1183942,Eu2AgSb,0.0,-0.7561822879166691,0.03746616982143,True,False,4,7.571044945423845,3,"['Ag', 'Eu', 'Sb']",Ag-Eu-Sb,Eu2AgSb
mp-1078223,Eu(Ag2Sb)2,0.0,-0.362122011666667,0.0,True,True,7,8.590856417291969,3,"['Ag', 'Eu', 'Sb']",Ag-Eu-Sb,Eu(Ag2Sb)2
mp-22707,EuAgSb,0.0,-0.7919771855555591,0.0,True,True,6,7.780250255163764,3,"['Ag', 'Eu', 'Sb']",Ag-Eu-Sb,EuAgSb
mp-3231523,EuY(AgSb2)2,0.0,-0.662738484375001,0.008610983124995,True,False,8,7.706777400523404,4,"['Ag', 'Eu', 'Sb', 'Y']",Ag-Eu-Sb-Y,EuY(AgSb2)2
mp-3239908,EuSc(AgSn)2,0.0,-0.529464451666669,0.0,True,True,6,7.441537017950447,4,"['Ag', 'Eu', 'Sc', 'Sn']",Ag-Eu-Sc-Sn,EuSc(AgSn)2
mp-1191372,Eu2Si3Ag,0.0,-0.518799680277779,0.0,True,True,24,6.088081974101126,3,"['Ag', 'Eu', 'Si']",Ag-Eu-Si,Eu2Si3Ag
mp-22653,Eu(SiAg)2,0.0,-0.317373337666664,0.0,True,True,5,7.237473062886595,3,"['Ag', 'Eu', 'Si']",Ag-Eu-Si,Eu(SiAg)2
mp-1225142,EuSiAg,0.0,-0.33514202888889,0.109467589444442,True,False,3,6.618161833173471,3,"['Ag', 'Eu', 'Si']",Ag-Eu-Si,EuSiAg
mp-865192,EuAg2Sn,0.0,-0.35678689625,0.049717458750002,True,False,4,8.893902914450653,3,"['Ag', 'Eu', 'Sn']",Ag-Eu-Sn,EuAg2Sn
mp-1183890,Eu2AgSn,0.0,-0.5876666862500031,0.012993318125001,True,False,4,7.593391244429776,3,"['Ag', 'Eu', 'Sn']",Ag-Eu-Sn,Eu2AgSn
mp-1225251,EuAgSn,0.0,-0.528586703333331,0.013419103333347,True,False,6,7.985020809373622,3,"['Ag', 'Eu', 'Sn']",Ag-Eu-Sn,EuAgSn
mp-3252580,TbEu2(AgSn)3,0.0,-0.6140217638888871,0.0,True,True,9,8.333173498452453,4,"['Ag', 'Eu', 'Sn', 'Tb']",Ag-Eu-Sn-Tb,TbEu2(AgSn)3
mp-3252791,YbEu2(AgSn)3,0.0,-0.5828073166666611,0.0,True,True,9,8.465591716271245,4,"['Ag', 'Eu', 'Sn', 'Yb']",Ag-Eu-Sn-Yb,YbEu2(AgSn)3
mp-1187684,YbEuAg2,0.0,-0.259735697499998,0.079300290000002,True,False,4,9.202116574892164,3,"['Ag', 'Eu', 'Yb']",Ag-Eu-Yb,YbEuAg2
mp-3275301,EuZn10Ag,0.0,-0.232697912916667,0.0,True,True,24,7.93830186543714,3,"['Ag', 'Eu', 'Zn']",Ag-Eu-Zn,EuZn10Ag
mp-1184356,Eu2ZnAg,0.0,-0.267360897916669,0.012172680625001,True,False,4,7.403124550815156,3,"['Ag', 'Eu', 'Zn']",Ag-Eu-Zn,Eu2ZnAg
mp-3241320,Eu2ZnAg3,0.0,-0.312042754999997,0.0,True,True,6,8.09950361527956,3,"['Ag', 'Eu', 'Zn']",Ag-Eu-Zn,Eu2ZnAg3
mp-7592,AgF,0.0,-1.122615552499999,0.0,True,True,2,7.067923081136195,2,"['Ag', 'F']",Ag-F,AgF
mp-542298,Ag2F5,0.0,-1.229926874642856,0.0,True,True,28,5.361662383872384,2,"['Ag', 'F']",Ag-F,Ag2F5
mp-562412,Ag3F8,0.306899999999999,-1.19802818272727,0.0,False,True,22,5.367513968524786,2,"['Ag', 'F']",Ag-F,Ag3F8
mp-7715,AgF2,0.0,-1.277155026666665,0.034467127499999,True,False,6,5.487610104183603,2,"['Ag', 'F']",Ag-F,AgF2
mp-861945,Ag2F3,0.0,-1.200418772999999,0.035600740500001,True,False,10,5.9469347301427815,2,"['Ag', 'F']",Ag-F,Ag2F3
mp-1183244,Ag3F,0.0,-0.409791580416666,0.218948429583331,True,False,8,8.506404503323726,2,"['Ag', 'F']",Ag-F,Ag3F
mp-1391,Ag2F,0.0,-0.8383200133333321,0.0,True,True,3,8.762918242663323,2,"['Ag', 'F']",Ag-F,Ag2F
mp-18536,AgF3,0.208499999999999,-1.128947433749999,0.0,False,True,24,4.91226665319555,2,"['Ag', 'F']",Ag-F,AgF3
mp-1205935,FeAg3F6,0.0,-1.6917759174999991,0.104331179666667,True,False,10,5.177966933695217,3,"['Ag', 'F', 'Fe']",Ag-F-Fe,FeAg3F6
mp-1112286,K2FeAgF6,2.1064,-2.555641053616666,0.013700425625001,False,False,10,3.550135076536538,4,"['Ag', 'F', 'Fe', 'K']",Ag-F-Fe-K,K2FeAgF6
mp-1111363,Li2FeAgF6,1.5286,-2.234536440833333,0.353407980111108,False,False,10,3.318335428435308,4,"['Ag', 'F', 'Fe', 'Li']",Ag-F-Fe-Li,Li2FeAgF6
mp-3215138,MgFeAg2F7,1.3596,-2.4161031509090902,0.0,False,True,22,4.952614847007031,4,"['Ag', 'F', 'Fe', 'Mg']",Ag-F-Fe-Mg,MgFeAg2F7
mp-1111331,Na2FeAgF6,1.7821,-2.389226476442528,0.139219600874999,False,False,10,3.366602992307697,4,"['Ag', 'F', 'Fe', 'Na']",Ag-F-Fe-Na,Na2FeAgF6
mp-1212687,FeNiAg2F7,0.7212000000000001,-2.03957492621212,0.002156566060611,False,False,22,5.029823046167563,4,"['Ag', 'F', 'Fe', 'Ni']",Ag-F-Fe-Ni,FeNiAg2F7
mp-1213409,Fe4AgP(XeF3)2,0.0644,-0.826279714736394,0.924423642380954,False,False,28,2.988277755961142,5,"['Ag', 'F', 'Fe', 'P', 'Xe']",Ag-F-Fe-P-Xe,Fe4AgP(XeF3)2
mp-3212229,Fe2AgPbF9,0.5887,-2.360261548461538,0.0,False,True,26,5.674187970222808,4,"['Ag', 'F', 'Fe', 'Pb']",Ag-F-Fe-Pb,Fe2AgPbF9
mp-1209325,RbFeAgF6,0.281399999999999,-2.353121934351852,0.019913889722224,False,False,36,3.92810136132979,4,"['Ag', 'F', 'Fe', 'Rb']",Ag-F-Fe-Rb,RbFeAgF6
mp-1212957,Fe4AgXeF5,0.0,-0.9284423056060592,0.8378586114393941,True,False,22,4.658665580961817,4,"['Ag', 'F', 'Fe', 'Xe']",Ag-F-Fe-Xe,Fe4AgXeF5
mp-3206370,ZnFeAg2F7,0.712699999999999,-2.062484029545453,0.0,False,True,22,5.341799896633754,4,"['Ag', 'F', 'Fe', 'Zn']",Ag-F-Fe-Zn,ZnFeAg2F7
mp-1207208,GaAg3F6,0.0,-1.734441366999999,0.082755484000012,True,False,10,5.413668104326036,3,"['Ag', 'F', 'Ga']",Ag-F-Ga,GaAg3F6
mp-1112284,K2GaAgF6,2.243,-2.684092103366666,0.0,False,True,10,3.750487051014523,4,"['Ag', 'F', 'Ga', 'K']",Ag-F-Ga-K,K2GaAgF6
mp-3208692,MgGaAg2F7,2.1144,-2.529751088181818,0.0,False,True,22,5.178505357407145,4,"['Ag', 'F', 'Ga', 'Mg']",Ag-F-Ga-Mg,MgGaAg2F7
mp-1111329,Na2GaAgF6,1.5786,-2.521764819192527,0.125292953666668,False,False,10,3.578878070724826,4,"['Ag', 'F', 'Ga', 'Na']",Ag-F-Ga-Na,Na2GaAgF6
mp-3209476,GaNiAg2F7,1.7198,-2.09165269090909,0.0,False,True,22,5.559575569982957,4,"['Ag', 'F', 'Ga', 'Ni']",Ag-F-Ga-Ni,GaNiAg2F7
mp-1110609,Rb2GaAgF6,2.4254,-2.697439552416666,0.0,False,True,10,4.525367805867886,4,"['Ag', 'F', 'Ga', 'Rb']",Ag-F-Ga-Rb,Rb2GaAgF6
mp-1209226,RbGaAgF6,0.090799999999999,-2.4916727293518512,0.0,False,True,36,4.246635928495443,4,"['Ag', 'F', 'Ga', 'Rb']",Ag-F-Ga-Rb,RbGaAgF6
mp-3204507,GaAg6RhF12,1.2026,-1.65018599,0.0,False,True,20,6.268985856880449,4,"['Ag', 'F', 'Ga', 'Rh']",Ag-F-Ga-Rh,GaAg6RhF12
mp-3214038,SrGaAgF6,3.0591,-2.9528912305555552,0.0,False,True,36,4.992923421659297,4,"['Ag', 'F', 'Ga', 'Sr']",Ag-F-Ga-Sr,SrGaAgF6
mp-3204924,ZnGaAg2F7,1.8526,-2.180456422727273,0.0,False,True,22,5.549309646931126,4,"['Ag', 'F', 'Ga', 'Zn']",Ag-F-Ga-Zn,ZnGaAg2F7
mp-3211534,AgGeF5,2.1413,-2.192408373571429,0.0,False,True,28,4.382390508401711,3,"['Ag', 'F', 'Ge']",Ag-F-Ge,AgGeF5
mp-3201397,AgGeF6,0.9758,-2.109186353124999,0.0,False,True,8,4.7365424164134025,3,"['Ag', 'F', 'Ge']",Ag-F-Ge,AgGeF6
mp-3202971,Ag2GeF6,2.586299999999999,-1.99159193111111,0.0,False,True,9,5.772763771442612,3,"['Ag', 'F', 'Ge']",Ag-F-Ge,Ag2GeF6
mp-690687,Ag2H2IOF,1.4591,-1.046624786547618,0.0,False,True,14,5.04416628656165,5,"['Ag', 'F', 'H', 'I', 'O']",Ag-F-H-I-O,Ag2H2IOF
mp-1229305,Ag14H8I4(OF2)5,0.0,-1.033485704593495,0.061202799207315,True,False,82,5.8758012793557794,5,"['Ag', 'F', 'H', 'I', 'O']",Ag-F-H-I-O,Ag14H8I4(OF2)5
mp-744084,MnAgH8(OF)4,0.302099999999999,-1.599134833866538,0.011407102222215,False,False,36,2.831755189841903,5,"['Ag', 'F', 'H', 'Mn', 'O']",Ag-F-H-Mn-O,MnAgH8(OF)4
mp-1203884,AgH12N4F,3.4709,-0.569223980648148,0.036429632083333,False,False,72,1.9217988802037231,4,"['Ag', 'F', 'H', 'N']",Ag-F-H-N,AgH12N4F
mp-1247850,AgPH6(NF3)2,3.2454,-1.587631682425595,0.034133484999999,False,False,64,2.251618629597248,5,"['Ag', 'F', 'H', 'N', 'P']",Ag-F-H-N-P,AgPH6(NF3)2
mp-28550,Hf2Ag3F14,0.1563,-2.752063400263158,0.02792317609648,False,False,19,5.566495926208028,3,"['Ag', 'F', 'Hf']",Ag-F-Hf,Hf2Ag3F14
mp-3336899,HfAg2F6,2.7432,-2.792681697777778,0.0,False,True,9,6.060539159899132,3,"['Ag', 'F', 'Hf']",Ag-F-Hf,HfAg2F6
mp-1212249,Hf3AgHg3F20,0.760899999999999,-3.043328345709878,0.0,False,True,54,6.215004719678908,4,"['Ag', 'F', 'Hf', 'Hg']",Ag-F-Hf-Hg,Hf3AgHg3F20
mp-1211819,K3Hf4Ag2F23,0.6645,-3.470602332815104,0.0,False,True,64,5.29867762684658,4,"['Ag', 'F', 'Hf', 'K']",Ag-F-Hf-K,K3Hf4Ag2F23
mp-3207571,Hf3Ag2OF12,3.4558,-3.464541937430558,0.0,False,True,36,7.439959972269789,4,"['Ag', 'F', 'Hf', 'O']",Ag-F-Hf-O,Hf3Ag2OF12
mp-3214864,Ag2HgF8,1.4852,-1.281279601136361,0.0,False,True,22,5.767007406466289,3,"['Ag', 'F', 'Hg']",Ag-F-Hg,Ag2HgF8
mp-1207441,Zr3AgHg3F20,0.751699999999999,-2.9631473068209893,0.0,False,True,54,5.34409455100057,4,"['Ag', 'F', 'Hg', 'Zr']",Ag-F-Hg-Zr,Zr3AgHg3F20
mp-1079461,Ag2IOF,0.0,-0.285906325666666,0.5675847296666661,True,False,10,5.551325674279469,4,"['Ag', 'F', 'I', 'O']",Ag-F-I-O,Ag2IOF
mp-1199846,AgSb3IF24,0.289399999999999,-2.261820224712643,0.0,False,True,58,3.658184373868095,4,"['Ag', 'F', 'I', 'Sb']",Ag-F-I-Sb,AgSb3IF24
mp-1206163,InAg3F6,0.0,-1.6455546849999991,0.151988479000001,True,False,10,5.265576788348592,3,"['Ag', 'F', 'In']",Ag-F-In,InAg3F6
mp-1112283,K2InAgF6,1.6678,-2.595298415283332,0.036784351250004,False,False,10,3.743980046061199,4,"['Ag', 'F', 'In', 'K']",Ag-F-In-K,K2InAgF6
mp-1111326,Na2InAgF6,1.0817,-2.38118393333333,0.173168064666677,False,False,10,3.5655846564407963,4,"['Ag', 'F', 'In', 'Na']",Ag-F-In-Na,Na2InAgF6
mp-1212006,InNiAg2F7,1.4768,-2.109511752727272,0.0,False,True,22,5.292395254968391,4,"['Ag', 'F', 'In', 'Ni']",Ag-F-In-Ni,InNiAg2F7
mp-1110608,Rb2InAgF6,1.8555,-2.621729162333333,0.0,False,True,10,4.463877681686978,4,"['Ag', 'F', 'In', 'Rb']",Ag-F-In-Rb,Rb2InAgF6
mp-3213654,ZnInAg2F7,1.543799999999999,-2.125220630454545,0.0,False,True,22,5.589493824358856,4,"['Ag', 'F', 'In', 'Zn']",Ag-F-In-Zn,ZnInAg2F7
mp-662534,AgIrF7,0.0,-1.490580648333332,0.0,True,True,36,5.048952232623909,3,"['Ag', 'F', 'Ir']",Ag-F-Ir,AgIrF7
mp-1112282,K2AgIrF6,1.515199999999999,-2.145001022616666,0.078480015833331,False,False,10,4.751637727885064,4,"['Ag', 'F', 'Ir', 'K']",Ag-F-Ir-K,K2AgIrF6
mp-1111325,Na2AgIrF6,1.1009,-1.9888569672083287,0.098434275375005,False,False,10,4.589681896877485,4,"['Ag', 'F', 'Ir', 'Na']",Ag-F-Ir-Na,Na2AgIrF6
mp-1110607,Rb2AgIrF6,1.4737,-2.166378665666666,0.065181803833331,False,False,10,5.483063944504249,4,"['Ag', 'F', 'Ir', 'Rb']",Ag-F-Ir-Rb,Rb2AgIrF6
mp-7387,KAgF4,1.459,-2.027953733152777,0.0,False,True,12,3.7929770876872593,3,"['Ag', 'F', 'K']",Ag-F-K,KAgF4
mp-13819,KAgF3,0.0,-2.107393218783332,0.006241319999999,True,False,5,4.220520618937506,3,"['Ag', 'F', 'K']",Ag-F-K,KAgF3
mp-1104293,K2AgF4,0.6126,-2.346519228023809,0.0,False,True,14,3.598414259607373,3,"['Ag', 'F', 'K']",Ag-F-K,K2AgF4
mp-3296677,K2Ag2F5,0.0,-2.053624654722221,0.0,True,True,18,4.538128616427095,3,"['Ag', 'F', 'K']",Ag-F-K,K2Ag2F5
mp-3326526,K3AgF6,1.3872,-2.323095951125,0.0,False,True,20,3.243691457288843,3,"['Ag', 'F', 'K']",Ag-F-K,K3AgF6
mp-1112281,K2MnAgF6,0.0,-2.591849508409769,0.017355058249998,True,False,10,3.624007924093724,4,"['Ag', 'F', 'K', 'Mn']",Ag-F-K-Mn,K2MnAgF6
mp-1110842,K2AgMoF6,2.5573,-2.563260360616666,0.003419428625002,False,False,10,3.661040876897081,4,"['Ag', 'F', 'K', 'Mo']",Ag-F-K-Mo,K2AgMoF6
mp-1112280,K2NbAgF6,0.0,-2.5928818616166662,0.338027871433336,True,False,10,3.53575348457338,4,"['Ag', 'F', 'K', 'Nb']",Ag-F-K-Nb,K2NbAgF6
mp-1110850,K2NdAgF6,2.4403,-3.093247290366665,0.124782431000005,False,False,10,3.537041640869759,4,"['Ag', 'F', 'K', 'Nd']",Ag-F-K-Nd,K2NdAgF6
mp-1112279,K2AgPdF6,0.0,-2.153241984616666,0.008841077999995,True,False,10,4.012697943152084,4,"['Ag', 'F', 'K', 'Pd']",Ag-F-K-Pd,K2AgPdF6
mp-1110849,K2PrAgF6,2.5361,-3.075195209783333,0.136082400500001,False,False,10,3.471208989577904,4,"['Ag', 'F', 'K', 'Pr']",Ag-F-K-Pr,K2PrAgF6
mp-1111950,K2AgRhF6,1.4182,-2.246720276616666,0.0,False,True,10,3.988046326716506,4,"['Ag', 'F', 'K', 'Rh']",Ag-F-K-Rh,K2AgRhF6
mp-1112276,K2AgRuF6,0.0,-2.222506260616666,0.043182169833334,True,False,10,3.89469832608438,4,"['Ag', 'F', 'K', 'Ru']",Ag-F-K-Ru,K2AgRuF6
mp-1110848,K2AgSbF6,2.0454,-2.4826720756166663,0.137509941083333,False,False,10,3.5542244400198792,4,"['Ag', 'F', 'K', 'Sb']",Ag-F-K-Sb,K2AgSbF6
mp-1112275,K2ScAgF6,3.0351,-3.171970405116666,0.026178685166668,False,False,10,3.248016670572745,4,"['Ag', 'F', 'K', 'Sc']",Ag-F-K-Sc,K2ScAgF6
mp-3213463,KSiAgF6,3.9833,-2.909925348472221,0.0,False,True,36,3.811336709268768,4,"['Ag', 'F', 'K', 'Si']",Ag-F-K-Si,KSiAgF6
mp-3206015,KAgSnF6,2.5094,-2.489254930972222,0.0,False,True,36,4.187502836848635,4,"['Ag', 'F', 'K', 'Sn']",Ag-F-K-Sn,KAgSnF6
mp-1110857,K2TaAgF6,0.3159,-2.656148408349999,0.38397992188667,False,False,10,3.008094679073356,4,"['Ag', 'F', 'K', 'Ta']",Ag-F-K-Ta,K2TaAgF6
mp-1112274,K2TiAgF6,0.0,-2.909961143949999,0.270896172833332,True,False,10,3.373723788863112,4,"['Ag', 'F', 'K', 'Ti']",Ag-F-K-Ti,K2TiAgF6
mp-1112272,K2TlAgF6,0.4485,-2.315529212949999,0.030782685958334,False,False,10,4.372672735613258,4,"['Ag', 'F', 'K', 'Tl']",Ag-F-K-Tl,K2TlAgF6
mp-1112271,K2VAgF6,0.0,-2.688357245616667,0.076745973875001,True,False,10,3.5016738366612272,4,"['Ag', 'F', 'K', 'V']",Ag-F-K-V,K2VAgF6
mp-1110847,K2YAgF6,2.6382,-3.154359353616666,0.085414066250006,False,False,10,3.290504066192214,4,"['Ag', 'F', 'K', 'Y']",Ag-F-K-Y,K2YAgF6
mp-560729,K3Zr4Ag2F23,0.7016999999999991,-3.388010796252604,0.008099496953127,False,False,64,3.978084268661533,4,"['Ag', 'F', 'K', 'Zr']",Ag-F-K-Zr,K3Zr4Ag2F23
mp-752460,LiAgF4,0.8422000000000001,-1.8638333536111111,0.013994644166673,False,False,24,4.478237136430551,3,"['Ag', 'F', 'Li']",Ag-F-Li,LiAgF4
mp-752525,LiAgF2,1.8535,-2.063166795416668,0.092613632499999,False,False,16,4.631411368716074,3,"['Ag', 'F', 'Li']",Ag-F-Li,LiAgF2
mp-752565,LiAg2F4,0.0,-1.74283791952381,0.051160391071428,True,False,28,4.8251977638659245,3,"['Ag', 'F', 'Li']",Ag-F-Li,LiAg2F4
mp-752605,LiAgF3,0.3228,-2.011502846833335,0.051048566999998,False,False,20,4.085859635628241,3,"['Ag', 'F', 'Li']",Ag-F-Li,LiAgF3
mp-752793,Li2AgF3,2.1243,-2.398338243888886,0.101830475833333,False,False,24,4.139801262745924,3,"['Ag', 'F', 'Li']",Ag-F-Li,Li2AgF3
mp-753279,LiAg5F12,0.0,-1.447104649537037,0.053252785833336,True,False,18,5.263524771402618,3,"['Ag', 'F', 'Li']",Ag-F-Li,LiAg5F12
mp-753316,Li2AgF5,0.827199999999999,-2.14043424791667,0.065173076249999,False,False,8,3.366979533311392,3,"['Ag', 'F', 'Li']",Ag-F-Li,Li2AgF5
mp-753326,LiAg2F6,0.0,-1.637494289351854,0.051598427222225,True,False,9,4.470980563831228,3,"['Ag', 'F', 'Li']",Ag-F-Li,LiAg2F6
mp-757872,Li2Ag3F6,0.1969,-1.857443443712118,0.068112000454545,False,False,11,5.23939590462436,3,"['Ag', 'F', 'Li']",Ag-F-Li,Li2Ag3F6
mp-758251,Li5AgF8,0.427699999999999,-2.590600095952382,0.036437790714284,False,False,14,3.138288068013849,3,"['Ag', 'F', 'Li']",Ag-F-Li,Li5AgF8
mp-758861,Li3AgF4,2.7265,-2.581184765,0.091178100625,False,False,64,3.315614970696445,3,"['Ag', 'F', 'Li']",Ag-F-Li,Li3AgF4
mp-759449,Li3Ag2F5,1.6273,-2.265562801749996,0.0968506012499999,False,False,40,4.008100938370788,3,"['Ag', 'F', 'Li']",Ag-F-Li,Li3Ag2F5
mp-760133,Li6Ag3F10,0.0935,-2.377792166447371,0.079716902631579,False,False,76,3.635753852687604,3,"['Ag', 'F', 'Li']",Ag-F-Li,Li6Ag3F10
mp-760273,LiAg2F5,0.0,-1.701232737239582,0.07972020421875,True,False,64,4.387939543701654,3,"['Ag', 'F', 'Li']",Ag-F-Li,LiAg2F5
mp-760781,Li2AgF4,0.5616999999999991,-2.331253538452383,0.053124700952381,False,False,42,3.162033162930116,3,"['Ag', 'F', 'Li']",Ag-F-Li,Li2AgF4
mp-765413,Li2AgF6,0.0,-1.966393560370369,0.0,True,True,18,3.931003012721358,3,"['Ag', 'F', 'Li']",Ag-F-Li,Li2AgF6
mp-849476,Li17Ag12F29,1.4076,-2.223470288333332,0.110442014655172,False,False,58,3.555746951091065,3,"['Ag', 'F', 'Li']",Ag-F-Li,Li17Ag12F29
mp-859118,LiAgF6,0.7593999999999991,-1.337932764583333,0.070438233749992,False,False,32,4.131594988923498,3,"['Ag', 'F', 'Li']",Ag-F-Li,LiAgF6
mp-867824,LiAg3F8,0.0,-1.5218604688888882,0.072864607083333,True,False,24,4.921349257185509,3,"['Ag', 'F', 'Li']",Ag-F-Li,LiAg3F8
mp-1111362,Li2MnAgF6,0.0,-2.307116700626436,0.335812251000001,True,False,10,3.13585169043202,4,"['Ag', 'F', 'Li', 'Mn']",Ag-F-Li-Mn,Li2MnAgF6
mp-1111146,Li2NiAgF6,0.0,-2.021007083083335,0.318591045999999,True,False,10,3.431792367513682,4,"['Ag', 'F', 'Li', 'Ni']",Ag-F-Li-Ni,Li2NiAgF6
mp-3211452,LiTi2Ag3F12,2.4685,-2.783608810555555,0.0,False,True,36,4.239846943004667,4,"['Ag', 'F', 'Li', 'Ti']",Ag-F-Li-Ti,LiTi2Ag3F12
mp-1369675,MgAgF5,0.0,-2.2766903580952382,0.109391666190475,True,False,28,3.834215731791506,3,"['Ag', 'F', 'Mg']",Ag-F-Mg,MgAgF5
mp-998358,MgAgF3,2.375099999999999,-2.748547396333332,0.033178936000001,False,False,5,4.951780314335952,3,"['Ag', 'F', 'Mg']",Ag-F-Mg,MgAgF3
mp-3288997,MnAgF4,0.931199999999999,-2.303128224913793,0.0,False,True,12,4.819947829225252,3,"['Ag', 'F', 'Mn']",Ag-F-Mn,MnAgF4
mp-1206344,MnAgF3,0.0,-1.339749738919539,0.9314960584999972,True,False,5,4.255890847975408,3,"['Ag', 'F', 'Mn']",Ag-F-Mn,MnAgF3
mp-3317755,MnAg2F6,1.2894,-2.040927164572158,0.0,False,True,27,4.791869413912978,3,"['Ag', 'F', 'Mn']",Ag-F-Mn,MnAg2F6
mp-1111324,Na2MnAgF6,0.0,-2.432016140235632,0.1579891867499999,True,False,10,3.435952456694674,4,"['Ag', 'F', 'Mn', 'Na']",Ag-F-Mn-Na,Na2MnAgF6
mp-3213198,MnAg6Pt2F18,1.3958,-1.618305865721582,0.0,False,True,27,5.681882725843992,4,"['Ag', 'F', 'Mn', 'Pt']",Ag-F-Mn-Pt,MnAg6Pt2F18
mp-1110606,Rb2MnAgF6,0.0,-2.6029656234597702,0.020272636999996,True,False,10,4.403123741487128,4,"['Ag', 'F', 'Mn', 'Rb']",Ag-F-Mn-Rb,Rb2MnAgF6
mp-3301506,Rb2Mn3AgF12,1.1099,-2.772119620052682,0.0,False,True,36,4.070798992912822,4,"['Ag', 'F', 'Mn', 'Rb']",Ag-F-Mn-Rb,Rb2Mn3AgF12
mp-3201300,AgMoF6,0.2772,-2.306819655625,0.0,False,True,8,4.363424217387386,3,"['Ag', 'F', 'Mo']",Ag-F-Mo,AgMoF6
mp-1111323,Na2AgMoF6,1.7775,-2.418915739499999,0.148651267124998,False,False,10,3.470178620487937,4,"['Ag', 'F', 'Mo', 'Na']",Ag-F-Mo-Na,Na2AgMoF6
mp-3208982,AgMoO3F,2.2185,-1.828430512708334,0.0,False,True,12,5.388095419096671,4,"['Ag', 'F', 'Mo', 'O']",Ag-F-Mo-O,AgMoO3F
mp-3212502,Ag2Mo(OF2)2,1.897,-1.883922046944443,0.0,False,True,18,5.3868184769272585,4,"['Ag', 'F', 'Mo', 'O']",Ag-F-Mo-O,Ag2Mo(OF2)2
mp-1110784,Rb2AgMoF6,2.6738,-2.5906074216666672,0.0,False,True,10,4.676849538631881,4,"['Ag', 'F', 'Mo', 'Rb']",Ag-F-Mo-Rb,Rb2AgMoF6
mp-1197801,Ag3P2N(O3F)2,0.0,-1.370495817091836,0.389157554107144,True,False,56,4.116528621080972,5,"['Ag', 'F', 'N', 'O', 'P']",Ag-F-N-O-P,Ag3P2N(O3F)2
mp-7386,NaAgF4,1.546399999999998,-1.8731128199999991,0.0,False,True,12,4.420039617235297,3,"['Ag', 'F', 'Na']",Ag-F-Na,NaAgF4
mp-1104717,Na2AgF4,0.561299999999999,-2.270849716428571,0.0,False,True,14,4.075163481497007,3,"['Ag', 'F', 'Na']",Ag-F-Na,Na2AgF4
mp-1111091,Na2NbAgF6,0.0,-2.365670392166666,0.450892345333334,True,False,10,3.329385688489867,4,"['Ag', 'F', 'Na', 'Nb']",Ag-F-Na-Nb,Na2NbAgF6
mp-1189708,Na3Ag3W2(OF)6,2.323699999999999,-2.143203441456896,0.001897866968749,False,False,20,5.605323248637883,5,"['Ag', 'F', 'Na', 'O', 'W']",Ag-F-Na-O-W,Na3Ag3W2(OF)6
mp-1111321,Na2AgPdF6,0.0,-1.911347691916671,0.135771390333324,True,False,10,3.823244810157458,4,"['Ag', 'F', 'Na', 'Pd']",Ag-F-Na-Pd,Na2AgPdF6
mp-3203480,Rb2NaAgF6,1.146199999999999,-2.351600057749999,0.0,False,True,10,4.345077078296859,4,"['Ag', 'F', 'Na', 'Rb']",Ag-F-Na-Rb,Rb2NaAgF6
mp-1111320,Na2AgRhF6,1.4496,-2.077397621442528,0.073441636500001,False,False,10,3.8036676091538673,4,"['Ag', 'F', 'Na', 'Rh']",Ag-F-Na-Rh,Na2AgRhF6
mp-1111319,Na2AgRuF6,0.0,-2.115148350499999,0.122365512000001,True,False,10,3.711240235404635,4,"['Ag', 'F', 'Na', 'Ru']",Ag-F-Na-Ru,Na2AgRuF6
mp-1111317,Na2AgSbF6,1.666799999999999,-2.297960701442528,0.289991674333332,False,False,10,3.386201793738274,4,"['Ag', 'F', 'Na', 'Sb']",Ag-F-Na-Sb,Na2AgSbF6
mp-1111316,Na2ScAgF6,1.7086,-2.957031199833333,0.167160176333336,False,False,10,3.04949110916215,4,"['Ag', 'F', 'Na', 'Sc']",Ag-F-Na-Sc,Na2ScAgF6
mp-1111551,Na2TaAgF6,0.2407,-2.44288677695333,0.483597332533335,False,False,10,3.085667155443824,4,"['Ag', 'F', 'Na', 'Ta']",Ag-F-Na-Ta,Na2TaAgF6
mp-1111315,Na2TiAgF6,0.0,-2.747848715775861,0.396053048833334,True,False,10,3.174774058024164,4,"['Ag', 'F', 'Na', 'Ti']",Ag-F-Na-Ti,Na2TiAgF6
mp-1111314,Na2TlAgF6,0.130699999999999,-2.073246263749998,0.125196229249999,False,False,10,4.203342079000934,4,"['Ag', 'F', 'Na', 'Tl']",Ag-F-Na-Tl,Na2TlAgF6
mp-1111313,Na2VAgF6,0.0,-2.533360947999998,0.238448489500001,True,False,10,3.315499811878073,4,"['Ag', 'F', 'Na', 'V']",Ag-F-Na-V,Na2VAgF6
mp-1111092,Na2YAgF6,1.6589999999999991,-2.977369576000001,0.2400430715,False,False,10,3.106441443319782,4,"['Ag', 'F', 'Na', 'Y']",Ag-F-Na-Y,Na2YAgF6
mp-660167,NaZr2AgF11,0.0,-2.192192816536398,1.189939550249998,True,False,15,3.601922804244221,4,"['Ag', 'F', 'Na', 'Zr']",Ag-F-Na-Zr,NaZr2AgF11
mp-997394,NbAgF6,2.8973,-2.719586547499998,0.0,False,True,16,4.467334910555683,3,"['Ag', 'F', 'Nb']",Ag-F-Nb,NbAgF6
mp-3310075,NbAgF7,0.010299999999999,-2.542159750833333,0.00097649777774,False,False,36,4.087364146162724,3,"['Ag', 'F', 'Nb']",Ag-F-Nb,NbAgF7
mp-3208072,NbAg(OF)2,2.151799999999999,-2.353046693333333,0.0,False,True,24,5.243982224961125,4,"['Ag', 'F', 'Nb', 'O']",Ag-F-Nb-O,NbAg(OF)2
mp-3207360,NbAg2OsF12,1.505199999999999,-2.248591165625001,0.0,False,True,16,5.2348604796949,4,"['Ag', 'F', 'Nb', 'Os']",Ag-F-Nb-Os,NbAg2OsF12
mp-3213752,NbAgP2F12,3.1997,-2.622413269122023,0.0,False,True,32,3.181474194834617,4,"['Ag', 'F', 'Nb', 'P']",Ag-F-Nb-P,NbAgP2F12
mp-1110605,Rb2NbAgF6,0.0,-2.620458913666666,0.291412629833332,True,False,10,4.263146115942126,4,"['Ag', 'F', 'Nb', 'Rb']",Ag-F-Nb-Rb,Rb2NbAgF6
mp-1110789,Rb2NdAgF6,2.848,-3.130812890416666,0.065210615833334,False,False,10,4.200265679733163,4,"['Ag', 'F', 'Nd', 'Rb']",Ag-F-Nd-Rb,Rb2NdAgF6
mp-998365,NiAgF3,0.0,-1.735710937000003,0.051729657999993,True,False,5,5.783220649807447,3,"['Ag', 'F', 'Ni']",Ag-F-Ni,NiAgF3
mp-1110604,Rb2NiAgF6,0.0,-2.3363778946666662,0.0363632405,True,False,10,4.76114622019854,4,"['Ag', 'F', 'Ni', 'Rb']",Ag-F-Ni-Rb,Rb2NiAgF6
mp-3209963,NiAg2RhF7,1.7487,-1.705357612272725,0.0,False,True,22,5.82029336676162,4,"['Ag', 'F', 'Ni', 'Rh']",Ag-F-Ni-Rh,NiAg2RhF7
mp-997028,AgO2F,0.4961,-0.634450612916666,0.033700647395832,False,False,8,4.20640771062423,3,"['Ag', 'F', 'O']",Ag-F-O,AgO2F
mp-3215518,AgOs(OF2)2,0.4448,-1.402532311562499,0.023161889218746,False,False,16,5.588731723785951,4,"['Ag', 'F', 'O', 'Os']",Ag-F-O-Os,AgOs(OF2)2
mp-558151,Ag2PO3F,1.0803,-1.769361049353741,0.00529821249999,False,False,28,5.125172484614391,4,"['Ag', 'F', 'O', 'P']",Ag-F-O-P,Ag2PO3F
mp-1194585,AgP(OF)2,1.9686,-2.26173536438492,0.0,False,True,48,3.361815516047696,4,"['Ag', 'F', 'O', 'P']",Ag-F-O-P,AgP(OF)2
mp-1195618,Ag9P14(OF)28,0.026499999999999,-2.370250809303797,0.0,False,True,158,3.132097467309695,4,"['Ag', 'F', 'O', 'P']",Ag-F-O-P,Ag9P14(OF)28
mp-3213921,ReAg(OF2)2,1.646,-1.828714737499998,0.0,False,True,16,5.465498698090393,4,"['Ag', 'F', 'O', 'Re']",Ag-F-O-Re,ReAg(OF2)2
mp-3215448,ReAgO3F2,1.4042,-1.631885806250001,0.0,False,True,14,6.016744112051079,4,"['Ag', 'F', 'O', 'Re']",Ag-F-O-Re,ReAgO3F2
mp-1201018,Ag3S4(O3F)4,0.0,-1.638365028152174,0.0,True,True,92,3.3096228443256432,4,"['Ag', 'F', 'O', 'S']",Ag-F-O-S,Ag3S4(O3F)4
mp-1202574,AgS2(O3F)2,0.187799999999999,-1.673621897651514,0.0,False,True,44,2.80388373171141,4,"['Ag', 'F', 'O', 'S']",Ag-F-O-S,AgS2(O3F)2
mp-1229086,AgSO3F,2.4337,-1.59133434486111,0.0,False,True,24,3.854012460146807,4,"['Ag', 'F', 'O', 'S']",Ag-F-O-S,AgSO3F
mp-1199019,AgSbS(OF3)2,2.5553999999999992,-2.14160334219697,0.0,False,True,44,3.604446754912279,5,"['Ag', 'F', 'O', 'S', 'Sb']",Ag-F-O-S-Sb,AgSbS(OF3)2
mp-555028,AgSbTe6S16(OF5)6,0.8025,-1.756598745527777,0.135398057568183,False,False,60,2.8819508741476563,6,"['Ag', 'F', 'O', 'S', 'Sb', 'Te']",Ag-F-O-S-Sb-Te,AgSbTe6S16(OF5)6
mp-3204439,TaAg(OF)2,2.8846,-2.57416282872222,0.0,False,True,24,6.997145822875137,4,"['Ag', 'F', 'O', 'Ta']",Ag-F-O-Ta,TaAg(OF)2
mp-704944,VAg2O3F,1.6833999999999991,-1.5950548569047611,0.017520517857151,False,False,56,5.744280330688893,4,"['Ag', 'F', 'O', 'V']",Ag-F-O-V,VAg2O3F
mp-1194388,VAgOF4,1.9517,-2.357788767738095,0.0,False,True,28,4.031503990835478,4,"['Ag', 'F', 'O', 'V']",Ag-F-O-V,VAgOF4
mp-3215832,Ag2W(OF2)2,2.7779000000000003,-1.958499278055553,0.0,False,True,36,6.152084794039792,4,"['Ag', 'F', 'O', 'W']",Ag-F-O-W,Ag2W(OF2)2
mp-3213442,Zr3Ag2OF12,3.4292,-3.398567540486111,0.0,False,True,36,5.357435214426302,4,"['Ag', 'F', 'O', 'Zr']",Ag-F-O-Zr,Zr3Ag2OF12
mp-3203394,AgOsF6,1.7033,-1.776083695625002,0.0,False,True,16,6.035021518702976,3,"['Ag', 'F', 'Os']",Ag-F-Os,AgOsF6
mp-3211699,TaAg2OsF12,1.5097,-2.345695480458333,0.0,False,True,16,5.874907476850802,4,"['Ag', 'F', 'Os', 'Ta']",Ag-F-Os-Ta,TaAg2OsF12
mp-34418,AgPF6,3.2361,-2.364613824122023,0.0,False,True,8,3.157349247405605,3,"['Ag', 'F', 'P']",Ag-F-P,AgPF6
mp-3211180,AgP(SF2)3,2.6584,-1.756218327855789,0.0,False,True,22,3.472280190190917,4,"['Ag', 'F', 'P', 'S']",Ag-F-P-S,AgP(SF2)3
mp-3210189,TaAgP2F12,4.3667,-2.720646854892857,0.0,False,True,32,3.760126314139979,4,"['Ag', 'F', 'P', 'Ta']",Ag-F-P-Ta,TaAgP2F12
mp-554766,AgP(XeF5)2,1.3266,-1.801092190807823,0.016416138035714,False,False,28,4.077624378521106,4,"['Ag', 'F', 'P', 'Xe']",Ag-F-P-Xe,AgP(XeF5)2
mp-1206101,AgPbF6,0.217999999999999,-1.748101063125002,0.0,False,True,8,5.86747808881931,3,"['Ag', 'F', 'Pb']",Ag-F-Pb,AgPbF6
mp-31215,AgPdF6,0.0,-1.3849059325,0.0,True,True,16,5.183616849140591,3,"['Ag', 'F', 'Pd']",Ag-F-Pd,AgPdF6
mp-3304839,Ag2PdF6,0.8880000000000001,-1.399497877037035,0.0,False,True,27,5.332031269629917,3,"['Ag', 'F', 'Pd']",Ag-F-Pd,Ag2PdF6
mp-1110603,Rb2AgPdF6,0.0,-2.169373212666664,0.0,True,True,10,5.096292938612959,4,"['Ag', 'F', 'Pd', 'Rb']",Ag-F-Pd-Rb,Rb2AgPdF6
mp-14651,Zr2AgPdF11,0.165,-3.127832708444444,0.0,False,True,15,4.128301494355695,4,"['Ag', 'F', 'Pd', 'Zr']",Ag-F-Pd-Zr,Zr2AgPdF11
mp-1110788,Rb2PrAgF6,2.6788,-3.113763317833332,0.077178813833334,False,False,10,4.118537063194807,4,"['Ag', 'F', 'Pr', 'Rb']",Ag-F-Pr-Rb,Rb2PrAgF6
mp-3281977,Ag3PtF8,0.0,-1.402652985416665,0.0,True,True,12,6.602876735242264,3,"['Ag', 'F', 'Pt']",Ag-F-Pt,Ag3PtF8
mp-3319050,Ag2PtF6,1.8058,-1.403318406666665,0.0,False,True,27,6.104508701521234,3,"['Ag', 'F', 'Pt']",Ag-F-Pt,Ag2PtF6
mp-1214922,AgPtF6,0.0,-1.430022469375,0.0,True,True,16,6.421493265259034,3,"['Ag', 'F', 'Pt']",Ag-F-Pt,AgPtF6
mp-3207521,Tc2Ag6PtF18,1.741999999999999,-1.7285763144444442,0.0,False,True,27,5.306974185789121,4,"['Ag', 'F', 'Pt', 'Tc']",Ag-F-Pt-Tc,Tc2Ag6PtF18
mp-7767,RbAgF3,0.0,-2.128560911833334,0.001153603999998,True,False,10,5.034021616981131,3,"['Ag', 'F', 'Rb']",Ag-F-Rb,RbAgF3
mp-3326929,RbAg2F7,1.3286,-1.590860408125,0.0,False,True,20,4.415090864940963,3,"['Ag', 'F', 'Rb']",Ag-F-Rb,RbAg2F7
mp-3342275,Rb3AgF6,1.3671,-2.298763203875,0.0,False,True,10,4.046862222435434,3,"['Ag', 'F', 'Rb']",Ag-F-Rb,Rb3AgF6
mp-1110602,Rb2AgRhF6,1.390499999999999,-2.264492504666665,0.0,False,True,10,4.758966161831451,4,"['Ag', 'F', 'Rb', 'Rh']",Ag-F-Rb-Rh,Rb2AgRhF6
mp-1110601,Rb2AgRuF6,0.0,-2.243152053666666,0.027363908833331,True,False,10,4.651100789914652,4,"['Ag', 'F', 'Rb', 'Ru']",Ag-F-Rb-Ru,Rb2AgRuF6
mp-1110787,Rb2AgSbF6,2.168,-2.513192742666666,0.079065896208332,False,False,10,4.235706858829442,4,"['Ag', 'F', 'Rb', 'Sb']",Ag-F-Rb-Sb,Rb2AgSbF6
mp-1110600,Rb2ScAgF6,3.2846,-3.194765403166666,0.0,False,True,10,4.0071094166408,4,"['Ag', 'F', 'Rb', 'Sc']",Ag-F-Rb-Sc,Rb2ScAgF6
mp-1111828,Rb2TaAgF6,0.286699999999999,-2.699211225399999,0.333103428086669,False,False,10,3.469498979036432,4,"['Ag', 'F', 'Rb', 'Ta']",Ag-F-Rb-Ta,Rb2TaAgF6
mp-1110599,Rb2TiAgF6,0.0,-2.929266637,0.191542808499996,True,False,10,4.149395327338839,4,"['Ag', 'F', 'Rb', 'Ti']",Ag-F-Rb-Ti,Rb2TiAgF6
mp-1110598,Rb2TlAgF6,0.5523,-2.345675436,0.0,False,True,10,5.059509642932451,4,"['Ag', 'F', 'Rb', 'Tl']",Ag-F-Rb-Tl,Rb2TlAgF6
mp-1110597,Rb2VAgF6,0.0,-2.706512145666666,0.088464761833333,True,False,10,4.277031504802968,4,"['Ag', 'F', 'Rb', 'V']",Ag-F-Rb-V,Rb2VAgF6
mp-1110786,Rb2YAgF6,2.8977,-3.186883124666669,0.0,False,True,10,4.26476014902051,4,"['Ag', 'F', 'Rb', 'Y']",Ag-F-Rb-Y,Rb2YAgF6
mp-3257814,Ag3RhF12,0.0,-1.352305248437498,0.000933211625017,True,False,16,4.888038330306223,3,"['Ag', 'F', 'Rh']",Ag-F-Rh,Ag3RhF12
mp-2017405,AgRhF6,0.0,-1.554154335000001,0.0,True,True,16,5.137192583338767,3,"['Ag', 'F', 'Rh']",Ag-F-Rh,AgRhF6
mp-3311949,Ag2RhF5,1.085,-1.492995786562499,0.0,False,True,32,6.111219484276714,3,"['Ag', 'F', 'Rh']",Ag-F-Rh,Ag2RhF5
mp-17588,AgRuF7,0.0,-1.715751211388889,0.0,True,True,36,4.477265124283537,3,"['Ag', 'F', 'Ru']",Ag-F-Ru,AgRuF7
mp-3336917,AgRuF6,0.8626,-1.80791680375,0.0,False,True,8,4.642975426749167,3,"['Ag', 'F', 'Ru']",Ag-F-Ru,AgRuF6
mp-559602,AgSb(S8F3)2,2.7813,-1.14026821361111,0.0,False,True,48,2.326262989380092,4,"['Ag', 'F', 'S', 'Sb']",Ag-F-S-Sb,AgSb(S8F3)2
mp-1078562,SrAgSF,1.253299999999999,-2.221776139453126,0.007166428124998,False,False,8,5.312733446667156,4,"['Ag', 'F', 'S', 'Sr']",Ag-F-S-Sr,SrAgSF
mp-1195261,Ag3Sb4F24,0.012499999999999,-2.392955916774192,0.0,False,True,62,4.119700930201005,3,"['Ag', 'F', 'Sb']",Ag-F-Sb,Ag3Sb4F24
mp-14653,AgSb2F12,0.5397999999999991,-2.3875121401111112,0.0,False,True,15,4.562317938042881,3,"['Ag', 'F', 'Sb']",Ag-F-Sb,AgSb2F12
mp-3414,AgSbF6,1.7739,-2.358844439270832,0.0,False,True,32,5.029271754558892,3,"['Ag', 'F', 'Sb']",Ag-F-Sb,AgSbF6
mp-1202255,AgSb(SeF3)2,1.175,-1.916776679968749,0.001238913186801,False,False,60,4.168745465308232,4,"['Ag', 'F', 'Sb', 'Se']",Ag-F-Sb-Se,AgSb(SeF3)2
mp-3212820,AgSeF5,3.3949,-1.599360146651784,0.0,False,True,28,4.391979814821418,3,"['Ag', 'F', 'Se']",Ag-F-Se,AgSeF5
mp-3202936,SiAg2F6,2.8805,-2.414064990555556,0.0,False,True,9,5.342743676506455,3,"['Ag', 'F', 'Si']",Ag-F-Si,SiAg2F6
mp-3269978,Ag3SnF8,0.0,-1.861239787916666,0.0,True,True,12,5.712417558736725,3,"['Ag', 'F', 'Sn']",Ag-F-Sn,Ag3SnF8
mp-10809,AgSnF6,0.405599999999999,-2.129888439374998,0.0,False,True,8,4.902214352980043,3,"['Ag', 'F', 'Sn']",Ag-F-Sn,AgSnF6
mp-3213328,SrAg2F8,1.888,-2.016432132727272,0.0,False,True,11,4.350339556018045,3,"['Ag', 'F', 'Sr']",Ag-F-Sr,SrAg2F8
mp-1080438,SrAgTeF,1.284699999999999,-2.160155414583333,0.0,False,True,8,6.034281461051804,4,"['Ag', 'F', 'Sr', 'Te']",Ag-F-Sr-Te,SrAgTeF
mp-28375,Ta2AgF12,0.7160000000000001,-2.9984202086444443,0.0,False,True,15,5.345906725246942,3,"['Ag', 'F', 'Ta']",Ag-F-Ta,Ta2AgF12
mp-29993,TaAgF6,3.554999999999999,-2.913713846541668,0.0,False,True,16,5.735773315533112,3,"['Ag', 'F', 'Ta']",Ag-F-Ta,TaAgF6
mp-3207631,Tc2AgF12,0.1132,-2.078964470333334,0.0,False,True,15,4.111440781143433,3,"['Ag', 'F', 'Tc']",Ag-F-Tc,Tc2AgF12
mp-3221769,TiAg3F8,0.0,-2.254913028472219,0.0,True,True,12,5.238869078517556,3,"['Ag', 'F', 'Ti']",Ag-F-Ti,TiAg3F8
mp-10810,TiAgF6,0.1936,-2.836437708124999,0.018491184687499,False,False,8,4.087143253120144,3,"['Ag', 'F', 'Ti']",Ag-F-Ti,TiAgF6
mp-998152,TlAgF3,0.0,-1.606880417875004,0.016307282999999,True,False,5,7.061849824973184,3,"['Ag', 'F', 'Tl']",Ag-F-Tl,TlAgF3
mp-1207868,UAgF6,0.9267,-3.173063796249998,0.0,False,True,16,6.047833611000869,3,"['Ag', 'F', 'U']",Ag-F-U,UAgF6
mp-1205508,VAg3F6,0.0,-1.823076867299982,0.195413713000005,True,False,10,5.058585773678593,3,"['Ag', 'F', 'V']",Ag-F-V,VAg3F6
mp-3337159,VAgF6,1.1111,-2.496939349375,0.0,False,True,8,4.111605984135563,3,"['Ag', 'F', 'V']",Ag-F-V,VAgF6
mp-28586,AgXeF9,1.2006,-0.963266299242424,0.01894084388257,False,False,22,3.889897377587423,3,"['Ag', 'F', 'Xe']",Ag-F-Xe,AgXeF9
mp-3286594,ZnAg2F8,1.2435,-1.535657304999999,0.0,False,True,22,4.908163916881668,3,"['Ag', 'F', 'Zn']",Ag-F-Zn,ZnAg2F8
mp-1372040,ZnAgF5,0.0,-1.6655329866666682,0.089950851904758,True,False,28,4.411723314160862,3,"['Ag', 'F', 'Zn']",Ag-F-Zn,ZnAgF5
mp-998537,ZnAgF3,1.3463,-1.974976021999999,0.010978875999999,False,False,10,5.559655034433154,3,"['Ag', 'F', 'Zn']",Ag-F-Zn,ZnAgF3
mp-977584,Zr2ZnAg2F14,0.3058,-2.9326552932894843,0.005978359078918,False,False,19,4.255784867840731,4,"['Ag', 'F', 'Zn', 'Zr']",Ag-F-Zn-Zr,Zr2ZnAg2F14
mp-1207387,Zr2Ag3F14,0.205599999999999,-2.707728659736842,0.033553575657915,False,False,19,4.465413164065747,3,"['Ag', 'F', 'Zr']",Ag-F-Zr,Zr2Ag3F14
mp-29934,Zr6Ag7F31,2.9066,-3.143432856022727,0.0,False,True,44,5.739470811790817,3,"['Ag', 'F', 'Zr']",Ag-F-Zr,Zr6Ag7F31
mp-1184230,Fe3Ag,0.0,0.344622799583334,0.344622799583334,True,False,4,8.49413897649243,2,"['Ag', 'Fe']",Ag-Fe,Fe3Ag
mp-1184294,FeAg3,0.0,0.346758665000001,0.346758665000001,True,False,8,9.397323046376975,2,"['Ag', 'Fe']",Ag-Fe,FeAg3
mp-1224956,FeAg,0.0,0.414592524166668,0.414592524166668,True,False,2,8.917302751536443,2,"['Ag', 'Fe']",Ag-Fe,FeAg
mp-1079848,GaFe2AgTe4,0.0,-0.206555738229166,0.215905458125,True,False,8,5.634391955067867,4,"['Ag', 'Fe', 'Ga', 'Te']",Ag-Fe-Ga-Te,GaFe2AgTe4
mp-3207935,Lu12InFe3Ag,0.0,-0.14521507499999,0.0,True,True,17,10.124346385101417,4,"['Ag', 'Fe', 'In', 'Lu']",Ag-Fe-In-Lu,Lu12InFe3Ag
mp-1103811,KV2Fe(AgO4)2,1.9738,-1.8354498325416664,0.008024178154755,False,False,28,4.524063208121491,5,"['Ag', 'Fe', 'K', 'O', 'V']",Ag-Fe-K-O-V,KV2Fe(AgO4)2
mp-1043932,LaMgFeAgO6,0.1197,-2.035993704916666,0.091801804416666,False,False,40,5.590702006253264,5,"['Ag', 'Fe', 'La', 'Mg', 'O']",Ag-Fe-La-Mg-O,LaMgFeAgO6
mp-1223177,La3Fe4AgO12,0.0,-2.332838851833334,0.067077306958333,True,False,20,6.403698336460098,4,"['Ag', 'Fe', 'La', 'O']",Ag-Fe-La-O,La3Fe4AgO12
mp-1044078,LaZnFeAgO6,0.1311,-1.767167328166667,0.111146169666665,False,False,40,6.025593776657649,5,"['Ag', 'Fe', 'La', 'O', 'Zn']",Ag-Fe-La-O-Zn,LaZnFeAgO6
mp-3213664,Lu12Fe2Ag2Ru,0.0,-0.206046199705871,0.0,True,True,17,10.438483462497391,4,"['Ag', 'Fe', 'Lu', 'Ru']",Ag-Fe-Lu-Ru,Lu12Fe2Ag2Ru
mp-3207281,Lu12Fe2TcAg2,0.0,-0.156262421764695,0.0,True,True,17,10.38346768852896,4,"['Ag', 'Fe', 'Lu', 'Tc']",Ag-Fe-Lu-Tc,Lu12Fe2TcAg2
mp-3207874,Lu12Fe(TcAg)2,0.0,-0.190627621176464,0.0,True,True,17,10.395709134188689,4,"['Ag', 'Fe', 'Lu', 'Tc']",Ag-Fe-Lu-Tc,Lu12Fe(TcAg)2
mp-2210754,MgFeAgO2,0.0,-1.374158557333333,0.446398525666666,True,False,5,4.993739898036071,4,"['Ag', 'Fe', 'Mg', 'O']",Ag-Fe-Mg-O,MgFeAgO2
mp-2217135,MgFe2(AgO2)2,0.0,-1.269037483148148,0.41486469074074,True,False,9,5.682245523127519,4,"['Ag', 'Fe', 'Mg', 'O']",Ag-Fe-Mg-O,MgFe2(AgO2)2
mp-2232521,RbMgV2Fe(AgO4)2,1.0241,-1.798179797722222,0.282758425000004,False,False,15,4.547035957898557,6,"['Ag', 'Fe', 'Mg', 'O', 'Rb', 'V']",Ag-Fe-Mg-O-Rb-V,RbMgV2Fe(AgO4)2
mp-2226405,MgFeAgS2,0.0,-0.467095960333332,0.5006742026666691,True,False,5,4.658674567779774,4,"['Ag', 'Fe', 'Mg', 'S']",Ag-Fe-Mg-S,MgFeAgS2
mp-2223317,MgFeAg2SnS4,0.0,-0.497393103703702,0.307475711574076,True,False,9,4.306366863528781,5,"['Ag', 'Fe', 'Mg', 'S', 'Sn']",Ag-Fe-Mg-S-Sn,MgFeAg2SnS4
mp-1173558,NaMn2FeAg(PO4)3,1.1417,-2.342671411141831,0.008450796249996,False,False,40,4.094615804133742,6,"['Ag', 'Fe', 'Mn', 'Na', 'O', 'P']",Ag-Fe-Mn-Na-O-P,NaMn2FeAg(PO4)3
mp-720196,Mn2FeAg2(PO4)3,0.0,-1.239283582656197,0.949332720375008,True,False,40,3.630116900307273,5,"['Ag', 'Fe', 'Mn', 'O', 'P']",Ag-Fe-Mn-O-P,Mn2FeAg2(PO4)3
mp-1210836,MnFe2Ag2(PO4)3,0.243999999999999,-2.115866138009647,0.036655695666677,False,False,40,4.694499328468437,5,"['Ag', 'Fe', 'Mn', 'O', 'P']",Ag-Fe-Mn-O-P,MnFe2Ag2(PO4)3
mp-560130,Fe2Ag(MoO4)3,1.1415,-1.761549528703704,0.030551116712965,False,False,36,4.257136436813857,4,"['Ag', 'Fe', 'Mo', 'O']",Ag-Fe-Mo-O,Fe2Ag(MoO4)3
mp-1212730,FeAg(MoO4)2,1.4844,-1.690706718055555,0.018566846208335,False,False,24,5.371446722358128,4,"['Ag', 'Fe', 'Mo', 'O']",Ag-Fe-Mo-O,FeAg(MoO4)2
mp-1245682,FeAgN,0.0,0.248946194444444,0.458109812777778,True,False,12,6.99076631589593,3,"['Ag', 'Fe', 'N']",Ag-Fe-N,FeAgN
mp-3213814,Fe3Ag(NO3)8,0.0,-0.460064749583333,0.0,True,True,36,2.892678065774683,4,"['Ag', 'Fe', 'N', 'O']",Ag-Fe-N-O,Fe3Ag(NO3)8
mp-1194556,FeAgSb(S2N3)2,0.0,0.452980762564103,0.783538347692307,True,False,26,3.598434057837599,5,"['Ag', 'Fe', 'N', 'S', 'Sb']",Ag-Fe-N-S-Sb,FeAgSb(S2N3)2
mp-1197167,Nd6Fe13Ag,0.0,-0.017849353333332,0.007167909125001,True,False,40,7.50230575967174,3,"['Ag', 'Fe', 'Nd']",Ag-Fe-Nd,Nd6Fe13Ag
mp-1184234,FeAgO3,0.0,-0.695022397333332,0.345864825833333,True,False,5,6.101360078973732,3,"['Ag', 'Fe', 'O']",Ag-Fe-O,FeAgO3
mp-1096980,FeAgO2,0.5564,-1.055370417916666,0.163738658124988,False,False,4,7.090839959062293,3,"['Ag', 'Fe', 'O']",Ag-Fe-O,FeAgO2
mp-3288239,Fe2Ag(P2O7)2,0.045799999999999,-2.030761869495465,0.0,False,True,21,3.749998112227293,4,"['Ag', 'Fe', 'O', 'P']",Ag-Fe-O-P,Fe2Ag(P2O7)2
mp-1202376,FeAgP2O7,1.8448,-2.192921456904761,0.0,False,True,44,4.118498939348613,4,"['Ag', 'Fe', 'O', 'P']",Ag-Fe-O-P,FeAgP2O7
mp-1204059,Fe3Ag7(P2O7)4,1.3194,-2.015074258669771,0.016044574945652,False,False,184,4.557973731082847,4,"['Ag', 'Fe', 'O', 'P']",Ag-Fe-O-P,Fe3Ag7(P2O7)4
mp-1103452,RbV2Fe(AgO4)2,2.029499999999999,-1.83693589470238,0.010227095773807,False,False,28,4.836373169915351,5,"['Ag', 'Fe', 'O', 'Rb', 'V']",Ag-Fe-O-Rb-V,RbV2Fe(AgO4)2
mp-1212721,FeAg(SO4)2,1.638299999999999,-1.653559416388888,0.009246153124998,False,False,12,3.696442848734476,4,"['Ag', 'Fe', 'O', 'S']",Ag-Fe-O-S,FeAg(SO4)2
mp-1208725,Sr3Fe2Ag2S2O5,0.0,-1.942875126666665,0.022213824449404,True,False,28,5.481503238874676,5,"['Ag', 'Fe', 'O', 'S', 'Sr']",Ag-Fe-O-S-Sr,Sr3Fe2Ag2S2O5
mp-3289194,FeAg(SeO4)2,0.4474,-0.8172139019270831,0.0,False,True,24,4.55632145811473,4,"['Ag', 'Fe', 'O', 'Se']",Ag-Fe-O-Se,FeAg(SeO4)2
mp-704626,FeAg(SeO3)2,1.179,-1.247794580885416,0.0,False,True,40,4.69538420291248,4,"['Ag', 'Fe', 'O', 'Se']",Ag-Fe-O-Se,FeAg(SeO3)2
mp-1218625,Sr6Fe5Ag3(Se2O5)2,0.0,-1.862952648013392,0.065577039769344,True,False,28,5.631805896291443,5,"['Ag', 'Fe', 'O', 'Se', 'Sr']",Ag-Fe-O-Se-Sr,Sr6Fe5Ag3(Se2O5)2
mp-1191609,V2FeAgO7,1.340799999999999,-1.925654196969697,0.011590965746751,False,False,22,4.202736042344309,4,"['Ag', 'Fe', 'O', 'V']",Ag-Fe-O-V,V2FeAgO7
mp-1192650,V2FeAg3O8,1.6188,-1.587404762857142,0.016610400331638,False,False,28,5.392809948104789,4,"['Ag', 'Fe', 'O', 'V']",Ag-Fe-O-V,V2FeAg3O8
mp-3868,Pr6Fe13Ag,0.0,-0.000915273083333,0.022264271083334,True,False,40,7.289765238616359,3,"['Ag', 'Fe', 'Pr']",Ag-Fe-Pr,Pr6Fe13Ag
mp-5058,FeAgS2,0.0,-0.404584184166665,0.231023543333333,True,False,8,4.659218269464144,3,"['Ag', 'Fe', 'S']",Ag-Fe-S,FeAgS2
mp-542627,Fe2AgS3,0.0,-0.505695326527777,0.170523502222224,True,False,24,4.679015934772138,3,"['Ag', 'Fe', 'S']",Ag-Fe-S,Fe2AgS3
mp-1189794,FeSi(AgS2)2,0.0,-0.5978341960416661,0.098972255208333,True,False,16,4.217616311405268,4,"['Ag', 'Fe', 'S', 'Si']",Ag-Fe-S-Si,FeSi(AgS2)2
mp-20002,FeAg2SnS4,0.0,-0.495591938541665,0.089197476388888,True,False,8,4.619325074754139,4,"['Ag', 'Fe', 'S', 'Sn']",Ag-Fe-S-Sn,FeAg2SnS4
mp-1225099,FeAg2Sn3S8,0.8741000000000001,-0.639291724166665,0.0,False,True,14,4.892244543772462,4,"['Ag', 'Fe', 'S', 'Sn']",Ag-Fe-S-Sn,FeAg2Sn3S8
mp-1225504,Fe3Ag(SnS4)2,0.0,-0.598285781547617,0.143295081309523,True,False,14,4.762816234148508,4,"['Ag', 'Fe', 'S', 'Sn']",Ag-Fe-S-Sn,Fe3Ag(SnS4)2
mp-1096959,FeAgSe2,0.0,-0.300996155338541,0.201291564583332,True,False,8,5.645651098126017,3,"['Ag', 'Fe', 'Se']",Ag-Fe-Se,FeAgSe2
mp-685618,FeAgTe2,0.0,-0.050970769374999,0.295525537708335,True,False,16,7.578644960289602,3,"['Ag', 'Fe', 'Te']",Ag-Fe-Te,FeAgTe2
mp-578,GaAg2,0.0,-0.020324264444443,0.0,True,True,9,9.428990981168958,2,"['Ag', 'Ga']",Ag-Ga,GaAg2
mp-1183967,GaAg3,0.0,0.027583971250003,0.042827169583333,True,False,4,9.607478775181862,2,"['Ag', 'Ga']",Ag-Ga,GaAg3
mp-1184226,Ga3Ag,0.0,0.065323063229168,0.072944662395833,True,False,4,6.97396443117978,2,"['Ag', 'Ga']",Ag-Ga,Ga3Ag
mp-11478,GaAg,0.0,0.073309513958331,0.088552712291665,True,False,2,8.078764799349704,2,"['Ag', 'Ga']",Ag-Ga,GaAg
mp-1224870,Ga5Ag13,0.0,-0.002918984074069,0.014017902962965,True,False,18,9.7071364819879,2,"['Ag', 'Ga']",Ag-Ga,Ga5Ag13
mp-1184305,Gd2GaAg,0.0,-0.455731104791665,0.011580603750001,True,False,4,8.51830308980266,3,"['Ag', 'Ga', 'Gd']",Ag-Ga-Gd,Gd2GaAg
mp-1224946,GaAgGeS4,1.662,-0.6982349820238081,0.018777830624999,False,False,21,3.795469258672063,4,"['Ag', 'Ga', 'Ge', 'S']",Ag-Ga-Ge-S,GaAgGeS4
mp-3230172,Sc3Ga2Ag3Ge,0.0,-0.534446855555554,0.0,True,True,9,6.717152092349788,4,"['Ag', 'Ga', 'Ge', 'Sc']",Ag-Ga-Ge-Sc,Sc3Ga2Ag3Ge
mp-1224898,GaAg(GeSe3)2,1.2636,-0.609844400822916,0.012962885249998,False,False,20,4.634810130687889,4,"['Ag', 'Ga', 'Ge', 'Se']",Ag-Ga-Ge-Se,GaAg(GeSe3)2
mp-3230073,Tm3Ga2Ag3Ge,0.0,-0.611501353888889,0.0,True,True,9,9.632518611601338,4,"['Ag', 'Ga', 'Ge', 'Tm']",Ag-Ga-Ge-Tm,Tm3Ga2Ag3Ge
mp-3247694,Yb2GaAg2Ge,0.0,-0.532714965000001,0.076319800555559,True,False,6,9.490047940937648,4,"['Ag', 'Ga', 'Ge', 'Yb']",Ag-Ga-Ge-Yb,Yb2GaAg2Ge
mp-1224309,HfGa2Ag,0.0,-0.325649254166663,0.052068537708336,True,False,4,10.01702548972847,3,"['Ag', 'Ga', 'Hf']",Ag-Ga-Hf,HfGa2Ag
mp-3202827,HfGa4AgRh,0.0,-0.477476673571426,0.0,True,True,7,9.38665130103992,4,"['Ag', 'Ga', 'Hf', 'Rh']",Ag-Ga-Hf-Rh,HfGa4AgRh
mp-1184662,Ho2GaAg,0.0,-0.458518059791665,0.015696626249999,True,False,4,9.24196873330019,3,"['Ag', 'Ga', 'Ho']",Ag-Ga-Ho,Ho2GaAg
mp-1104230,Ho3Ga8Ag3,0.0,-0.441144926428569,0.011753121785718,True,False,14,8.525478023339277,3,"['Ag', 'Ga', 'Ho']",Ag-Ga-Ho,Ho3Ga8Ag3
mp-1223950,HoGaAg,0.0,-0.469180168055552,0.006131513760868,True,False,6,9.205285243172217,3,"['Ag', 'Ga', 'Ho']",Ag-Ga-Ho,HoGaAg
mp-3252848,Ho2Ga7Ni2Ag,0.0,-0.5556523495833331,0.0,True,True,12,8.673231893155567,4,"['Ag', 'Ga', 'Ho', 'Ni']",Ag-Ga-Ho-Ni,Ho2Ga7Ni2Ag
mp-1112466,K2GaAgI6,0.0,-0.950655956366666,0.154068848249998,True,False,10,4.24827063331333,4,"['Ag', 'Ga', 'I', 'K']",Ag-Ga-I-K,K2GaAgI6
mp-1111188,Na2GaAgI6,0.0,-0.7563067011925281,0.23091373275,True,False,10,4.199691843176349,4,"['Ag', 'Ga', 'I', 'Na']",Ag-Ga-I-Na,Na2GaAgI6
mp-1111802,Rb2GaAgI6,0.0,-0.992075643416666,0.095813742500001,True,False,10,4.571039003572887,4,"['Ag', 'Ga', 'I', 'Rb']",Ag-Ga-I-Rb,Rb2GaAgI6
mp-3205326,Lu12InGa4Ag,0.0,-0.48343522916666,0.0,True,True,18,9.650068091843384,4,"['Ag', 'Ga', 'In', 'Lu']",Ag-Ga-In-Lu,Lu12InGa4Ag
mp-1223852,InGa(AgS2)2,0.6488,-0.588790021406248,0.001019741875001,False,False,8,4.646689907511783,4,"['Ag', 'Ga', 'In', 'S']",Ag-Ga-In-S,InGa(AgS2)2
mp-3296627,InGa4AgSe8,0.8397999999999991,-0.6586224376785711,0.0,False,True,14,5.19751401546176,4,"['Ag', 'Ga', 'In', 'Se']",Ag-Ga-In-Se,InGa4AgSe8
mp-1223911,InGa(AgSe2)2,0.103099999999999,-0.53576407890625,0.000840259374999,False,False,8,5.428349927993341,4,"['Ag', 'Ga', 'In', 'Se']",Ag-Ga-In-Se,InGa(AgSe2)2
mp-1224265,InGa2(AgSe2)3,0.1481,-0.534414168697914,0.003316334166669,False,False,24,5.407599258831536,4,"['Ag', 'Ga', 'In', 'Se']",Ag-Ga-In-Se,InGa2(AgSe2)3
mp-1223912,InGaAg2(TeSe)2,1.0227,-0.435960509140631,0.022087895624995,False,False,8,5.557734420707153,5,"['Ag', 'Ga', 'In', 'Se', 'Te']",Ag-Ga-In-Se-Te,InGaAg2(TeSe)2
mp-3231692,Tb3In3Ga2Ag,0.0,-0.650982547222222,0.0,True,True,9,8.670781884019414,4,"['Ag', 'Ga', 'In', 'Tb']",Ag-Ga-In-Tb,Tb3In3Ga2Ag
mp-3314359,InGa4AgTe8,0.5434,-0.399986449642856,0.0,False,True,14,5.569013642393889,4,"['Ag', 'Ga', 'In', 'Te']",Ag-Ga-In-Te,InGa4AgTe8
mp-1223856,InGa(AgTe2)2,1.0657,-0.357866566249999,0.001259418749999,False,False,8,5.664406988492665,4,"['Ag', 'Ga', 'In', 'Te']",Ag-Ga-In-Te,InGa(AgTe2)2
mp-1185602,La2GaAg,0.0,-0.464886991249997,0.021751381249998,True,False,4,6.867554695708654,3,"['Ag', 'Ga', 'La']",Ag-Ga-La,La2GaAg
mp-3329140,LaGa3Ag,0.0,-0.5781866159999991,0.0,True,True,5,7.430446814075513,3,"['Ag', 'Ga', 'La']",Ag-Ga-La,LaGa3Ag
mp-1093860,Li2GaAg,0.7193,0.957601880416664,1.265606179999999,False,False,4,0.350306601953431,3,"['Ag', 'Ga', 'Li']",Ag-Ga-Li,Li2GaAg
mp-1096116,LiGa2Ag,0.0112,1.106786136208334,1.351941111625,False,False,4,0.500367008862591,3,"['Ag', 'Ga', 'Li']",Ag-Ga-Li,LiGa2Ag
mp-865963,LiGaAg2,0.0,-0.212278126666666,0.0,True,True,4,7.793515592941416,3,"['Ag', 'Ga', 'Li']",Ag-Ga-Li,LiGaAg2
mp-3323719,Li6Ga13Ag,0.014,-0.300761340249999,0.0,False,True,20,5.031229125827759,3,"['Ag', 'Ga', 'Li']",Ag-Ga-Li,Li6Ga13Ag
mp-3203106,LiGa2AgS4,2.5467,-0.904787276614582,0.0,False,True,8,3.829069983162452,4,"['Ag', 'Ga', 'Li', 'S']",Ag-Ga-Li-S,LiGa2AgS4
mp-3202167,LiGa2AgSe4,1.7662,-0.803934308489582,0.0,False,True,8,4.912201470681444,4,"['Ag', 'Ga', 'Li', 'Se']",Ag-Ga-Li-Se,LiGa2AgSe4
mp-3202073,LiGa2AgTe4,1.459699999999999,-0.5469001827083311,0.0,False,True,8,5.238385625552329,4,"['Ag', 'Ga', 'Li', 'Te']",Ag-Ga-Li-Te,LiGa2AgTe4
mp-973964,Lu2GaAg,0.0,-0.52546614958333,0.006820499687499,True,False,4,10.164185103836,3,"['Ag', 'Ga', 'Lu']",Ag-Ga-Lu,Lu2GaAg
mp-3327475,Lu2Ga3Ag,0.0,-0.601163663055553,0.0,True,True,6,9.391995957086165,3,"['Ag', 'Ga', 'Lu']",Ag-Ga-Lu,Lu2Ga3Ag
mp-1222321,LuGaAg,0.0,-0.509260855666658,0.008804202666667,True,False,6,9.490614397995367,3,"['Ag', 'Ga', 'Lu']",Ag-Ga-Lu,LuGaAg
mp-3229853,Lu3Mg3Ga2Ag,0.0,-0.465542274444443,0.0,True,True,9,7.293375126128497,4,"['Ag', 'Ga', 'Lu', 'Mg']",Ag-Ga-Lu-Mg,Lu3Mg3Ga2Ag
mp-3201817,LuGaNi3Ag,0.0,-0.443515026944443,0.0,True,True,6,10.408821547430811,4,"['Ag', 'Ga', 'Lu', 'Ni']",Ag-Ga-Lu-Ni,LuGaNi3Ag
mp-865183,MgGaAg2,0.0,-0.141955728958331,0.0,True,True,4,7.562702303098382,3,"['Ag', 'Ga', 'Mg']",Ag-Ga-Mg,MgGaAg2
mp-1222115,Mg7GaAg12,0.0,-0.167561485624998,0.011598164,True,False,20,7.009516769928731,3,"['Ag', 'Ga', 'Mg']",Ag-Ga-Mg,Mg7GaAg12
mp-3230478,Tm3Mg3Ga2Ag,0.0,-0.485295332222225,0.0,True,True,9,6.992605004969128,4,"['Ag', 'Ga', 'Mg', 'Tm']",Ag-Ga-Mg-Tm,Tm3Mg3Ga2Ag
mp-3222838,Y3Mg3Ga2Ag,0.0,-0.514074500000001,0.0,True,True,9,4.772531699340245,4,"['Ag', 'Ga', 'Mg', 'Y']",Ag-Ga-Mg-Y,Y3Mg3Ga2Ag
mp-1203027,Ga40AgMo8,0.0,-0.144327853503401,0.0,True,True,49,6.94903410787611,3,"['Ag', 'Ga', 'Mo']",Ag-Ga-Mo,Ga40AgMo8
mp-3209464,GaAg3(NO3)8,0.0,-0.347560617916667,0.0,True,True,36,3.22696655495138,4,"['Ag', 'Ga', 'N', 'O']",Ag-Ga-N-O,GaAg3(NO3)8
mp-3213455,Na3Ga2Ag,0.0,-0.138221895833333,0.0,True,True,24,3.825862522623105,3,"['Ag', 'Ga', 'Na']",Ag-Ga-Na,Na3Ga2Ag
mp-3214895,Na12Ga8AgPt3,0.0,-0.321782123125001,0.0,True,True,24,4.930403276600865,4,"['Ag', 'Ga', 'Na', 'Pt']",Ag-Ga-Na-Pt,Na12Ga8AgPt3
mp-1221042,NaGa6AgTe10,0.8436999999999991,-0.606150395539591,0.016050487777777,False,False,36,5.324548660832956,4,"['Ag', 'Ga', 'Na', 'Te']",Ag-Ga-Na-Te,NaGa6AgTe10
mp-1186238,Nd2GaAg,0.0,-0.458256392499997,0.027970631249999,True,False,4,7.503236300325396,3,"['Ag', 'Ga', 'Nd']",Ag-Ga-Nd,Nd2GaAg
mp-3293825,Nd3Ga8Ag3,0.0,-0.541155951249998,0.0,True,True,14,7.917715451064451,3,"['Ag', 'Ga', 'Nd']",Ag-Ga-Nd,Nd3Ga8Ag3
mp-1220217,NdGa3Ag,0.0,-0.490320010833315,0.021206871666663,True,False,5,7.318349264913989,3,"['Ag', 'Ga', 'Nd']",Ag-Ga-Nd,NdGa3Ag
mp-3252816,Nd2Zn3Ga4Ag,0.0,-0.5391974475000011,0.0,True,True,10,7.537211699492877,4,"['Ag', 'Ga', 'Nd', 'Zn']",Ag-Ga-Nd-Zn,Nd2Zn3Ga4Ag
mp-3170091,TbGa3NiAg,0.0,-0.539296447500002,0.0,True,True,12,8.735456449210641,4,"['Ag', 'Ga', 'Ni', 'Tb']",Ag-Ga-Ni-Tb,TbGa3NiAg
mp-1096971,GaAgO2,0.5611,-1.582296671041656,5.880874998975828e-05,False,False,4,7.226031186679116,3,"['Ag', 'Ga', 'O']",Ag-Ga-O,GaAgO2
mp-3207947,GaAg(PO3)6,1.0341,-2.064045355013735,0.005595502334934,False,False,26,2.96755375861058,4,"['Ag', 'Ga', 'O', 'P']",Ag-Ga-O-P,GaAg(PO3)6
mp-3206654,Ga3Ag4RhO8,0.7665999999999991,-1.268769219375,0.0,False,True,16,7.411654627431174,4,"['Ag', 'Ga', 'O', 'Rh']",Ag-Ga-O-Rh,Ga3Ag4RhO8
mp-1212668,GaAg(SO4)2,3.1128,-1.741106626180554,0.003705269583334,False,False,12,3.931478110798113,4,"['Ag', 'Ga', 'O', 'S']",Ag-Ga-O-S,GaAg(SO4)2
mp-3203596,GaAg(SeO4)2,1.6265,-0.8978011302604171,0.0,False,True,12,4.805228698909431,4,"['Ag', 'Ga', 'O', 'Se']",Ag-Ga-O-Se,GaAg(SeO4)2
mp-654129,GaAg(PSe3)2,1.7134999999999991,-0.5038413846264871,0.0,False,True,80,4.315263003000939,4,"['Ag', 'Ga', 'P', 'Se']",Ag-Ga-P-Se,GaAg(PSe3)2
mp-862903,PmGaAg2,0.0,-0.32887987145834,0.020437802500001,True,False,4,8.423403648067891,3,"['Ag', 'Ga', 'Pm']",Ag-Ga-Pm,PmGaAg2
mp-1100765,Pm2GaAg,0.0,-0.478967364999999,0.0,True,True,4,7.696456327123272,3,"['Ag', 'Ga', 'Pm']",Ag-Ga-Pm,Pm2GaAg
mp-1186684,Pr2GaAg,0.0,-0.387378685624997,0.014460342500001,True,False,4,7.210784539951253,3,"['Ag', 'Ga', 'Pr']",Ag-Ga-Pr,Pr2GaAg
mp-3241046,PrGa3Ag,0.0,-0.5486146913333321,0.0,True,True,5,7.637563822267991,3,"['Ag', 'Ga', 'Pr']",Ag-Ga-Pr,PrGa3Ag
mp-3248741,SmGaAgPt3,0.0,-0.907278037500001,0.0,True,True,6,14.196006142232337,4,"['Ag', 'Ga', 'Pt', 'Sm']",Ag-Ga-Pt-Sm,SmGaAgPt3
mp-3248968,TbGaAgPt3,0.0,-0.931192402499997,0.0,True,True,6,14.584683310497931,4,"['Ag', 'Ga', 'Pt', 'Tb']",Ag-Ga-Pt-Tb,TbGaAgPt3
mp-3251829,YbGaAgPt3,0.0,-0.9326727783333312,0.0,True,True,6,15.09455469791576,4,"['Ag', 'Ga', 'Pt', 'Yb']",Ag-Ga-Pt-Yb,YbGaAgPt3
mp-3214736,Zn21GaAgRh3,0.0,-0.214796892692307,0.0,True,True,26,8.374898952060956,4,"['Ag', 'Ga', 'Rh', 'Zn']",Ag-Ga-Rh-Zn,Zn21GaAgRh3
mp-3241019,ZrGa4AgRh,0.0,-0.5416322642857111,0.003753702857157,True,False,7,8.066780537194903,4,"['Ag', 'Ga', 'Rh', 'Zr']",Ag-Ga-Rh-Zr,ZrGa4AgRh
mp-5342,GaAgS2,0.9622,-0.620011173906249,0.0,False,True,8,4.669724656821038,3,"['Ag', 'Ga', 'S']",Ag-Ga-S,GaAgS2
mp-1224820,GaAgSeS,0.606899999999999,-0.57429897359375,0.005698029375002,False,False,8,5.018410061321145,4,"['Ag', 'Ga', 'S', 'Se']",Ag-Ga-S-Se,GaAgSeS
mp-1224856,Ga2Ag2SeS3,0.7837000000000001,-0.5955354256249981,0.004468662812499,False,False,8,4.783778685599678,4,"['Ag', 'Ga', 'S', 'Se']",Ag-Ga-S-Se,Ga2Ag2SeS3
mp-1224864,Ga2Ag2Se3S,0.408,-0.5550351278125071,0.004954789687493,False,False,8,5.217715597255709,4,"['Ag', 'Ga', 'S', 'Se']",Ag-Ga-S-Se,Ga2Ag2Se3S
mp-1215695,Zn3GaAgS5,2.243,-0.8124821436205331,0.013141335714287,False,False,20,4.21213015625014,4,"['Ag', 'Ga', 'S', 'Zn']",Ag-Ga-S-Zn,Zn3GaAgS5
mp-3208186,Zr10GaAgSb6,0.0,-0.796105552500001,0.0,True,True,18,7.887113821214743,4,"['Ag', 'Ga', 'Sb', 'Zr']",Ag-Ga-Sb-Zr,Zr10GaAgSb6
mp-862339,Sc2GaAg,0.0,-0.49452463625,0.012685692499999,True,False,4,5.703249195487366,3,"['Ag', 'Ga', 'Sc']",Ag-Ga-Sc,Sc2GaAg
mp-1096036,ScGaAg2,0.0,1.573681409833321,1.927433891208336,True,False,4,0.5694716812507751,3,"['Ag', 'Ga', 'Sc']",Ag-Ga-Sc,ScGaAg2
mp-5518,GaAgSe2,0.249199999999999,-0.5399828320312511,0.0,False,True,8,5.606598705752501,3,"['Ag', 'Ga', 'Se']",Ag-Ga-Se,GaAgSe2
mp-27163,Ga(Ag3Se2)3,0.0,-0.241621111210935,0.0,True,True,64,7.187846613743383,3,"['Ag', 'Ga', 'Se']",Ag-Ga-Se,Ga(Ag3Se2)3
mp-1224848,GaAgSnSe4,0.8903000000000001,-0.6752889890773811,0.0,False,True,7,5.083101460811751,4,"['Ag', 'Ga', 'Se', 'Sn']",Ag-Ga-Se-Sn,GaAgSnSe4
mp-1224849,Ga2Ag2TeSe3,0.2366,-0.48101503933594,0.009506582812498,False,False,8,5.498866596064178,4,"['Ag', 'Ga', 'Se', 'Te']",Ag-Ga-Se-Te,Ga2Ag2TeSe3
mp-1224853,GaAgTeSe,0.246499999999999,-0.426735151640624,0.0143252606249999,False,False,8,5.571801891721202,4,"['Ag', 'Ga', 'Se', 'Te']",Ag-Ga-Se-Te,GaAgTeSe
mp-1206353,Zn2GaAgSe4,0.6409,-0.811317777317708,0.008480034375,False,False,8,5.243174328866135,4,"['Ag', 'Ga', 'Se', 'Zn']",Ag-Ga-Se-Zn,Zn2GaAgSe4
mp-3208410,Sr4GaSi6Ag,0.0,-0.478736822916668,0.0,True,True,12,4.082457558066366,4,"['Ag', 'Ga', 'Si', 'Sr']",Ag-Ga-Si-Sr,Sr4GaSi6Ag
mp-3250566,Yb4GaSi3Ag4,0.0,-0.491416207083332,0.113233719166661,True,False,12,8.849928045263356,4,"['Ag', 'Ga', 'Si', 'Yb']",Ag-Ga-Si-Yb,Yb4GaSi3Ag4
mp-3253633,Yb2GaSiAg2,0.0,-0.511077859166671,0.06683643611111,True,False,6,9.003221063715117,4,"['Ag', 'Ga', 'Si', 'Yb']",Ag-Ga-Si-Yb,Yb2GaSiAg2
mp-1187000,Sm2GaAg,0.0,-0.482621383749997,0.026533597500002,True,False,4,7.986587139527009,3,"['Ag', 'Ga', 'Sm']",Ag-Ga-Sm,Sm2GaAg
mp-1218984,SmGa3Ag,0.0,-0.527149344999998,0.0,True,True,5,8.017708138010994,3,"['Ag', 'Ga', 'Sm']",Ag-Ga-Sm,SmGa3Ag
mp-1219151,Sm4Ga7Ag5,0.0,-0.5389477703125001,0.027038755792407,True,False,16,8.468805043846547,3,"['Ag', 'Ga', 'Sm']",Ag-Ga-Sm,Sm4Ga7Ag5
mp-3203108,Sr2GaAg2Sn,0.0,-0.504227803333336,0.0,True,True,6,6.1907944651738624,4,"['Ag', 'Ga', 'Sn', 'Sr']",Ag-Ga-Sn-Sr,Sr2GaAg2Sn
mp-3202578,SrGa3Ag,0.0,-0.423241496999997,0.0,True,True,5,6.349411260041124,3,"['Ag', 'Ga', 'Sr']",Ag-Ga-Sr,SrGa3Ag
mp-1208317,TbGa2Ag,0.1192,-0.5163901227083311,0.0,False,True,16,8.821126460787541,3,"['Ag', 'Ga', 'Tb']",Ag-Ga-Tb,TbGa2Ag
mp-1208448,Tb4Ga12Ag,0.0,-0.5180501010784281,0.03928207401961,True,False,17,8.147802284766867,3,"['Ag', 'Ga', 'Tb']",Ag-Ga-Tb,Tb4Ga12Ag
mp-1103538,Tb3Ga8Ag3,0.0,-0.463394697499999,0.022525586726193,True,False,14,8.243329023946364,3,"['Ag', 'Ga', 'Tb']",Ag-Ga-Tb,Tb3Ga8Ag3
mp-1217528,TbGaAg,0.0,-0.479719860277774,0.005207874999999,True,False,6,8.851614268963631,3,"['Ag', 'Ga', 'Tb']",Ag-Ga-Tb,TbGaAg
mp-3250684,TbYb2Ga9Ag2,0.0,-0.452833068571432,0.028149208571427,True,False,14,8.642825131562295,4,"['Ag', 'Ga', 'Tb', 'Yb']",Ag-Ga-Tb-Yb,TbYb2Ga9Ag2
mp-675033,Ga12Ag2Te19,0.6990000000000001,-0.33241419060621,0.055252912878785,False,False,33,4.99977254197396,3,"['Ag', 'Ga', 'Te']",Ag-Ga-Te,Ga12Ag2Te19
mp-4899,GaAgTe2,0.1926,-0.342137992499999,0.0,False,True,8,5.863972664430087,3,"['Ag', 'Ga', 'Te']",Ag-Ga-Te,GaAgTe2
mp-3255278,Tm4Ga7Ag5,0.0,-0.5079698346875,0.0,True,True,16,9.41774201385565,3,"['Ag', 'Ga', 'Tm']",Ag-Ga-Tm,Tm4Ga7Ag5
mp-1103847,Tm3Ga8Ag3,0.0,-0.452541141142887,0.006635844642858,True,False,14,8.679274201926214,3,"['Ag', 'Ga', 'Tm']",Ag-Ga-Tm,Tm3Ga8Ag3
mp-3241028,Tm2Ga3Ag,0.0,-0.6269653741666681,0.0,True,True,6,9.061069629394506,3,"['Ag', 'Ga', 'Tm']",Ag-Ga-Tm,Tm2Ga3Ag
mp-1216629,TmGaAg,0.0,-0.5259411300000021,0.008721183888876,True,False,6,9.507065492381647,3,"['Ag', 'Ga', 'Tm']",Ag-Ga-Tm,TmGaAg
mp-1187711,Y2GaAg,0.0,-0.465876212291666,0.009130138749998,True,False,4,6.296553042624031,3,"['Ag', 'Ga', 'Y']",Ag-Ga-Y,Y2GaAg
mp-1097584,YGaAg2,0.0,1.622675377291666,2.001003146086309,True,False,4,0.5174061122000421,3,"['Ag', 'Ga', 'Y']",Ag-Ga-Y,YGaAg2
mp-1104155,Y3Ga8Ag3,0.0,-0.45480550392857,0.013943520357147,True,False,14,7.026599570850552,3,"['Ag', 'Ga', 'Y']",Ag-Ga-Y,Y3Ga8Ag3
mp-1215988,YGaAg,0.0,-0.482890601388887,0.001827202777778,True,False,6,7.016335417606445,3,"['Ag', 'Ga', 'Y']",Ag-Ga-Y,YGaAg
mp-1216072,Y2Ga3Ag,0.0,-0.5705049506944461,0.0,True,True,6,6.55440985980117,3,"['Ag', 'Ga', 'Y']",Ag-Ga-Y,Y2Ga3Ag
mp-1207558,YbGa2Ag,0.0,-0.529884916875001,0.0,True,True,16,9.487636689550742,3,"['Ag', 'Ga', 'Yb']",Ag-Ga-Yb,YbGa2Ag
mp-3310420,Yb3Ga8Ag3,0.0,-0.446844138571427,0.009120639517195,True,False,14,8.902998198559859,3,"['Ag', 'Ga', 'Yb']",Ag-Ga-Yb,Yb3Ga8Ag3
mp-1097139,ZnGaAg2,0.0,1.041052103546009,1.073400501809896,True,False,4,0.6954876815112081,3,"['Ag', 'Ga', 'Zn']",Ag-Ga-Zn,ZnGaAg2
mp-3230410,Zn2GaAg6,0.0,-0.041693672222218,0.0,True,True,9,9.578741405326973,3,"['Ag', 'Ga', 'Zn']",Ag-Ga-Zn,Zn2GaAg6
mp-3335394,Zn(GaAg3)2,0.0,-0.036813816111109,0.0,True,True,9,9.514432408622303,3,"['Ag', 'Ga', 'Zn']",Ag-Ga-Zn,Zn(GaAg3)2
mp-3214300,Zr6Zn22GaAg,0.0,-0.316745865166666,0.0,True,True,30,7.645685159897969,4,"['Ag', 'Ga', 'Zn', 'Zr']",Ag-Ga-Zn-Zr,Zr6Zn22GaAg
mp-542779,GdAg,0.0,-0.247884267499991,0.0,True,True,2,9.023691683662689,2,"['Ag', 'Gd']",Ag-Gd,GdAg
mp-1184474,GdAg3,0.0,1.056183848333333,1.243891905833333,True,False,8,9.217625602711902,2,"['Ag', 'Gd']",Ag-Gd,GdAg3
mp-1185588,Gd3Ag,0.0,0.002433807500004,0.126375941250003,True,False,8,8.503278698567916,2,"['Ag', 'Gd']",Ag-Gd,Gd3Ag
mp-19783,GdAg2,0.0,-0.25027741,0.0,True,True,3,9.483592013205676,2,"['Ag', 'Gd']",Ag-Gd,GdAg2
mp-9341,GdAgGe,0.0,-0.646289025555554,0.0,True,True,9,8.87147321884245,3,"['Ag', 'Gd', 'Ge']",Ag-Gd-Ge,GdAgGe
mp-1184352,Gd2AgHg,0.0,-0.387522218124999,0.004464794999996,True,False,4,10.268804223135165,3,"['Ag', 'Gd', 'Hg']",Ag-Gd-Hg,Gd2AgHg
mp-1224988,Gd2InAg,0.0,-0.431605303749996,0.0,True,True,4,8.685897730255697,3,"['Ag', 'Gd', 'In']",Ag-Gd-In,Gd2InAg
mp-1184371,Gd2AgIr,0.0,-0.566996866249994,0.0,True,True,4,11.556403007482231,3,"['Ag', 'Gd', 'Ir']",Ag-Gd-Ir,Gd2AgIr
mp-1184543,GdLuAg2,0.0,-0.31449813,0.0,True,True,4,9.789609256893971,3,"['Ag', 'Gd', 'Lu']",Ag-Gd-Lu,GdLuAg2
mp-1184490,GdMgAg2,0.0,-0.281870002083331,0.0,True,True,4,7.634428878330672,3,"['Ag', 'Gd', 'Mg']",Ag-Gd-Mg,GdMgAg2
mp-20149,GdMg2Ag,0.0,-0.070372727916666,0.100817939999999,True,False,4,5.625116529129446,3,"['Ag', 'Gd', 'Mg']",Ag-Gd-Mg,GdMg2Ag
mp-1212605,GdNb5Ag2O15,1.9167,-2.732323519927536,0.076406552857148,False,False,46,5.635275963988269,4,"['Ag', 'Gd', 'Nb', 'O']",Ag-Gd-Nb-O,GdNb5Ag2O15
mp-558152,GdAg(PO3)4,2.3239,-2.704469561957672,0.001282464236133,False,False,72,3.98096759913866,4,"['Ag', 'Gd', 'O', 'P']",Ag-Gd-O-P,GdAg(PO3)4
mp-1212867,GdAg(WO4)2,2.8117,-2.360401465555556,0.0,False,True,24,7.757556596287999,4,"['Ag', 'Gd', 'O', 'W']",Ag-Gd-O-W,GdAg(WO4)2
mp-3253655,GdZn3AgPt,0.0,-0.5432723766666641,0.0,True,True,6,10.726429062637251,4,"['Ag', 'Gd', 'Pt', 'Zn']",Ag-Gd-Pt-Zn,GdZn3AgPt
mp-1006068,Gd2AgRh,0.0,-0.505994883749998,0.013761679999994,True,False,4,9.795273884919432,3,"['Ag', 'Gd', 'Rh']",Ag-Gd-Rh,Gd2AgRh
mp-1184415,Gd2AgRu,0.0,-0.2686155775,0.0,True,True,4,9.887488412616934,3,"['Ag', 'Gd', 'Ru']",Ag-Gd-Ru,Gd2AgRu
mp-676156,Gd5AgS8,1.140399999999999,-2.120556462261904,0.157558984285717,False,False,14,6.511740294780003,3,"['Ag', 'Gd', 'S']",Ag-Gd-S,Gd5AgS8
mp-1200242,GdAgS2,1.0804,-1.578461152604164,0.086309711562499,False,False,32,5.758092196493516,3,"['Ag', 'Gd', 'S']",Ag-Gd-S,GdAgS2
mp-582282,GdAgSe2,0.064699999999999,-1.368606935781247,0.021316731249999,False,False,8,6.985420286601859,3,"['Ag', 'Gd', 'Se']",Ag-Gd-Se,GdAgSe2
mp-685977,Gd5AgSe8,0.9084,-1.901959810982142,0.026500565982136,False,False,14,7.4590066496789404,3,"['Ag', 'Gd', 'Se']",Ag-Gd-Se,Gd5AgSe8
mp-1079690,GdSiAg,0.0,-0.55599154722222,0.0,True,True,9,7.946716201609219,3,"['Ag', 'Gd', 'Si']",Ag-Gd-Si,GdSiAg
mp-21287,Gd(SiAg)2,0.0,-0.378731096666664,0.0,True,True,5,7.675095093215781,3,"['Ag', 'Gd', 'Si']",Ag-Gd-Si,Gd(SiAg)2
mp-1187078,SmGdAg2,0.0,-0.274063112499998,0.001099814999999,True,False,4,8.767654482745044,3,"['Ag', 'Gd', 'Sm']",Ag-Gd-Sm,SmGdAg2
mp-1224681,GdAgSn2,0.0,-0.428855018749999,0.031558852499998,True,False,4,8.776637804994252,3,"['Ag', 'Gd', 'Sn']",Ag-Gd-Sn,GdAgSn2
mp-1184366,Gd2TlAg,0.0,-0.364098448749999,0.0,True,True,4,9.976121590800506,3,"['Ag', 'Gd', 'Tl']",Ag-Gd-Tl,Gd2TlAg
mp-1187833,YbGdAg2,0.0,-0.298137601250001,0.010085509999996,True,False,4,9.695624241184431,3,"['Ag', 'Gd', 'Yb']",Ag-Gd-Yb,YbGdAg2
mp-1184380,Gd2ZnAg,0.0,-0.276772129999997,0.021224254999999,True,False,4,8.288858736555584,3,"['Ag', 'Gd', 'Zn']",Ag-Gd-Zn,Gd2ZnAg
mp-1183245,AgGe3,0.0,0.285283582083334,0.285283582083334,True,False,4,6.860004287321993,2,"['Ag', 'Ge']",Ag-Ge,AgGe3
mp-985282,Ag3Ge,0.0,0.099730906250002,0.099730906250002,True,False,4,9.121116272495344,2,"['Ag', 'Ge']",Ag-Ge,Ag3Ge
mp-3204522,Hf6Zn22AgGe,0.0,-0.257120033166667,0.0,True,True,30,9.740726595173932,4,"['Ag', 'Ge', 'Hf', 'Zn']",Ag-Ge-Hf-Zn,Hf6Zn22AgGe
mp-542199,Ag4HgGe2S7,0.463099999999999,-0.462988504047618,0.002292635,False,False,28,5.043673354156452,4,"['Ag', 'Ge', 'Hg', 'S']",Ag-Ge-Hg-S,Ag4HgGe2S7
mp-1229141,Ag2HgGeS4,0.4441,-0.463996551354166,0.0,False,True,16,5.334012673413459,4,"['Ag', 'Ge', 'Hg', 'S']",Ag-Ge-Hg-S,Ag2HgGeS4
mp-1229209,Ag6HgGeSe6,0.0112,-0.334078452254463,0.027349276428572,False,False,28,6.48243268264221,4,"['Ag', 'Ge', 'Hg', 'Se']",Ag-Ge-Hg-Se,Ag6HgGeSe6
mp-7093,HoAgGe,0.0,-0.404483169444442,0.165098475555563,True,False,9,8.958476944389789,3,"['Ag', 'Ge', 'Ho']",Ag-Ge-Ho,HoAgGe
mp-3332471,Ho3(Ag2Ge)2,0.0,-0.597058782777774,0.0,True,True,9,9.587986957033998,3,"['Ag', 'Ge', 'Ho']",Ag-Ge-Ho,Ho3(Ag2Ge)2
mp-1224168,Ho6Ag(GeS7)2,0.0,-1.7040003711594172,0.029636678908518,True,False,23,5.785871020655526,4,"['Ag', 'Ge', 'Ho', 'S']",Ag-Ge-Ho-S,Ho6Ag(GeS7)2
mp-3222312,Ho2Sc(AgGe)3,0.0,-0.67511832111111,0.0,True,True,9,8.604387492604118,4,"['Ag', 'Ge', 'Ho', 'Sc']",Ag-Ge-Ho-Sc,Ho2Sc(AgGe)3
mp-3231488,SmHo2(AgGe)3,0.0,-0.7147484272222211,0.0,True,True,9,9.106000654386255,4,"['Ag', 'Ge', 'Ho', 'Sm']",Ag-Ge-Ho-Sm,SmHo2(AgGe)3
mp-3246308,YHo2(AgGe)3,0.0,-0.718789421666662,0.0,True,True,9,8.689306636576386,4,"['Ag', 'Ge', 'Ho', 'Y']",Ag-Ge-Ho-Y,YHo2(AgGe)3
mp-561034,Ag9Ge2IO8,0.0,-0.852792308999998,0.030360694499999,True,False,20,6.498901538499684,4,"['Ag', 'Ge', 'I', 'O']",Ag-Ge-I-O,Ag9Ge2IO8
mp-560386,In2Ag2GeS6,0.9615,-0.6585591751515131,0.011679044034087,False,False,22,4.393444683859895,4,"['Ag', 'Ge', 'In', 'S']",Ag-Ge-In-S,In2Ag2GeS6
mp-505607,In2Ag2GeSe6,0.436999999999999,-0.614902007339014,0.018397578636367,False,False,22,5.396807383214333,4,"['Ag', 'Ge', 'In', 'Se']",Ag-Ge-In-Se,In2Ag2GeSe6
mp-1223893,InAgGeSe4,0.8570000000000001,-0.6230491889583321,0.0,False,True,7,5.260498372037042,4,"['Ag', 'Ge', 'In', 'Se']",Ag-Ge-In-Se,InAgGeSe4
mp-1224264,In4Ag3(GeSe4)4,0.0,-0.5683692166358021,0.061247134259287,True,False,27,5.091418989836059,4,"['Ag', 'Ge', 'In', 'Se']",Ag-Ge-In-Se,In4Ag3(GeSe4)4
mp-558500,K2Ag2GeS4,1.688,-0.8864509708703691,0.0,False,True,18,3.523747712574194,4,"['Ag', 'Ge', 'K', 'S']",Ag-Ge-K-S,K2Ag2GeS4
mp-1188845,K2Ag2GeSe4,1.077799999999999,-0.838273520245369,0.0,False,True,18,4.299351589694061,4,"['Ag', 'Ge', 'K', 'Se']",Ag-Ge-K-Se,K2Ag2GeSe4
mp-1207066,La(AgGe)2,0.0,-0.517549644999999,0.0,True,True,5,7.939360668880852,3,"['Ag', 'Ge', 'La']",Ag-Ge-La,La(AgGe)2
mp-20568,LaAgGe,0.0,-0.7271804850000001,0.0,True,True,6,7.362504135352646,3,"['Ag', 'Ge', 'La']",Ag-Ge-La,LaAgGe
mp-617632,La3AgGeS7,1.9759,-1.809153059930555,0.0,False,True,24,4.824773562402956,4,"['Ag', 'Ge', 'La', 'S']",Ag-Ge-La-S,La3AgGeS7
mp-1184969,Li2AgGe,0.0,-0.241829315833333,0.021377205434782,True,False,4,5.48716330839868,3,"['Ag', 'Ge', 'Li']",Ag-Ge-Li,Li2AgGe
mp-9472,LiAg2Ge,0.0,-0.158556680416666,0.0,True,True,4,7.630947618275482,3,"['Ag', 'Ge', 'Li']",Ag-Ge-Li,LiAg2Ge
mp-29166,Li3Ag2Ge3,0.0,-0.147521931041666,0.072156784375,True,False,16,5.654653653627879,3,"['Ag', 'Ge', 'Li']",Ag-Ge-Li,Li3Ag2Ge3
mp-3230281,Li5(AgGe)2,0.0,-0.33509798037037,0.0,True,True,9,4.788102499885636,3,"['Ag', 'Ge', 'Li']",Ag-Ge-Li,Li5(AgGe)2
mp-1222558,Li3Ag3Ge2,0.0,-0.158525746874999,0.05235585396739,True,False,8,6.206657846931799,3,"['Ag', 'Ge', 'Li']",Ag-Ge-Li,Li3Ag3Ge2
mp-1205963,LuAgGe,0.0,-0.6070375399999991,0.0,True,True,9,10.067144826974864,3,"['Ag', 'Ge', 'Lu']",Ag-Ge-Lu,LuAgGe
mp-1329814,Mg3Ag2(GeO4)3,0.0,-1.842501384666666,0.175472853416663,True,False,80,5.002955372234431,4,"['Ag', 'Ge', 'Mg', 'O']",Ag-Ge-Mg-O,Mg3Ag2(GeO4)3
mp-2223650,MgAg2(GeO3)2,0.002099999999999,-1.558513868030302,0.281991434545449,False,False,11,5.503447541100521,4,"['Ag', 'Ge', 'Mg', 'O']",Ag-Ge-Mg-O,MgAg2(GeO3)2
mp-2228680,MgAg4(GeO4)2,0.0,-1.313477109444443,0.154245916666664,True,False,15,5.621522475623633,4,"['Ag', 'Ge', 'Mg', 'O']",Ag-Ge-Mg-O,MgAg4(GeO4)2
mp-3249671,Tb3Mg3AgGe2,0.006,-0.671891663333335,0.0,False,True,9,6.678841649325826,4,"['Ag', 'Ge', 'Mg', 'Tb']",Ag-Ge-Mg-Tb,Tb3Mg3AgGe2
mp-1211361,MnAg2GeSe4,0.0088,-0.491092853204921,0.0,False,True,16,5.203132791166355,4,"['Ag', 'Ge', 'Mn', 'Se']",Ag-Ge-Mn-Se,MnAg2GeSe4
mp-1025568,MnAg2GeTe4,0.0,-0.295916490366379,0.004934026874999,True,False,8,5.543122142240874,4,"['Ag', 'Ge', 'Mn', 'Te']",Ag-Ge-Mn-Te,MnAg2GeTe4
mp-1245460,AgGe2N3,0.5654,0.019035748055555,0.168829856944444,False,False,12,6.474443201069483,3,"['Ag', 'Ge', 'N']",Ag-Ge-N,AgGe2N3
mp-1229182,Ag9Ge2NO11,0.070999999999999,-0.8601393658695641,0.015115329782608,False,False,23,6.16447229062361,4,"['Ag', 'Ge', 'N', 'O']",Ag-Ge-N-O,Ag9Ge2NO11
mp-1194446,Na5AgGe2S7,1.758199999999999,-1.03734780407088,0.0,False,True,30,2.833343572443051,4,"['Ag', 'Ge', 'Na', 'S']",Ag-Ge-Na-S,Na5AgGe2S7
mp-1210225,Na5AgGe2Se7,1.1633,-0.951418009997964,0.0,False,True,30,3.775613549106419,4,"['Ag', 'Ge', 'Na', 'Se']",Ag-Ge-Na-Se,Na5AgGe2Se7
mp-3249384,NaYb(AgGe)2,0.0,-0.369990782500001,0.048330991180552,True,False,6,7.573281088372311,4,"['Ag', 'Ge', 'Na', 'Yb']",Ag-Ge-Na-Yb,NaYb(AgGe)2
mp-1206903,Nd3(AgGe)4,0.0,-0.61145357113636,0.0,True,True,11,8.200599846560099,3,"['Ag', 'Ge', 'Nd']",Ag-Ge-Nd,Nd3(AgGe)4
mp-4229,Nd(AgGe)2,0.0,-0.470724409499999,0.0,True,True,5,8.268728093008578,3,"['Ag', 'Ge', 'Nd']",Ag-Ge-Nd,Nd(AgGe)2
mp-3246305,Nd3Si2Ag3Ge,0.0,-0.6233863363888881,0.0,True,True,9,7.446566339145487,4,"['Ag', 'Ge', 'Nd', 'Si']",Ag-Ge-Nd-Si,Nd3Si2Ag3Ge
mp-3211045,NiAg2GeO4,0.6002000000000001,-1.129256351249999,0.0,False,True,16,7.21546442156639,4,"['Ag', 'Ge', 'Ni', 'O']",Ag-Ge-Ni-O,NiAg2GeO4
mp-755127,Ag2GeO4,0.0,-1.071060896190475,0.106118254285713,True,False,14,6.176992378539396,3,"['Ag', 'Ge', 'O']",Ag-Ge-O,Ag2GeO4
mp-759939,AgGeO3,0.0,-1.309913022333333,0.161109081999994,True,False,10,6.66947885108977,3,"['Ag', 'Ge', 'O']",Ag-Ge-O,AgGeO3
mp-679950,Ag8Ge3O10,0.2621,-1.051739932777777,0.052903270238093,False,False,168,6.467928842757477,3,"['Ag', 'Ge', 'O']",Ag-Ge-O,Ag8Ge3O10
mp-554988,Ag2Ge2O5,1.0401,-1.485430639074073,0.05755108907407,False,False,108,6.113411017503664,3,"['Ag', 'Ge', 'O']",Ag-Ge-O,Ag2Ge2O5
mp-5563,Ag5GeO4,0.7290999999999991,-0.815454045583334,0.020922968083331,False,False,40,7.707218325841522,3,"['Ag', 'Ge', 'O']",Ag-Ge-O,Ag5GeO4
mp-560342,Ag4GeO4,0.0,-0.8931182618518501,0.03618953111111,True,False,36,6.829465369294989,3,"['Ag', 'Ge', 'O']",Ag-Ge-O,Ag4GeO4
mp-983589,Ag2GeO3,0.2116,-1.20002395347222,0.036120807083332,False,False,24,6.505166443541104,3,"['Ag', 'Ge', 'O']",Ag-Ge-O,Ag2GeO3
mp-15487,Ag6Ge2O7,0.008799999999999,-1.017148676166665,0.034893903833331,False,False,60,6.507809808309484,3,"['Ag', 'Ge', 'O']",Ag-Ge-O,Ag6Ge2O7
mp-1220239,Rb3AgGe4(Se5O)2,0.0115,-0.7834545128802091,0.247984922507808,False,False,20,3.70112797385168,5,"['Ag', 'Ge', 'O', 'Rb', 'Se']",Ag-Ge-O-Rb-Se,Rb3AgGe4(Se5O)2
mp-558786,Ag6GeSO8,0.0,-1.083719238593748,0.0,True,True,32,6.214380537691588,4,"['Ag', 'Ge', 'O', 'S']",Ag-Ge-O-S,Ag6GeSO8
mp-1196546,Ag2Ge(S2O7)3,2.8072,-1.599947565999999,0.0,False,True,180,3.197653665902322,4,"['Ag', 'Ge', 'O', 'S']",Ag-Ge-O-S,Ag2Ge(S2O7)3
mp-3206082,Ag2GeTeO6,0.5364999999999991,-1.062530114750001,0.0,False,True,20,6.637512703845178,4,"['Ag', 'Ge', 'O', 'Te']",Ag-Ge-O-Te,Ag2GeTeO6
mp-1199576,U3Ag2(GeO8)2,0.0118,-2.128331237753621,0.400342727971017,False,False,92,6.4542397137992005,4,"['Ag', 'Ge', 'O', 'U']",Ag-Ge-O-U,U3Ag2(GeO8)2
mp-1201239,U2Ag(GeO6)2,0.0,-2.33030369862745,0.18581843215686,True,False,34,5.621935639207129,4,"['Ag', 'Ge', 'O', 'U']",Ag-Ge-O-U,U2Ag(GeO6)2
mp-1330159,Zn3Ag2(GeO4)3,0.3826,-1.390625902291666,0.222170622541667,False,False,80,5.808881692845656,4,"['Ag', 'Ge', 'O', 'Zn']",Ag-Ge-O-Zn,Zn3Ag2(GeO4)3
mp-15144,ZnAg2GeO4,0.266799999999999,-1.353360922916665,0.030939900000001,False,False,16,6.00871390916307,4,"['Ag', 'Ge', 'O', 'Zn']",Ag-Ge-O-Zn,ZnAg2GeO4
mp-17862,Ag3Ge5P6,0.5388000000000001,-0.041898267346937,0.0,False,True,28,5.220634131745827,3,"['Ag', 'Ge', 'P']",Ag-Ge-P,Ag3Ge5P6
mp-3208019,Si3Ag3(GeP3)2,0.826499999999999,-0.143064035561224,0.0,False,True,28,4.617633808344466,4,"['Ag', 'Ge', 'P', 'Si']",Ag-Ge-P-Si,Si3Ag3(GeP3)2
mp-17568,Ag3Sn2(GeP2)3,0.215499999999999,-0.03840222770408,0.0,False,True,28,5.340445307762437,4,"['Ag', 'Ge', 'P', 'Sn']",Ag-Ge-P-Sn,Ag3Sn2(GeP2)3
mp-861942,Ag2GePbS4,1.3699,-0.550358512291666,0.0,False,True,16,5.680462312578542,4,"['Ag', 'Ge', 'Pb', 'S']",Ag-Ge-Pb-S,Ag2GePbS4
mp-862979,Pm2AgGe,0.0,-0.581500837499998,0.0,True,True,4,7.924135650729113,3,"['Ag', 'Ge', 'Pm']",Ag-Ge-Pm,Pm2AgGe
mp-3334073,Pm(AgGe)2,0.0,-0.4628961795,0.0,True,True,5,8.368812247582639,3,"['Ag', 'Ge', 'Pm']",Ag-Ge-Pm,Pm(AgGe)2
mp-5564,Pr(AgGe)2,0.0,-0.425653747,0.0,True,True,5,8.119590688790277,3,"['Ag', 'Ge', 'Pr']",Ag-Ge-Pr,Pr(AgGe)2
mp-1205486,Pr3(AgGe)4,0.0,-0.6041863440909091,0.0,True,True,11,8.007312976564572,3,"['Ag', 'Ge', 'Pr']",Ag-Ge-Pr,Pr3(AgGe)4
mp-1206286,PrAgGe,0.0,-0.5995956611111091,0.0,True,True,6,7.67058520289682,3,"['Ag', 'Ge', 'Pr']",Ag-Ge-Pr,PrAgGe
mp-862792,Pr3AgGeS7,1.8295,-1.706676552847221,0.0,False,True,24,5.010635594977072,4,"['Ag', 'Ge', 'Pr', 'S']",Ag-Ge-Pr-S,Pr3AgGeS7
mp-3246343,TbAgGePt3,0.0,-0.8563987941666651,0.0,True,True,6,14.608568040582655,4,"['Ag', 'Ge', 'Pt', 'Tb']",Ag-Ge-Pt-Tb,TbAgGePt3
mp-3245593,YbAgGePt3,0.0,-0.8535092766666661,0.0,True,True,6,15.120602466455235,4,"['Ag', 'Ge', 'Pt', 'Yb']",Ag-Ge-Pt-Yb,YbAgGePt3
mp-3212537,Rb3AgGe4,1.4515,-0.23866501296875,0.0,False,True,16,4.062226468082279,3,"['Ag', 'Ge', 'Rb']",Ag-Ge-Rb,Rb3AgGe4
mp-555852,Rb2Ag2GeS4,1.907,-0.8837679525925921,0.0,False,True,18,3.916568023192983,4,"['Ag', 'Ge', 'Rb', 'S']",Ag-Ge-Rb-S,Rb2Ag2GeS4
mp-3207983,Rb2Ag2GeSe4,1.6914,-0.753230999305552,0.0,False,True,18,4.768747171726899,4,"['Ag', 'Ge', 'Rb', 'Se']",Ag-Ge-Rb-Se,Rb2Ag2GeSe4
mp-9770,Ag8GeS6,0.6102000000000001,-0.327256603055552,0.0,False,True,60,6.204443918976512,3,"['Ag', 'Ge', 'S']",Ag-Ge-S,Ag8GeS6
mp-9900,Ag2GeS3,0.4646,-0.466993922638889,0.0,False,True,12,4.767775067226904,3,"['Ag', 'Ge', 'S']",Ag-Ge-S,Ag2GeS3
mp-3205299,Ag8Ge(SeS2)2,0.571499999999999,-0.224468374624999,0.0,False,True,30,6.47745314125875,4,"['Ag', 'Ge', 'S', 'Se']",Ag-Ge-S-Se,Ag8Ge(SeS2)2
mp-1216221,Y6Ag(GeS7)2,0.0,-1.704682671594201,0.024120125448368,True,False,23,4.183496137029126,4,"['Ag', 'Ge', 'S', 'Y']",Ag-Ge-S-Y,Y6Ag(GeS7)2
mp-1215558,ZnAg2GeS4,0.9342,-0.629615587291665,0.0,False,True,8,4.5236130059032345,4,"['Ag', 'Ge', 'S', 'Zn']",Ag-Ge-S-Zn,ZnAg2GeS4
mp-1080424,ScAgGe,0.0,-0.601758970000001,0.0,True,True,9,6.776488378636029,3,"['Ag', 'Ge', 'Sc']",Ag-Ge-Sc,ScAgGe
mp-1096802,Ag2GeSe3,0.062599999999999,-0.424073460060761,0.000986133281251,False,False,12,5.642427207102897,3,"['Ag', 'Ge', 'Se']",Ag-Ge-Se,Ag2GeSe3
mp-18474,Ag8GeSe6,0.0,-0.332501900159722,0.0,True,True,30,6.964153481804489,3,"['Ag', 'Ge', 'Se']",Ag-Ge-Se,Ag8GeSe6
mp-3251508,Yb4SiAg4Ge3,0.0,-0.490516517916669,0.187549744722222,True,False,12,9.437743938355142,4,"['Ag', 'Ge', 'Si', 'Yb']",Ag-Ge-Si-Yb,Yb4SiAg4Ge3
mp-972680,Sm(AgGe)2,0.0,-0.398434781666666,0.0,True,True,5,8.500414390010063,3,"['Ag', 'Ge', 'Sm']",Ag-Ge-Sm,Sm(AgGe)2
mp-1205782,Sm3(AgGe)4,0.0,-0.6077658827272701,0.0,True,True,11,8.536606771693194,3,"['Ag', 'Ge', 'Sm']",Ag-Ge-Sm,Sm3(AgGe)4
mp-1205967,Sm2AgGe6,0.0,-0.339370590185185,0.101852413333332,True,False,9,7.236212209575673,3,"['Ag', 'Ge', 'Sm']",Ag-Ge-Sm,Sm2AgGe6
mp-1206436,SmAgGe,0.0,-0.645727611666667,0.0,True,True,9,8.494956574384684,3,"['Ag', 'Ge', 'Sm']",Ag-Ge-Sm,SmAgGe
mp-3246939,Tb2Sm(AgGe)3,0.0,-0.7252411238888871,0.0,True,True,9,8.880532065278011,4,"['Ag', 'Ge', 'Sm', 'Tb']",Ag-Ge-Sm-Tb,Tb2Sm(AgGe)3
mp-7879,Sr(AgGe)2,0.0,-0.359259511999999,0.0,True,True,5,6.9311012856804535,3,"['Ag', 'Ge', 'Sr']",Ag-Ge-Sr,Sr(AgGe)2
mp-1218537,SrAgGe,0.0,-0.452680055809524,0.017854054428568,True,False,15,5.793741699775748,3,"['Ag', 'Ge', 'Sr']",Ag-Ge-Sr,SrAgGe
mp-10079,TbAgGe,0.0,-0.413653852222221,0.16858003333334,True,False,9,8.64431990825617,3,"['Ag', 'Ge', 'Tb']",Ag-Ge-Tb,TbAgGe
mp-3332442,Tb3(Ag2Ge)2,0.0,-0.6071531611111141,0.0,True,True,9,9.225688005696489,3,"['Ag', 'Ge', 'Tb']",Ag-Ge-Tb,Tb3(Ag2Ge)2
mp-676168,Ag8GeTe6,0.0857,-0.040192731833326,0.040688231500006,False,False,30,6.731560740338856,3,"['Ag', 'Ge', 'Te']",Ag-Ge-Te,Ag8GeTe6
mp-1078772,TmAgGe,0.0,-0.6274370800000051,0.0,True,True,9,9.735397804224284,3,"['Ag', 'Ge', 'Tm']",Ag-Ge-Tm,TmAgGe
mp-3232024,Tm3Zn3AgGe2,0.0,-0.6691095033333391,0.0,True,True,9,9.305814768272388,4,"['Ag', 'Ge', 'Tm', 'Zn']",Ag-Ge-Tm-Zn,Tm3Zn3AgGe2
mp-1205828,YAgGe,0.0,-0.723900040555555,0.0,True,True,9,7.216775173321383,3,"['Ag', 'Ge', 'Y']",Ag-Ge-Y,YAgGe
mp-3251239,Yb4Ag5Ge3,0.0,-0.452166289583336,0.157824797499987,True,False,12,9.65239989389741,3,"['Ag', 'Ge', 'Yb']",Ag-Ge-Yb,Yb4Ag5Ge3
mp-865630,Yb2AgGe,0.0,-0.5485388037500021,0.067651486041665,True,False,4,10.170196881270565,3,"['Ag', 'Ge', 'Yb']",Ag-Ge-Yb,Yb2AgGe
mp-9776,YbAgGe,0.0,-0.6936264977777751,0.0,True,True,9,9.929462656494517,3,"['Ag', 'Ge', 'Yb']",Ag-Ge-Yb,YbAgGe
mp-3208584,Zr6Zn22AgGe,0.0,-0.340336527499999,0.0,True,True,30,7.689228931083931,4,"['Ag', 'Ge', 'Zn', 'Zr']",Ag-Ge-Zn-Zr,Zr6Zn22AgGe
mp-1096804,AgH,0.8512000000000001,0.120898396666667,0.120898396666667,False,False,4,7.757016317640359,2,"['Ag', 'H']",Ag-H,AgH
mp-3247048,HoAgH6Os,2.9824,-0.406165411388889,0.0,False,True,9,9.321058691387211,4,"['Ag', 'H', 'Ho', 'Os']",Ag-H-Ho-Os,HoAgH6Os
mp-1196199,AgH36S8I2(N3O4)3,3.157599999999999,-0.82507733612745,0.063050818419116,False,False,136,2.14021287328699,6,"['Ag', 'H', 'I', 'N', 'O', 'S']",Ag-H-I-N-O-S,AgH36S8I2(N3O4)3
mp-555477,Ag2H3IO6,0.6966000000000001,-0.7965391460069441,0.063344919791669,False,False,12,5.613015747803879,4,"['Ag', 'H', 'I', 'O']",Ag-H-I-O,Ag2H3IO6
mp-1215150,Ag6H3IO6,0.0,-0.389764671171874,0.286235509244789,True,False,16,6.778780237694461,4,"['Ag', 'H', 'I', 'O']",Ag-H-I-O,Ag6H3IO6
mp-1196678,InAgP2(HO4)2,2.422799999999999,-2.055145711258503,0.005252583571438,False,False,56,4.062667358733092,5,"['Ag', 'H', 'In', 'O', 'P']",Ag-H-In-O-P,InAgP2(HO4)2
mp-3249022,LaAgSbH,0.0,-0.8004717609374971,0.0,True,True,8,7.5496442775577615,4,"['Ag', 'H', 'La', 'Sb']",Ag-H-La-Sb,LaAgSbH
mp-695951,LiAg2P3(HO5)2,2.4329,-2.044618744894181,0.018636907500006,False,False,36,3.704017785437344,5,"['Ag', 'H', 'Li', 'O', 'P']",Ag-H-Li-O-P,LiAg2P3(HO5)2
mp-2218118,MgAgMoH4S4N,0.1888,-0.543696382222221,0.243057129652786,False,False,12,3.173371198585866,6,"['Ag', 'H', 'Mg', 'Mo', 'N', 'S']",Ag-H-Mg-Mo-N-S,MgAgMoH4S4N
mp-2218200,MgAgH4WS4N,0.0,-0.495210006388888,0.297135003715276,True,False,12,3.8472500475656473,6,"['Ag', 'H', 'Mg', 'N', 'S', 'W']",Ag-H-Mg-N-S-W,MgAgH4WS4N
mp-1212305,MnAg4P6(HO3)6,0.0,-1.620905316570137,0.309054150723832,True,False,35,3.231546097652443,5,"['Ag', 'H', 'Mn', 'O', 'P']",Ag-H-Mn-O-P,MnAg4P6(HO3)6
mp-1103149,AgMoH4S4N,1.035999999999999,-0.578132262878787,0.041689485681818,False,False,11,2.902924702810142,5,"['Ag', 'H', 'Mo', 'N', 'S']",Ag-H-Mo-N-S,AgMoH4S4N
mp-695967,Ag3P6H12N3O19,0.8478,-1.5787636918106311,0.110632787548449,False,False,86,2.992956115798695,5,"['Ag', 'H', 'N', 'O', 'P']",Ag-H-N-O-P,Ag3P6H12N3O19
mp-1201487,AgPHNO2,2.1822,-1.264748006954364,0.087204983229167,False,False,72,4.05955431168489,5,"['Ag', 'H', 'N', 'O', 'P']",Ag-H-N-O-P,AgPHNO2
mp-696992,AgP2H8SN7O2,3.3529,-0.528217666378968,0.198511193445583,False,False,84,2.250857219752022,6,"['Ag', 'H', 'N', 'O', 'P', 'S']",Ag-H-N-O-P-S,AgP2H8SN7O2
mp-1202149,Ag2H6PdS2(NO3)2,1.8948999999999991,-0.942110982938596,0.106560705592102,False,False,38,3.88341159971347,6,"['Ag', 'H', 'N', 'O', 'Pd', 'S']",Ag-H-N-O-Pd-S,Ag2H6PdS2(NO3)2
mp-1197263,AgH10Rh(N3O5)2,2.1401,-0.769085047202381,0.168780196071428,False,False,112,2.576151538054806,5,"['Ag', 'H', 'N', 'O', 'Rh']",Ag-H-N-O-Rh,AgH10Rh(N3O5)2
mp-697268,AgH2SNO3,3.0727,-1.016621968177083,0.080453865566906,False,False,64,3.487724566794192,5,"['Ag', 'H', 'N', 'O', 'S']",Ag-H-N-O-S,AgH2SNO3
mp-723002,Ag2H12S(NO)4,2.9514,-0.7796728774275351,0.026502457499999,False,False,46,2.655344744124491,5,"['Ag', 'H', 'N', 'O', 'S']",Ag-H-N-O-S,Ag2H12S(NO)4
mp-1199390,AgH20S6N5O9,3.2499,-0.847204696077235,0.110346935100353,False,False,164,1.9851114155211207,5,"['Ag', 'H', 'N', 'O', 'S']",Ag-H-N-O-S,AgH20S6N5O9
mp-1200371,AgH36S8N11O18,2.354,-0.817968676103603,0.184749435211144,False,False,148,1.876805687549728,5,"['Ag', 'H', 'N', 'O', 'S']",Ag-H-N-O-S,AgH36S8N11O18
mp-1215046,Ag3HSN3O2,0.0,0.171170537375,0.7465635063108961,True,False,40,3.922511361694778,5,"['Ag', 'H', 'N', 'O', 'S']",Ag-H-N-O-S,Ag3HSN3O2
mp-695941,Ag3H13SeN4O5,2.1569,-0.6396731714843741,0.189629746666668,False,False,104,3.194401600161009,5,"['Ag', 'H', 'N', 'O', 'Se']",Ag-H-N-O-Se,Ag3H13SeN4O5
mp-643431,AgH4WS4N,1.7101,-0.59661094560606,0.022874924772727,False,False,11,3.697259817031458,5,"['Ag', 'H', 'N', 'S', 'W']",Ag-H-N-S-W,AgH4WS4N
mp-1195193,Ag12Sn7H16(Se11N2)2,0.222299999999999,-0.480199285845285,0.0,False,True,122,4.886247051612521,5,"['Ag', 'H', 'N', 'Se', 'Sn']",Ag-H-N-Se-Sn,Ag12Sn7H16(Se11N2)2
mp-3248119,NdAgH6Os,2.9601,-0.394945266111109,0.0,False,True,9,8.223676281278896,4,"['Ag', 'H', 'Nd', 'Os']",Ag-H-Nd-Os,NdAgH6Os
mp-3249720,NdAgH6Ru,2.649699999999999,-0.405561006666665,0.0,False,True,9,6.73655400437164,4,"['Ag', 'H', 'Nd', 'Ru']",Ag-H-Nd-Ru,NdAgH6Ru
mp-24731,Ni3AgP3(HO6)2,2.9368,-1.971772172528344,0.0,False,True,42,4.36648713134976,5,"['Ag', 'H', 'Ni', 'O', 'P']",Ag-H-Ni-O-P,Ni3AgP3(HO6)2
mp-1210391,NiAg4P6(HO3)6,0.0,-1.587136401486394,0.28577660686835,True,False,35,3.436280008773384,5,"['Ag', 'H', 'Ni', 'O', 'P']",Ag-H-Ni-O-P,NiAg4P6(HO3)6
mp-769295,AgH8O5,0.291799999999999,-1.081010833154761,0.079359127678569,False,False,56,2.456676438616933,3,"['Ag', 'H', 'O']",Ag-H-O,AgH8O5
mp-769296,AgH9O5,2.4145,-1.104905665361111,0.078660414416666,False,False,60,2.276728548603985,3,"['Ag', 'H', 'O']",Ag-H-O,AgH9O5
mp-769355,AgH3O2,1.396399999999999,-0.94354993861111,0.095360770833332,False,False,48,4.005088740433466,3,"['Ag', 'H', 'O']",Ag-H-O,AgH3O2
mp-777775,Ag(H7O4)2,0.0,-1.137662682137681,0.069520204456523,True,False,92,2.060844318277737,3,"['Ag', 'H', 'O']",Ag-H-O,Ag(H7O4)2
mp-778019,Ag2H16O9,2.5301,-1.095874616975308,0.076976250185183,False,False,108,2.5644140931167883,3,"['Ag', 'H', 'O']",Ag-H-O,Ag2H16O9
mp-996958,AgHO2,0.0,-0.728314120729166,0.0,True,True,8,4.216910870486556,3,"['Ag', 'H', 'O']",Ag-H-O,AgHO2
mp-707138,Ag2PHO4,1.3274,-1.5734414415699391,0.0,False,True,24,4.997597387476359,4,"['Ag', 'H', 'O', 'P']",Ag-H-O-P,Ag2PHO4
mp-1195759,Ag2P2H2O7,2.1369,-1.815974185778388,0.001177638493597,False,False,52,4.372446529424763,4,"['Ag', 'H', 'O', 'P']",Ag-H-O-P,Ag2P2H2O7
mp-3312492,Ag2P3HO9,2.6784,-1.7806863504285722,0.0,False,True,30,3.849244670644285,4,"['Ag', 'H', 'O', 'P']",Ag-H-O-P,Ag2P3HO9
mp-1214993,Ag3P3HO9,0.0053,-1.76723582532366,0.127820403906254,False,False,32,4.164963442270271,4,"['Ag', 'H', 'O', 'P']",Ag-H-O-P,Ag3P3HO9
mp-860963,Ag2H4(SO4)3,2.8821,-1.449344143492063,0.0,False,True,84,3.1911550258767,4,"['Ag', 'H', 'O', 'S']",Ag-H-O-S,Ag2H4(SO4)3
mp-24072,AgH5S2O9,3.6925,-1.44861504502451,0.0,False,True,68,2.740715050486992,4,"['Ag', 'H', 'O', 'S']",Ag-H-O-S,AgH5S2O9
mp-1193238,Ag2Te(H2O3)2,0.7501000000000001,-1.096259264615384,0.013845830384617,False,False,26,5.266986817585312,4,"['Ag', 'H', 'O', 'Te']",Ag-H-O-Te,Ag2Te(H2O3)2
mp-24576,VAg(HO2)2,2.0853,-1.542220900520833,0.034627990624999,False,False,32,3.510264524754673,4,"['Ag', 'H', 'O', 'V']",Ag-H-O-V,VAg(HO2)2
mp-3253740,PrAgH6Os,2.9395,-0.386707321018518,0.0,False,True,9,8.039753723678235,4,"['Ag', 'H', 'Os', 'Pr']",Ag-H-Os-Pr,PrAgH6Os
mp-3201030,ScAgH6Os,2.680599999999999,-0.311922101388889,0.0,False,True,9,7.514494584105054,4,"['Ag', 'H', 'Os', 'Sc']",Ag-H-Os-Sc,ScAgH6Os
mp-3208312,Ag2PHS4,2.1949,-0.245272344747023,0.0,False,True,16,3.842484973906141,4,"['Ag', 'H', 'P', 'S']",Ag-H-P-S,Ag2PHS4
mp-3206532,Sr3AgP2H,1.3144999999999991,-0.9671213463860552,0.0,False,True,28,4.3300767071143484,4,"['Ag', 'H', 'P', 'Sr']",Ag-H-P-Sr,Sr3AgP2H
mp-3231112,SmAgH6Ru,2.5841,-0.412864291388888,0.0,False,True,9,7.042882395015087,4,"['Ag', 'H', 'Ru', 'Sm']",Ag-H-Ru-Sm,SmAgH6Ru
mp-3201928,YAgH6Ru,2.617,-0.412982796944444,0.0,False,True,9,6.092272786694843,4,"['Ag', 'H', 'Ru', 'Y']",Ag-H-Ru-Y,YAgH6Ru
mp-3204418,SrAgH9W,3.262799999999999,-0.209736408368054,0.0,False,True,36,5.9707429898268,4,"['Ag', 'H', 'Sr', 'W']",Ag-H-Sr-W,SrAgH9W
mp-13155,Hf2Ag,0.0,-0.113598525000005,0.0,True,True,3,12.656477086056126,2,"['Ag', 'Hf']",Ag-Hf,Hf2Ag
mp-13156,HfAg,0.0,-0.113591427499997,0.0,True,True,4,12.358941234292455,2,"['Ag', 'Hf']",Ag-Hf,HfAg
mp-1184564,Hf3Ag,0.0,0.097794913749986,0.182993807499997,True,False,4,12.788018261107103,2,"['Ag', 'Hf']",Ag-Hf,Hf3Ag
mp-3201636,K2Hf(AgTe2)2,1.7936,-0.869808315277778,0.0,False,True,9,5.313630736430682,4,"['Ag', 'Hf', 'K', 'Te']",Ag-Hf-K-Te,K2Hf(AgTe2)2
mp-3209715,LuHfAgS4,1.0361,-1.675416166845236,0.0,False,True,14,6.165503305133865,4,"['Ag', 'Hf', 'Lu', 'S']",Ag-Hf-Lu-S,LuHfAgS4
mp-3207733,HfAg3(NO3)8,0.106699999999999,-0.500941154583335,0.0,False,True,36,3.382390732523529,4,"['Ag', 'Hf', 'N', 'O']",Ag-Hf-N-O,HfAg3(NO3)8
mp-3202978,NaHfAg3Te4,2.156499999999999,-0.585735078333331,0.0,False,True,9,5.876802985128538,4,"['Ag', 'Hf', 'Na', 'Te']",Ag-Hf-Na-Te,NaHfAg3Te4
mp-3212518,Hf16Nb3Ni4Ag,0.0,-0.210860467291671,0.0,True,True,24,12.28197889296937,4,"['Ag', 'Hf', 'Nb', 'Ni']",Ag-Hf-Nb-Ni,Hf16Nb3Ni4Ag
mp-3211014,Hf2Ag(PO4)3,4.3441,-2.841619869107142,0.0,False,True,36,4.9217274713345365,4,"['Ag', 'Hf', 'O', 'P']",Ag-Hf-O-P,Hf2Ag(PO4)3
mp-3207541,HfAg4Te3O14,0.0,-1.187584630113636,0.0,True,True,22,7.2454478518454914,4,"['Ag', 'Hf', 'O', 'Te']",Ag-Hf-O-Te,HfAg4Te3O14
mp-1224331,Hf4AgPd,0.0,-0.3206426375,0.002079878333333,True,False,6,13.018889591606712,3,"['Ag', 'Hf', 'Pd']",Ag-Hf-Pd,Hf4AgPd
mp-9780,RbHfAgTe3,0.319399999999999,-0.98028485986111,0.0,False,True,12,6.227956555955067,4,"['Ag', 'Hf', 'Rb', 'Te']",Ag-Hf-Rb-Te,RbHfAgTe3
mp-3336907,Rb2Hf(AgTe2)2,1.8567999999999991,-0.894173051388889,0.0,False,True,9,5.593080582315142,4,"['Ag', 'Hf', 'Rb', 'Te']",Ag-Hf-Rb-Te,Rb2Hf(AgTe2)2
mp-1096457,Hf2ReAg,0.119699999999999,3.475862473958334,3.724187624449995,False,False,4,1.066774167482622,3,"['Ag', 'Hf', 'Re']",Ag-Hf-Re,Hf2ReAg
mp-28941,HfAg2S3,1.113499999999999,-0.929111802656251,0.033572714583332,False,False,24,6.568914396083118,3,"['Ag', 'Hf', 'S']",Ag-Hf-S,HfAg2S3
mp-3213362,HfScAgS4,0.964499999999999,-1.610629163035714,0.0,False,True,14,4.992320340255079,4,"['Ag', 'Hf', 'S', 'Sc']",Ag-Hf-S-Sc,HfScAgS4
mp-3250345,TbHfAgS4,1.049999999999999,-1.668222945892856,0.0,False,True,14,5.804330691244051,4,"['Ag', 'Hf', 'S', 'Tb']",Ag-Hf-S-Tb,TbHfAgS4
mp-3210588,YHfAgS4,1.0678,-1.672171667321425,0.0,False,True,14,5.118899647840679,4,"['Ag', 'Hf', 'S', 'Y']",Ag-Hf-S-Y,YHfAgS4
mp-3209450,Hf6Zn22SiAg,0.0,-0.263757763000002,0.0,True,True,30,9.621177054612025,4,"['Ag', 'Hf', 'Si', 'Zn']",Ag-Hf-Si-Zn,Hf6Zn22SiAg
mp-758433,AgHg,0.0,0.085358954166665,0.085358954166665,True,False,2,12.438795681727514,2,"['Ag', 'Hg']",Ag-Hg,AgHg
mp-759790,Ag2Hg5,0.0,0.079788250952373,0.079788250952375,True,False,14,12.433692600006896,2,"['Ag', 'Hg']",Ag-Hg,Ag2Hg5
mp-770023,Ag2Hg3,0.0,0.08231893853333,0.082318938533326,True,False,50,12.350975691893154,2,"['Ag', 'Hg']",Ag-Hg,Ag2Hg3
mp-770433,Ag11Hg9,0.0,0.078607919083339,0.078607919083331,True,False,20,11.843214432671,2,"['Ag', 'Hg']",Ag-Hg,Ag11Hg9
mp-1183210,AgHg3,0.0,0.112961487083332,0.112961487083332,True,False,4,12.889389675443114,2,"['Ag', 'Hg']",Ag-Hg,AgHg3
mp-1183250,Ag3Hg,0.0,0.021212263125001,0.021212263125001,True,False,8,11.854474513769263,2,"['Ag', 'Hg']",Ag-Hg,Ag3Hg
mp-1229093,Ag2Hg,0.0,0.054669044166667,0.054669044166669,True,False,3,12.04099188665414,2,"['Ag', 'Hg']",Ag-Hg,Ag2Hg
mp-864775,HoAgHg2,0.0,-0.319932665416669,0.0,True,True,4,12.98363762987694,3,"['Ag', 'Hg', 'Ho']",Ag-Hg-Ho,HoAgHg2
mp-1184691,Ho2AgHg,0.0,-0.397117221041666,0.004439394999998,True,False,4,11.03848132762869,3,"['Ag', 'Hg', 'Ho']",Ag-Hg-Ho,Ho2AgHg
mp-3230843,Ho3In3AgHg2,0.0,-0.555199777222223,0.0,True,True,9,10.5375919863504,4,"['Ag', 'Hg', 'Ho', 'In']",Ag-Hg-Ho-In,Ho3In3AgHg2
mp-3231406,Ho3Si2Ag3Hg,0.0,-0.5827384719444431,0.0,True,True,9,9.571682155784885,4,"['Ag', 'Hg', 'Ho', 'Si']",Ag-Hg-Ho-Si,Ho3Si2Ag3Hg
mp-675242,Ag2HgI4,0.0,-0.337210195119048,0.17515235142857,True,False,21,4.558720777962089,3,"['Ag', 'Hg', 'I']",Ag-Hg-I,Ag2HgI4
mp-3213199,AgHg2IO6,0.072799999999999,-0.347824087,0.0,False,True,20,8.973211229614293,4,"['Ag', 'Hg', 'I', 'O']",Ag-Hg-I-O,AgHg2IO6
mp-672339,Ag2Hg7(P4I3)2,0.7439,-0.227516768172879,0.012546369032091,False,False,23,6.950178012052023,4,"['Ag', 'Hg', 'I', 'P']",Ag-Hg-I-P,Ag2Hg7(P4I3)2
mp-1229218,Ag6Hg(P10I)2,1.0085,-0.078329913977831,0.001645343986043,False,False,58,4.400143558373095,4,"['Ag', 'Hg', 'I', 'P']",Ag-Hg-I-P,Ag6Hg(P10I)2
mp-556866,Ag2HgSI2,1.2212,-0.441604789722222,0.0,False,True,12,5.874190989845033,4,"['Ag', 'Hg', 'I', 'S']",Ag-Hg-I-S,Ag2HgSI2
mp-558446,AgHgSI,1.1391,-0.425366622916667,0.001065505,False,False,16,6.583453009080383,4,"['Ag', 'Hg', 'I', 'S']",Ag-Hg-I-S,AgHgSI
mp-3230983,Lu3In3Ag2Hg,0.0,-0.474131131944438,0.0,True,True,9,10.55178743841919,4,"['Ag', 'Hg', 'In', 'Lu']",Ag-Hg-In-Lu,Lu3In3Ag2Hg
mp-3231977,Tb3In3AgHg2,0.0,-0.581305111111115,0.0,True,True,9,10.210975714017913,4,"['Ag', 'Hg', 'In', 'Tb']",Ag-Hg-In-Tb,Tb3In3AgHg2
mp-1224083,In3Ag3(HgTe4)2,0.9131,-0.328148814687505,0.001470820624998,False,False,16,6.088146919898707,4,"['Ag', 'Hg', 'In', 'Te']",Ag-Hg-In-Te,In3Ag3(HgTe4)2
mp-3253505,Tm3In3Ag2Hg,0.0,-0.503710423055559,0.0,True,True,9,10.24377892342376,4,"['Ag', 'Hg', 'In', 'Tm']",Ag-Hg-In-Tm,Tm3In3Ag2Hg
mp-3210772,AgHgIr2O7,0.0,-0.6297861717045461,0.0,True,True,22,10.152857823398856,4,"['Ag', 'Hg', 'Ir', 'O']",Ag-Hg-Ir-O,AgHgIr2O7
mp-3200739,KAg(HgO2)2,0.8740999999999991,-0.590258643593749,0.0,False,True,8,7.737635976861983,4,"['Ag', 'Hg', 'K', 'O']",Ag-Hg-K-O,KAg(HgO2)2
mp-1184971,LaAg2Hg,0.0,-0.323846586458334,0.030047124166667,True,False,4,9.658786957290832,3,"['Ag', 'Hg', 'La']",Ag-Hg-La,LaAg2Hg
mp-1185100,La2AgHg,0.0,-0.428156240625,0.000220194999997,True,False,4,8.472414695340017,3,"['Ag', 'Hg', 'La']",Ag-Hg-La,La2AgHg
mp-867245,LaAgHg2,0.0,-0.428254491250001,0.004949376250003,True,False,4,11.049522532950933,3,"['Ag', 'Hg', 'La']",Ag-Hg-La,LaAgHg2
mp-3241278,La2AgHg3,0.0,-0.52239570125,0.0,True,True,6,10.541352392567946,3,"['Ag', 'Hg', 'La']",Ag-Hg-La,La2AgHg3
mp-3230865,La3Ag2HgPd3,0.0,-0.6777128036111151,0.0,True,True,9,9.162858023696389,4,"['Ag', 'Hg', 'La', 'Pd']",Ag-Hg-La-Pd,La3Ag2HgPd3
mp-1093677,LiAg2Hg,0.0,0.824556603125,1.012572419166666,True,False,4,0.6877779638033741,3,"['Ag', 'Hg', 'Li']",Ag-Hg-Li,LiAg2Hg
mp-1096330,LiAgHg2,1.043399999999999,0.469834478541667,0.664248619583332,False,False,4,0.8372615481917001,3,"['Ag', 'Hg', 'Li']",Ag-Hg-Li,LiAgHg2
mp-865874,Li2AgHg,0.0,-0.288340681458333,0.0,True,True,4,8.270531853513921,3,"['Ag', 'Hg', 'Li']",Ag-Hg-Li,Li2AgHg
mp-865446,Lu2AgHg,0.0,-0.466458823958333,0.0,True,True,4,11.998053910779962,3,"['Ag', 'Hg', 'Lu']",Ag-Hg-Lu,Lu2AgHg
mp-1185507,LuAgHg2,0.0,-0.327388936666665,0.0,True,True,4,13.546731456626286,3,"['Ag', 'Hg', 'Lu']",Ag-Hg-Lu,LuAgHg2
mp-3341692,Lu5Ag4Hg,0.0,-0.39860293008333,0.0,True,True,10,11.19763330681686,3,"['Ag', 'Hg', 'Lu']",Ag-Hg-Lu,Lu5Ag4Hg
mp-3346015,Lu8AgHg3,0.0,-0.40619282006944,0.0,True,True,12,11.665159571518368,3,"['Ag', 'Hg', 'Lu']",Ag-Hg-Lu,Lu8AgHg3
mp-1185750,Mg2AgHg,0.0,-0.215083121041667,0.0,True,True,4,7.747348982635099,3,"['Ag', 'Hg', 'Mg']",Ag-Hg-Mg,Mg2AgHg
mp-1097433,MgAg2Hg,0.552,0.824385512291666,0.9553036582499992,False,False,4,0.70166978974863,3,"['Ag', 'Hg', 'Mg']",Ag-Hg-Mg,MgAg2Hg
mp-2240092,MgAg2(HgO2)2,0.6507000000000001,-0.9630057403703712,0.105713079444444,False,False,9,7.19448807226596,4,"['Ag', 'Hg', 'Mg', 'O']",Ag-Hg-Mg-O,MgAg2(HgO2)2
mp-2232484,MgV2Ag2(HgO4)2,1.6348,-1.564582594888889,0.150943485944448,False,False,15,5.623691206951673,5,"['Ag', 'Hg', 'Mg', 'O', 'V']",Ag-Hg-Mg-O-V,MgV2Ag2(HgO4)2
mp-560443,AgHg2NO5,0.5517000000000001,-0.680979918240742,0.0,False,True,36,6.965862710428799,4,"['Ag', 'Hg', 'N', 'O']",Ag-Hg-N-O,AgHg2NO5
mp-3297255,Ag3Hg(NO3)8,0.4931,-0.245204760069444,0.0,False,True,36,3.668504952711145,4,"['Ag', 'Hg', 'N', 'O']",Ag-Hg-N-O,Ag3Hg(NO3)8
mp-1229201,Ag6HgNO11,0.0,-0.537861301184209,0.0,True,True,19,6.649247718188572,4,"['Ag', 'Hg', 'N', 'O']",Ag-Hg-N-O,Ag6HgNO11
mp-3200883,Sr4AgHgN2,0.0,-0.585571824999998,0.0,True,True,8,5.752997718644696,4,"['Ag', 'Hg', 'N', 'Sr']",Ag-Hg-N-Sr,Sr4AgHgN2
mp-3213406,Zr4AgHgN2,0.0,-1.135519632499999,0.0,True,True,8,8.781446225929631,4,"['Ag', 'Hg', 'N', 'Zr']",Ag-Hg-N-Zr,Zr4AgHgN2
mp-3206150,Zr6AgHgN2,0.0,-0.961422683,0.0,True,True,10,8.156330359585127,4,"['Ag', 'Hg', 'N', 'Zr']",Ag-Hg-N-Zr,Zr6AgHgN2
mp-3201296,NaAg(HgO2)2,1.0325,-0.6039618131250031,0.0,False,True,8,8.517285614077249,4,"['Ag', 'Hg', 'Na', 'O']",Ag-Hg-Na-O,NaAg(HgO2)2
mp-864893,NdAgHg2,0.0,-0.416745356874997,0.0,True,True,4,11.68449333287051,3,"['Ag', 'Hg', 'Nd']",Ag-Hg-Nd,NdAgHg2
mp-974387,Nd2AgHg,0.0,-0.415051351875,0.003556877499995,True,False,4,9.1946979687878,3,"['Ag', 'Hg', 'Nd']",Ag-Hg-Nd,Nd2AgHg
mp-3229984,Nd3Ag2Hg3Rh,0.0,-0.541502287222215,0.0,True,True,9,10.579014332463366,4,"['Ag', 'Hg', 'Nd', 'Rh']",Ag-Hg-Nd-Rh,Nd3Ag2Hg3Rh
mp-997000,AgHgO2,0.0,-0.508349317291668,0.030465306875,True,False,8,8.607439519434182,3,"['Ag', 'Hg', 'O']",Ag-Hg-O,AgHgO2
mp-29816,Ag2HgO2,0.410299999999999,-0.454347214666667,0.0,False,True,20,9.15764298326302,3,"['Ag', 'Hg', 'O']",Ag-Hg-O,Ag2HgO2
mp-556798,AgHg2PO4,1.1892,-1.508316294226191,0.0,False,True,32,7.613776461170054,4,"['Ag', 'Hg', 'O', 'P']",Ag-Hg-O-P,AgHg2PO4
mp-3206023,AgHg(PtO3)2,0.0,-0.5238638895000001,0.0,True,True,10,10.652661245992784,4,"['Ag', 'Hg', 'O', 'Pt']",Ag-Hg-O-Pt,AgHg(PtO3)2
mp-3204489,AgHgRu2O7,0.0,-0.8069470971590921,0.0,True,True,22,7.86964364304326,4,"['Ag', 'Hg', 'O', 'Ru']",Ag-Hg-O-Ru,AgHgRu2O7
mp-12362,AgHg3SbO6,0.709299999999999,-1.005880865833335,0.004104168863636,False,False,22,8.503908280692226,4,"['Ag', 'Hg', 'O', 'Sb']",Ag-Hg-O-Sb,AgHg3SbO6
mp-1194068,Ag5HgSbO6,0.0,-0.808870453910256,0.0,True,True,26,8.008612610108194,4,"['Ag', 'Hg', 'O', 'Sb']",Ag-Hg-O-Sb,Ag5HgSbO6
mp-558763,Ag2Hg(SeO3)2,1.9351,-0.91407234936553,0.012571866363638,False,False,88,6.406219939683736,4,"['Ag', 'Hg', 'O', 'Se']",Ag-Hg-O-Se,Ag2Hg(SeO3)2
mp-553949,Ag2Hg2(TeO4)3,0.1606,-1.105035922807017,0.0,False,True,38,7.50542218879301,4,"['Ag', 'Hg', 'O', 'Te']",Ag-Hg-O-Te,Ag2Hg2(TeO4)3
mp-1208167,VAg2HgO4,0.740699999999999,-1.2453469615104171,0.03137523979167,False,False,64,6.579442468924082,4,"['Ag', 'Hg', 'O', 'V']",Ag-Hg-O-V,VAg2HgO4
mp-18901,VAgHgO4,1.2204,-1.405343847738096,0.029641454285721,False,False,14,6.636389192642949,4,"['Ag', 'Hg', 'O', 'V']",Ag-Hg-O-V,VAgHgO4
mp-1216423,VAg3HgO4,1.459699999999999,-1.150673211944445,0.0,False,True,9,7.260232839310607,4,"['Ag', 'Hg', 'O', 'V']",Ag-Hg-O-V,VAg3HgO4
mp-3241385,AgHgPPd4,0.0,-0.35247257578231,0.0,True,True,7,11.268612093414584,4,"['Ag', 'Hg', 'P', 'Pd']",Ag-Hg-P-Pd,AgHgPPd4
mp-861501,AgHgPd2,0.0,-0.139443913541665,0.0,True,True,4,12.827224293893082,3,"['Ag', 'Hg', 'Pd']",Ag-Hg-Pd,AgHgPd2
mp-3231458,Pr3AgHg2Pd3,0.0,-0.687470602777775,0.0,True,True,9,10.053996513242405,4,"['Ag', 'Hg', 'Pd', 'Pr']",Ag-Hg-Pd-Pr,Pr3AgHg2Pd3
mp-3230554,Sm3Ag2Hg3Pd,0.0,-0.5515427013888821,0.0,True,True,9,10.966759235361447,4,"['Ag', 'Hg', 'Pd', 'Sm']",Ag-Hg-Pd-Sm,Sm3Ag2Hg3Pd
mp-3231625,Sm3AgHg3Pd2,0.0,-0.670513681944441,0.0,True,True,9,11.170025140392037,4,"['Ag', 'Hg', 'Pd', 'Sm']",Ag-Hg-Pd-Sm,Sm3AgHg3Pd2
mp-862874,PmAgHg2,0.0,-0.421870061874997,0.0,True,True,4,11.89026167073362,3,"['Ag', 'Hg', 'Pm']",Ag-Hg-Pm,PmAgHg2
mp-1186433,Pm2AgHg,0.0,-0.430485724375003,0.0,True,True,4,9.426769018859144,3,"['Ag', 'Hg', 'Pm']",Ag-Hg-Pm,Pm2AgHg
mp-861988,PrAgHg2,0.0,-0.354523539583339,0.0,True,True,4,11.436770927325632,3,"['Ag', 'Hg', 'Pr']",Ag-Hg-Pr,PrAgHg2
mp-975788,Pr2AgHg,0.0,-0.354060134375,0.0,True,True,4,8.886850722907585,3,"['Ag', 'Hg', 'Pr']",Ag-Hg-Pr,Pr2AgHg
mp-3231108,Tb3Ag2Hg3Pt,0.0,-0.6504672447222221,0.0,True,True,9,12.221182403228946,4,"['Ag', 'Hg', 'Pt', 'Tb']",Ag-Hg-Pt-Tb,Tb3Ag2Hg3Pt
mp-3231294,Tm3Ag2Hg3Pt,0.0,-0.6329027969444491,0.0,True,True,9,12.9112066426445,4,"['Ag', 'Hg', 'Pt', 'Tm']",Ag-Hg-Pt-Tm,Tm3Ag2Hg3Pt
mp-3170213,Y3Ag2Hg3Rh,0.0,-0.543772712500002,0.0,True,True,9,9.876637480340472,4,"['Ag', 'Hg', 'Rh', 'Y']",Ag-Hg-Rh-Y,Y3Ag2Hg3Rh
mp-9635,Ag2HgS2,0.419099999999999,-0.249867137166666,0.040528937999997,False,False,10,7.439905485131735,3,"['Ag', 'Hg', 'S']",Ag-Hg-S,Ag2HgS2
mp-1214926,Ag2SnHgS4,0.015699999999999,-0.469528931979166,0.0,False,True,16,5.361600318849351,4,"['Ag', 'Hg', 'S', 'Sn']",Ag-Hg-S-Sn,Ag2SnHgS4
mp-3269981,Sc8AgHg3,0.0,-0.367037067291671,0.0,True,True,12,6.648949424983831,3,"['Ag', 'Hg', 'Sc']",Ag-Hg-Sc,Sc8AgHg3
mp-862702,Sc2AgHg,0.0,-0.388856000625001,0.0,True,True,4,7.982122266357972,3,"['Ag', 'Hg', 'Sc']",Ag-Hg-Sc,Sc2AgHg
mp-1095869,ScAg2Hg,0.1654,1.30826482614583,1.549336822083333,False,False,4,0.71847405651264,3,"['Ag', 'Hg', 'Sc']",Ag-Hg-Sc,ScAg2Hg
mp-1097472,ScAgHg2,0.0933,1.165391724635416,1.414718771666667,False,False,4,0.7621203087594821,3,"['Ag', 'Hg', 'Sc']",Ag-Hg-Sc,ScAgHg2
mp-3301578,Si2Ag4HgSe7,0.881699999999999,-0.325234007924107,0.0,False,True,28,5.870762927111701,4,"['Ag', 'Hg', 'Se', 'Si']",Ag-Hg-Se-Si,Si2Ag4HgSe7
mp-1219355,SiAg6HgSe6,0.1021,-0.378230672254463,0.0,False,True,28,6.343058381270891,4,"['Ag', 'Hg', 'Se', 'Si']",Ag-Hg-Se-Si,SiAg6HgSe6
mp-10963,Ag2SnHgSe4,0.0,-0.474886693151042,0.0,True,True,16,6.031333391455092,4,"['Ag', 'Hg', 'Se', 'Sn']",Ag-Hg-Se-Sn,Ag2SnHgSe4
mp-1229187,Ag4Sn2(HgSe3)3,0.403499999999999,-0.45372355473669,0.017304647777777,False,False,18,6.163396721994734,4,"['Ag', 'Hg', 'Se', 'Sn']",Ag-Hg-Se-Sn,Ag4Sn2(HgSe3)3
mp-3231368,Y3Si2Ag3Hg,0.0,-0.588904923611112,0.0,True,True,9,7.408173810134374,4,"['Ag', 'Hg', 'Si', 'Y']",Ag-Hg-Si-Y,Y3Si2Ag3Hg
mp-867218,SmAgHg2,0.0,-0.414758697499998,0.0,True,True,4,12.108314638668093,3,"['Ag', 'Hg', 'Sm']",Ag-Hg-Sm,SmAgHg2
mp-978516,SmAg2Hg,0.0,-0.303810620115587,0.04029614631295,True,False,4,10.53046762760724,3,"['Ag', 'Hg', 'Sm']",Ag-Hg-Sm,SmAg2Hg
mp-978545,Sm2AgHg,0.0,-0.431318780624998,0.0,True,True,4,9.742714594941193,3,"['Ag', 'Hg', 'Sm']",Ag-Hg-Sm,Sm2AgHg
mp-1095988,Sr2AgHg,0.0,0.845680778958332,1.2653661248125,True,False,4,0.477123805563662,3,"['Ag', 'Hg', 'Sr']",Ag-Hg-Sr,Sr2AgHg
mp-3287170,Tb8AgHg3,0.0,-0.410232656458333,0.0,True,True,12,9.974133887093604,3,"['Ag', 'Hg', 'Tb']",Ag-Hg-Tb,Tb8AgHg3
mp-977387,TbAgHg2,0.0,-0.339733660833332,0.0,True,True,4,12.673632387848407,3,"['Ag', 'Hg', 'Tb']",Ag-Hg-Tb,TbAgHg2
mp-1187401,ThAgHg2,0.0,-0.197540111666667,0.00922046281863,True,False,4,12.988882822679512,3,"['Ag', 'Hg', 'Th']",Ag-Hg-Th,ThAgHg2
mp-3328195,Th2Ag3Hg,0.0,-0.218784177083335,0.0,True,True,6,11.67055190703301,3,"['Ag', 'Hg', 'Th']",Ag-Hg-Th,Th2Ag3Hg
mp-30341,TiAgHg2,0.0,0.088072113541663,0.140629245833331,True,False,4,11.510579579516508,3,"['Ag', 'Hg', 'Ti']",Ag-Hg-Ti,TiAgHg2
mp-3290336,Tm8AgHg3,0.0,-0.411481083125001,0.0,True,True,12,11.06193718221242,3,"['Ag', 'Hg', 'Tm']",Ag-Hg-Tm,Tm8AgHg3
mp-979176,Tm2AgHg,0.0,-0.468254340625001,0.0,True,True,4,11.48475293492331,3,"['Ag', 'Hg', 'Tm']",Ag-Hg-Tm,Tm2AgHg
mp-1187701,Y2AgHg,0.0,-0.463269228125003,0.0,True,True,4,8.192431522251177,3,"['Ag', 'Hg', 'Y']",Ag-Hg-Y,Y2AgHg
mp-1096471,YAg2Hg,0.299799999999999,1.305553916747076,1.632967079891305,False,False,4,0.6743281927036131,3,"['Ag', 'Hg', 'Y']",Ag-Hg-Y,YAg2Hg
mp-865502,YAgHg2,0.0,-0.383273225000003,0.0,True,True,4,11.349114391583033,3,"['Ag', 'Hg', 'Y']",Ag-Hg-Y,YAgHg2
mp-3241373,Y3Ag2Hg,0.0,-0.417732811250004,0.000250818333327,True,False,6,7.7567225037942205,3,"['Ag', 'Hg', 'Y']",Ag-Hg-Y,Y3Ag2Hg
mp-3341541,Y8AgHg3,0.0,-0.410759410625,0.0,True,True,12,7.135243656071659,3,"['Ag', 'Hg', 'Y']",Ag-Hg-Y,Y8AgHg3
mp-1187942,YbAgHg2,0.0,-0.346523201250001,0.0,True,True,4,13.41843017862442,3,"['Ag', 'Hg', 'Yb']",Ag-Hg-Yb,YbAgHg2
mp-979961,Yb2AgHg,0.0,-0.484379730625001,0.0,True,True,4,11.798943016429169,3,"['Ag', 'Hg', 'Yb']",Ag-Hg-Yb,Yb2AgHg
mp-3294581,Yb20(Ag3Hg)3,0.0,-0.225421842421873,0.094431289687499,True,False,32,9.554832353185772,3,"['Ag', 'Hg', 'Yb']",Ag-Hg-Yb,Yb20(Ag3Hg)3
mp-1093739,ZrAgHg2,0.0,1.62700063333333,1.710367418958332,True,False,4,0.852213191073471,3,"['Ag', 'Hg', 'Zr']",Ag-Hg-Zr,ZrAgHg2
mp-2778,HoAg,0.0,-0.32771211833333,0.0,True,True,2,9.78067093835864,2,"['Ag', 'Ho']",Ag-Ho,HoAg
mp-2120,HoAg2,0.0,-0.323417429444444,0.0,True,True,3,10.11696952386778,2,"['Ag', 'Ho']",Ag-Ho,HoAg2
mp-1224563,Ho14Ag51,0.0,-0.227769114999997,0.0,True,True,65,10.364916679299474,2,"['Ag', 'Ho']",Ag-Ho,Ho14Ag51
mp-3286085,Ho8In3Ag,0.0,-0.419468309999999,0.0,True,True,24,8.976333131760317,3,"['Ag', 'Ho', 'In']",Ag-Ho-In,Ho8In3Ag
mp-865297,Ho2InAg,0.0,-0.386477922083331,0.0,True,True,4,9.251721662987334,3,"['Ag', 'Ho', 'In']",Ag-Ho-In,Ho2InAg
mp-30342,HoInAg2,0.0,-0.353462816249996,0.0,True,True,4,9.93712644696812,3,"['Ag', 'Ho', 'In']",Ag-Ho-In,HoInAg2
mp-3247502,LiHoInAg,0.0,-0.458510876666661,0.0,True,True,4,8.222106312445622,4,"['Ag', 'Ho', 'In', 'Li']",Ag-Ho-In-Li,LiHoInAg
mp-3222844,Ho3In3Ni2Ag,0.0,-0.558988066666665,0.0,True,True,9,9.525020583024627,4,"['Ag', 'Ho', 'In', 'Ni']",Ag-Ho-In-Ni,Ho3In3Ni2Ag
mp-3337883,Ho3In3Ag2Pd,0.0,-0.651098618333334,0.0,True,True,9,9.62427504851524,4,"['Ag', 'Ho', 'In', 'Pd']",Ag-Ho-In-Pd,Ho3In3Ag2Pd
mp-3231479,Ho3In3AgPt2,0.0,-0.948936412222224,0.0,True,True,9,11.375303750036098,4,"['Ag', 'Ho', 'In', 'Pt']",Ag-Ho-In-Pt,Ho3In3AgPt2
mp-977358,Ho2AgIr,0.0,-0.622223012916663,0.022613972031249,True,False,4,12.17476036174275,3,"['Ag', 'Ho', 'Ir']",Ag-Ho-Ir,Ho2AgIr
mp-3342676,Ho3Ag5Ir,0.0,-0.455704526666661,0.0,True,True,9,10.77618594652002,3,"['Ag', 'Ho', 'Ir']",Ag-Ho-Ir,Ho3Ag5Ir
mp-3250338,LiHo2Ag3O8,1.0785999999999991,-1.744307014404759,0.0,False,True,14,7.877887841312137,4,"['Ag', 'Ho', 'Li', 'O']",Ag-Ho-Li-O,LiHo2Ag3O8
mp-1235646,LiHo2Ag2(WO4)4,0.0046,-2.307253790666666,0.114670026508321,False,False,25,7.871434551716215,5,"['Ag', 'Ho', 'Li', 'O', 'W']",Ag-Ho-Li-O-W,LiHo2Ag2(WO4)4
mp-3248212,LiHo2Si3Ag,0.0,-0.627012261666666,0.0,True,True,14,6.856055527784586,4,"['Ag', 'Ho', 'Li', 'Si']",Ag-Ho-Li-Si,LiHo2Si3Ag
mp-3170855,Li2Ho3AgSn3,0.0,-0.7255131525925921,0.0,True,True,9,7.774614054834891,4,"['Ag', 'Ho', 'Li', 'Sn']",Ag-Ho-Li-Sn,Li2Ho3AgSn3
mp-973283,HoLuAg2,0.0,-0.332111466249998,0.0,True,True,4,10.207320067139303,3,"['Ag', 'Ho', 'Lu']",Ag-Ho-Lu,HoLuAg2
mp-1184818,HoMgAg2,0.0,-0.293667080833332,0.0,True,True,4,8.119234873507535,3,"['Ag', 'Ho', 'Mg']",Ag-Ho-Mg,HoMgAg2
mp-1205940,HoMgAg,0.0,-0.253338496111107,0.0,True,True,9,7.160807943771469,3,"['Ag', 'Ho', 'Mg']",Ag-Ho-Mg,HoMgAg
mp-1233179,Ho2MgAg2(WO4)4,2.3238,-2.358743831533331,0.151563396966665,False,False,25,7.735100969204981,5,"['Ag', 'Ho', 'Mg', 'O', 'W']",Ag-Ho-Mg-O-W,Ho2MgAg2(WO4)4
mp-3230513,Ho3Mg3Ag2Ru,0.0,-0.319400942777775,0.0,True,True,9,7.363067968437932,4,"['Ag', 'Ho', 'Mg', 'Ru']",Ag-Ho-Mg-Ru,Ho3Mg3Ag2Ru
mp-3221704,Ho3Mg3Si2Ag,0.0,-0.5767642738888881,0.0,True,True,9,6.29642526000858,4,"['Ag', 'Ho', 'Mg', 'Si']",Ag-Ho-Mg-Si,Ho3Mg3Si2Ag
mp-3230691,Ho3Mg3AgSn2,0.0,-0.589959256111111,0.0,True,True,9,7.031870136616382,4,"['Ag', 'Ho', 'Mg', 'Sn']",Ag-Ho-Mg-Sn,Ho3Mg3AgSn2
mp-3248393,TbHoNi2Ag,0.0,-0.401593785999995,0.0,True,True,5,9.500910176071102,4,"['Ag', 'Ho', 'Ni', 'Tb']",Ag-Ho-Ni-Tb,TbHoNi2Ag
mp-3240315,HoZnNi3Ag,0.0,-0.336961204166667,0.0,True,True,6,10.022479049804671,4,"['Ag', 'Ho', 'Ni', 'Zn']",Ag-Ho-Ni-Zn,HoZnNi3Ag
mp-3249213,HoZn3NiAg,0.0,-0.360146162499998,0.0,True,True,6,9.409994457169985,4,"['Ag', 'Ho', 'Ni', 'Zn']",Ag-Ho-Ni-Zn,HoZn3NiAg
mp-3249976,Ho(AgO2)2,0.0,-1.533293600714285,0.0,True,True,14,8.483859168277693,3,"['Ag', 'Ho', 'O']",Ag-Ho-O,Ho(AgO2)2
mp-1212151,HoTa5Ag2O15,2.5934,-2.993087641521738,0.059794790869558,False,False,46,8.175553283633574,4,"['Ag', 'Ho', 'O', 'Ta']",Ag-Ho-O-Ta,HoTa5Ag2O15
mp-1212201,HoAg(WO4)2,3.1615,-2.376832600972221,0.002085601614586,False,False,24,8.428947801511642,4,"['Ag', 'Ho', 'O', 'W']",Ag-Ho-O-W,HoAg(WO4)2
mp-1184621,Ho2AgOs,0.0,-0.291966002916662,0.021547856875002,True,False,4,12.287243643265588,3,"['Ag', 'Ho', 'Os']",Ag-Ho-Os,Ho2AgOs
mp-31449,HoAgPb,0.0,-0.38020041888888,0.0,True,True,6,10.866911015886526,3,"['Ag', 'Ho', 'Pb']",Ag-Ho-Pb,HoAgPb
mp-3253430,HoAgPt4,0.0,-0.8034265766666611,0.0,True,True,6,16.495218106011215,3,"['Ag', 'Ho', 'Pt']",Ag-Ho-Pt,HoAgPt4
mp-3246640,HoZn3AgRh,0.0,-0.489592300833334,0.0,True,True,6,9.705843579254976,4,"['Ag', 'Ho', 'Rh', 'Zn']",Ag-Ho-Rh-Zn,HoZn3AgRh
mp-1184631,Ho2AgRu,0.0,-0.36814316791666,0.0,True,True,4,10.752211278139926,3,"['Ag', 'Ho', 'Ru']",Ag-Ho-Ru,Ho2AgRu
mp-3240342,Ho3AgRu2,0.0,-0.459043401666666,0.0,True,True,6,10.832376734876512,3,"['Ag', 'Ho', 'Ru']",Ag-Ho-Ru,Ho3AgRu2
mp-3300552,Ho10Ag3Ru,0.0,-0.284960357857142,0.0,True,True,28,9.44283898884352,3,"['Ag', 'Ho', 'Ru']",Ag-Ho-Ru,Ho10Ag3Ru
mp-1199297,HoAgS2,1.500899999999999,-1.565521068541661,7.81206250017874e-05,False,False,32,6.263633766727611,3,"['Ag', 'Ho', 'S']",Ag-Ho-S,HoAgS2
mp-1207314,Ho2AgSb3,0.106599999999999,2.212114391388891,3.038261886111111,False,False,6,0.410295846731662,3,"['Ag', 'Ho', 'Sb']",Ag-Ho-Sb,Ho2AgSb3
mp-3222609,Ho2Sc(SiAg)3,0.0,-0.6110995649999981,0.0,True,True,9,7.612786584201685,4,"['Ag', 'Ho', 'Sc', 'Si']",Ag-Ho-Sc-Si,Ho2Sc(SiAg)3
mp-675376,HoAgSe2,0.7128000000000001,-1.392939750338539,0.039868053750001,False,False,8,7.261928459575928,3,"['Ag', 'Ho', 'Se']",Ag-Ho-Se,HoAgSe2
mp-3231691,Ho3(SiAg2)2,0.0,-0.541963647222221,0.0,True,True,9,8.964861102628825,3,"['Ag', 'Ho', 'Si']",Ag-Ho-Si,Ho3(SiAg2)2
mp-3241357,HoThSi3Ag,0.0,-0.6404844374999971,0.0,True,True,6,7.933411020518818,4,"['Ag', 'Ho', 'Si', 'Th']",Ag-Ho-Si-Th,HoThSi3Ag
mp-3231111,Ho3Zn3Si2Ag,0.0,-0.622943980555555,0.0,True,True,9,8.28848283072079,4,"['Ag', 'Ho', 'Si', 'Zn']",Ag-Ho-Si-Zn,Ho3Zn3Si2Ag
mp-567670,Ho3(AgSn)4,0.0,-0.457134961969694,0.013917543363638,True,False,11,8.99653428774617,3,"['Ag', 'Ho', 'Sn']",Ag-Ho-Sn,Ho3(AgSn)4
mp-4311,HoAgSn,0.0,-0.57311995222222,0.0,True,True,6,9.256461574298765,3,"['Ag', 'Ho', 'Sn']",Ag-Ho-Sn,HoAgSn
mp-1223789,HoAgSn2,0.0,-0.423166764166664,0.009781167000001,True,False,4,9.135923589528614,3,"['Ag', 'Ho', 'Sn']",Ag-Ho-Sn,HoAgSn2
mp-12904,HoAgTe2,0.8999,-1.112067171249997,0.0,False,True,8,7.432829220433802,3,"['Ag', 'Ho', 'Te']",Ag-Ho-Te,HoAgTe2
mp-861993,Ho2TlAg,0.0,-0.329888033749998,0.0,True,True,4,10.71531178507109,3,"['Ag', 'Ho', 'Tl']",Ag-Ho-Tl,Ho2TlAg
mp-1184835,HoTmAg2,0.0,-0.329258187083332,0.006083385,True,False,4,10.003187431613757,3,"['Ag', 'Ho', 'Tm']",Ag-Ho-Tm,HoTmAg2
mp-979425,YHoAg2,0.0,-0.31519344458333,0.000338845000001,True,False,4,8.310874680204833,3,"['Ag', 'Ho', 'Y']",Ag-Ho-Y,YHoAg2
mp-3273456,HoZn10Ag,0.0,-0.229172900833333,0.0,True,True,24,8.34067886722631,3,"['Ag', 'Ho', 'Zn']",Ag-Ho-Zn,HoZn10Ag
mp-3292545,Ho2Zn3Ag4,0.0,-0.340609418888887,0.0,True,True,18,9.661012969271685,3,"['Ag', 'Ho', 'Zn']",Ag-Ho-Zn,Ho2Zn3Ag4
mp-1184634,Ho2ZnAg,0.0,-0.323386290416662,0.01193662,True,False,4,9.241678800470842,3,"['Ag', 'Ho', 'Zn']",Ag-Ho-Zn,Ho2ZnAg
mp-3309623,Ho2Zn2Ag5,0.0,-0.30244071611111,8.794648147514297e-05,True,False,18,9.829187118852396,3,"['Ag', 'Ho', 'Zn']",Ag-Ho-Zn,Ho2Zn2Ag5
mp-3327528,HoZn2Ag3,0.0,-0.26910061833333,0.0,True,True,6,9.681187807335512,3,"['Ag', 'Ho', 'Zn']",Ag-Ho-Zn,HoZn2Ag3
mp-684580,AgI,1.3143,-0.463901373333332,0.003858525,False,False,2,5.320322248904008,2,"['Ag', 'I']",Ag-I,AgI
mp-33154,AgI2,0.0,-0.299594967222221,0.012244965,True,False,3,5.145414428420103,2,"['Ag', 'I']",Ag-I,AgI2
mp-1206578,InAgI2,0.0,-0.304992944583331,0.267811168333333,True,False,4,6.035325179697333,3,"['Ag', 'I', 'In']",Ag-I-In,InAgI2
mp-3241132,InAgI4,2.3986,-0.5453721341666641,0.0,False,True,6,4.630051045836581,3,"['Ag', 'I', 'In']",Ag-I-In,InAgI4
mp-1112095,K2InAgI6,0.0,-0.9957382852833332,0.078214718249999,True,False,10,4.165875605751252,4,"['Ag', 'I', 'In', 'K']",Ag-I-In-K,K2InAgI6
mp-3204658,InAg(IO3)4,2.144799999999999,-0.5684623186111111,0.0,False,True,36,5.529214039507608,4,"['Ag', 'I', 'In', 'O']",Ag-I-In-O,InAg(IO3)4
mp-1111801,Rb2InAgI6,0.0,-1.040269256333333,0.078985024041664,True,False,10,4.481882769408633,4,"['Ag', 'I', 'In', 'Rb']",Ag-I-In-Rb,Rb2InAgI6
mp-1224031,In2AgSe3I,0.030799999999999,-0.67568522814732,0.047565889910713,False,False,14,5.764030032221045,4,"['Ag', 'I', 'In', 'Se']",Ag-I-In-Se,In2AgSe3I
mp-1223909,In2AgTe3I,0.4591,-0.555755029999998,0.024004908214286,False,False,7,5.156439080417683,4,"['Ag', 'I', 'In', 'Te']",Ag-I-In-Te,In2AgTe3I
mp-569943,K2AgI3,2.568699999999999,-1.262457217694445,0.006788942499999,False,False,24,3.951157241627725,3,"['Ag', 'I', 'K']",Ag-I-K,K2AgI3
mp-1110951,K2AgMoI6,0.687399999999999,-0.8501904426166661,0.104292809333332,False,False,10,4.343893079319542,4,"['Ag', 'I', 'K', 'Mo']",Ag-I-K-Mo,K2AgMoI6
mp-1110950,K2NdAgI6,2.5576,-1.364911975366666,0.091035239,False,False,10,3.935811416927034,4,"['Ag', 'I', 'K', 'Nd']",Ag-I-K-Nd,K2NdAgI6
mp-3205863,K5Ag(IO)2,2.3739,-1.362759397124997,0.0,False,True,20,3.492773355870452,4,"['Ag', 'I', 'K', 'O']",Ag-I-K-O,K5Ag(IO)2
mp-1110966,K2PrAgI6,2.5488,-1.362957491783333,0.096598853750001,False,False,10,3.887336483315879,4,"['Ag', 'I', 'K', 'Pr']",Ag-I-K-Pr,K2PrAgI6
mp-1110949,K2AgSbI6,0.380999999999999,-0.952976590616666,0.0659520215,False,False,10,4.071957794186022,4,"['Ag', 'I', 'K', 'Sb']",Ag-I-K-Sb,K2AgSbI6
mp-1112086,K2ScAgI6,2.1618,-1.299872320116666,0.051053715499999,False,False,10,3.974451237896836,4,"['Ag', 'I', 'K', 'Sc']",Ag-I-K-Sc,K2ScAgI6
mp-1110948,K2TaAgI6,0.0,-0.8605439233499991,0.200965982718751,True,False,10,4.645720359435408,4,"['Ag', 'I', 'K', 'Ta']",Ag-I-K-Ta,K2TaAgI6
mp-1112078,K2TlAgI6,0.0,-0.91785513895,0.093573928,True,False,10,4.389596771687523,4,"['Ag', 'I', 'K', 'Tl']",Ag-I-K-Tl,K2TlAgI6
mp-1110947,K2YAgI6,2.5088999999999992,-1.361794086616666,0.084139925999999,False,False,10,3.893053545063701,4,"['Ag', 'I', 'K', 'Y']",Ag-I-K-Y,K2YAgI6
mp-1195616,LaAg(IO3)4,2.6566,-1.286419559398148,0.0,False,True,72,5.149071643337414,4,"['Ag', 'I', 'La', 'O']",Ag-I-La-O,LaAg(IO3)4
mp-3208805,LuAgI4,2.029,-1.129865894444445,0.0,False,True,12,5.664139862187242,3,"['Ag', 'I', 'Lu']",Ag-I-Lu,LuAgI4
mp-3213482,Mg2AgIO6,1.463299999999999,-1.454958664,0.0,False,True,20,5.38341972045157,4,"['Ag', 'I', 'Mg', 'O']",Ag-I-Mg-O,Mg2AgIO6
mp-3200960,MnAgIO6,0.428099999999999,-0.8919131666091951,0.0,False,True,9,5.66707742516214,4,"['Ag', 'I', 'Mn', 'O']",Ag-I-Mn-O,MnAgIO6
mp-1203404,Ag2Mo(I2O7)2,1.9610999999999992,-0.9568541320634912,0.009820445416662,False,False,42,5.30799170509228,4,"['Ag', 'I', 'Mo', 'O']",Ag-I-Mo-O,Ag2Mo(I2O7)2
mp-1110819,Rb2AgMoI6,0.6940000000000001,-0.8914548816666661,0.120369658145833,False,False,10,4.672950401347499,4,"['Ag', 'I', 'Mo', 'Rb']",Ag-I-Mo-Rb,Rb2AgMoI6
mp-1215062,AgI3N2,0.0,0.9164524768055552,1.1816675,True,False,24,5.371815046210827,3,"['Ag', 'I', 'N']",Ag-I-N,AgI3N2
mp-653562,Ag3I(NO3)2,0.0,-0.410811842499999,0.234367761666668,True,False,48,4.625032618210293,4,"['Ag', 'I', 'N', 'O']",Ag-I-N-O,Ag3I(NO3)2
mp-557396,Ag2INO3,1.4835,-0.618246061726189,0.001587870178573,False,False,56,5.242348781475822,4,"['Ag', 'I', 'N', 'O']",Ag-I-N-O,Ag2INO3
mp-1194352,AgI3N2O,0.0,1.025575144404761,1.404194720214284,True,False,28,4.4903272011615,4,"['Ag', 'I', 'N', 'O']",Ag-I-N-O,AgI3N2O
mp-1200038,NaAgI2O3,0.5461,-0.362192877756567,0.713298435535713,False,False,56,3.795749430514758,4,"['Ag', 'I', 'Na', 'O']",Ag-I-Na-O,NaAgI2O3
mp-1110824,Rb2NdAgI6,2.552399999999999,-1.413274834416666,0.062069203499996,False,False,10,4.237575070179681,4,"['Ag', 'I', 'Nd', 'Rb']",Ag-I-Nd-Rb,Rb2NdAgI6
mp-3201743,NiAgIO6,0.533199999999999,-0.535234000555557,0.0,False,True,9,5.996544556437872,4,"['Ag', 'I', 'Ni', 'O']",Ag-I-Ni-O,NiAgIO6
mp-554648,Ag5IO6,0.0205,-0.514713212777776,0.0088311175,False,False,24,7.370315629057774,3,"['Ag', 'I', 'O']",Ag-I-O,Ag5IO6
mp-849271,AgIO3,1.9765,-0.685598791833332,0.0274698735,False,False,20,5.657596324183561,3,"['Ag', 'I', 'O']",Ag-I-O,AgIO3
mp-1183027,Ag2IO6,0.0,-0.010084794259259,0.498055723456789,True,False,9,3.679616397879486,3,"['Ag', 'I', 'O']",Ag-I-O,Ag2IO6
mp-1194592,AgI3O8,2.2937,-0.753021275972222,0.0,False,True,48,4.979406561017461,3,"['Ag', 'I', 'O']",Ag-I-O,AgI3O8
mp-1203252,Ag2IO5,0.0,-0.521240238541666,0.050417843888888,True,False,32,6.032430181169679,3,"['Ag', 'I', 'O']",Ag-I-O,Ag2IO5
mp-30037,AgIO4,0.110799999999999,-0.544691771111111,0.061401049907407,False,False,12,5.508180935239087,3,"['Ag', 'I', 'O']",Ag-I-O,AgIO4
mp-1214931,AgIO2,0.0,-0.299184739791666,0.372999131041665,True,False,16,6.806619282995461,3,"['Ag', 'I', 'O']",Ag-I-O,AgIO2
mp-553924,Ag4PIO4,0.9546,-1.227746526880951,0.0,False,True,40,6.266635514977661,4,"['Ag', 'I', 'O', 'P']",Ag-I-O-P,Ag4PIO4
mp-1193499,AgPd(IO3)3,1.4039,-0.736862955833334,0.021416195714287,False,False,28,5.273246955781274,4,"['Ag', 'I', 'O', 'Pd']",Ag-I-O-Pd,AgPd(IO3)3
mp-3211193,Rb5Ag(IO)2,1.9995,-1.332229670374999,0.0,False,True,20,4.268836742782093,4,"['Ag', 'I', 'O', 'Rb']",Ag-I-O-Rb,Rb5Ag(IO)2
mp-556570,Ag4Se(IO2)2,1.2752,-0.6861801392282191,0.018528162954542,False,False,44,5.988887808779095,4,"['Ag', 'I', 'O', 'Se']",Ag-I-O-Se,Ag4Se(IO2)2
mp-1104849,SrAg2(IO2)4,0.794,-0.940040290888888,0.227546577777776,False,False,15,5.105457504503519,4,"['Ag', 'I', 'O', 'Sr']",Ag-I-O-Sr,SrAg2(IO2)4
mp-684006,Ag3TeIO4,0.6233000000000001,-0.8476599496296281,0.006436502777776,False,False,108,6.556344524294626,4,"['Ag', 'I', 'O', 'Te']",Ag-I-O-Te,Ag3TeIO4
mp-1194095,TiAg2(IO3)6,2.433299999999999,-1.038760822469136,0.020375361944443,False,False,27,5.318920981194354,4,"['Ag', 'I', 'O', 'Ti']",Ag-I-O-Ti,TiAg2(IO3)6
mp-559573,UAgIO6,1.288599999999999,-1.966903358935184,0.034658927916677,False,False,144,6.592242984652206,4,"['Ag', 'I', 'O', 'U']",Ag-I-O-U,UAgIO6
mp-1198619,VAg(IO4)2,1.3705,-1.172486243524306,0.020878287725692,False,False,192,5.05118599347163,4,"['Ag', 'I', 'O', 'V']",Ag-I-O-V,VAg(IO4)2
mp-1195810,YAg(IO3)4,2.3928,-1.265989378703703,0.0,False,True,72,5.229170066238302,4,"['Ag', 'I', 'O', 'Y']",Ag-I-O-Y,YAg(IO3)4
mp-3311087,Y5AgIO12,0.6968999999999991,-2.734214019868423,0.0,False,True,19,5.595980958548647,4,"['Ag', 'I', 'O', 'Y']",Ag-I-O-Y,Y5AgIO12
mp-3208844,Ag6PS5I,1.2816,-0.246213392656821,0.0,False,True,26,5.480936379613293,4,"['Ag', 'I', 'P', 'S']",Ag-I-P-S,Ag6PS5I
mp-3214260,Ag6PSe5I,0.7048000000000001,-0.187698658906821,0.0,False,True,26,6.127465026833443,4,"['Ag', 'I', 'P', 'Se']",Ag-I-P-Se,Ag6PSe5I
mp-1229102,Ag2PbI4,0.9013999999999992,-0.558193473333332,0.104183553571428,False,False,7,6.053269971215515,3,"['Ag', 'I', 'Pb']",Ag-I-Pb,Ag2PbI4
mp-1110823,Rb2PrAgI6,2.5438,-1.411647319833333,0.067258947749997,False,False,10,4.18729378516927,4,"['Ag', 'I', 'Pr', 'Rb']",Ag-I-Pr-Rb,Rb2PrAgI6
mp-676206,RbAg4I5,1.6353,-0.678291408166665,0.036259469125001,False,False,40,4.851600328683974,3,"['Ag', 'I', 'Rb']",Ag-I-Rb,RbAg4I5
mp-23399,Rb2AgI3,2.78,-1.290396494861111,0.0,False,True,24,4.259532200326508,3,"['Ag', 'I', 'Rb']",Ag-I-Rb,Rb2AgI3
mp-1110817,Rb2AgSbI6,0.409499999999999,-0.998724822666666,0.044976921687502,False,False,10,4.371114147500013,4,"['Ag', 'I', 'Rb', 'Sb']",Ag-I-Rb-Sb,Rb2AgSbI6
mp-1111799,Rb2ScAgI6,2.1449,-1.343710374166666,0.01990586225,False,False,10,4.298874141606523,4,"['Ag', 'I', 'Rb', 'Sc']",Ag-I-Rb-Sc,Rb2ScAgI6
mp-1111827,Rb2TaAgI6,0.0,-0.9023552963999992,0.17184481046875,True,False,10,4.968992493328836,4,"['Ag', 'I', 'Rb', 'Ta']",Ag-I-Rb-Ta,Rb2TaAgI6
mp-1111798,Rb2TlAgI6,0.0,-0.963766696,0.073002297874998,True,False,10,4.693284706952153,4,"['Ag', 'I', 'Rb', 'Tl']",Ag-I-Rb-Tl,Rb2TlAgI6
mp-1110816,Rb2YAgI6,2.488499999999999,-1.408657044666666,0.049967168749999,False,False,10,4.195493833752545,4,"['Ag', 'I', 'Rb', 'Y']",Ag-I-Rb-Y,Rb2YAgI6
mp-632480,Ag3SI,0.167599999999999,-0.253601829499998,0.073682232999996,False,False,5,6.49674279385352,3,"['Ag', 'I', 'S']",Ag-I-S,Ag3SI
mp-675987,Ag7(SI)2,0.0,-0.114311949696968,0.183219016212118,True,False,11,5.820263733390066,3,"['Ag', 'I', 'S']",Ag-I-S,Ag7(SI)2
mp-676430,Ag9(SI)4,0.0,-0.206386471470586,0.116809438897057,True,False,17,6.496548997931401,3,"['Ag', 'I', 'S']",Ag-I-S,Ag9(SI)4
mp-685999,Ag4SI,0.0,0.000285668472223,0.273022387222219,True,False,6,6.274915504545333,3,"['Ag', 'I', 'S']",Ag-I-S,Ag4SI
mp-1215073,Ag12SI,0.4024,1.5820983019642871,1.698985467142857,False,False,14,0.33123253389683,3,"['Ag', 'I', 'S']",Ag-I-S,Ag12SI
mp-1215087,Ag3SI3,0.279999999999999,0.719940501785715,1.1208775575,False,False,7,0.365692036997331,3,"['Ag', 'I', 'S']",Ag-I-S,Ag3SI3
mp-569052,AgSe3I,1.396399999999999,-0.171012331739582,0.01609162759375,False,False,20,4.944996330259913,3,"['Ag', 'I', 'Se']",Ag-I-Se,AgSe3I
mp-3205088,Ag4TeSe11I4,1.508099999999998,-0.131061011484374,0.0,False,True,20,5.24441554784356,4,"['Ag', 'I', 'Se', 'Te']",Ag-I-Se-Te,Ag4TeSe11I4
mp-570431,AgTe3I,1.0025,-0.168168668333332,0.175717689346154,False,False,20,5.494464735067228,3,"['Ag', 'I', 'Te']",Ag-I-Te,AgTe3I
mp-27801,TlAgI2,1.5659,-0.634143947500001,0.032808308749999,False,False,8,6.596255293241604,3,"['Ag', 'I', 'Tl']",Ag-I-Tl,TlAgI2
mp-28043,Tl3AgI5,1.216899999999999,-0.6947896671296311,0.029171413055554,False,False,36,6.584803793591995,3,"['Ag', 'I', 'Tl']",Ag-I-Tl,Tl3AgI5
mp-29012,Tl2AgI3,2.3701,-0.70613888777778,0.02721082111111,False,False,18,6.644273050338004,3,"['Ag', 'I', 'Tl']",Ag-I-Tl,Tl2AgI3
mp-3248816,UAgI8,0.8579,-0.6280467939999991,0.0,False,True,10,3.934564105009061,3,"['Ag', 'I', 'U']",Ag-I-U,UAgI8
mp-1104888,Zn(AgI2)2,2.0567,-0.63674058190476,0.004340753839285,False,False,14,5.117076781010198,3,"['Ag', 'I', 'Zn']",Ag-I-Zn,Zn(AgI2)2
mp-760385,In2Ag,0.0,0.045937750648154,0.095942907314817,True,False,6,7.259151773396824,2,"['Ag', 'In']",Ag-In,In2Ag
mp-3282779,In3Ag10,0.0,-0.05129472269231,0.0,True,True,26,9.931479932065264,2,"['Ag', 'In']",Ag-In,In3Ag10
mp-1009018,InAg,0.0,0.054609407500002,0.106581241517861,True,False,2,8.890212745790057,2,"['Ag', 'In']",Ag-In,InAg
mp-1184493,In3Ag,0.0,0.03548717923611,0.07299104673611,True,False,4,7.693681417804325,2,"['Ag', 'In']",Ag-In,In3Ag
mp-30343,InAg3,0.0,-0.050664973749995,0.001366337548077,True,False,4,9.917888891807651,2,"['Ag', 'In']",Ag-In,InAg3
mp-21975,In4Ag9,0.0,-0.054241077115385,0.0,True,True,52,9.672525886299178,2,"['Ag', 'In']",Ag-In,In4Ag9
mp-1223819,InAg4,0.0,0.055501302333331,0.099956728666665,True,False,5,9.419328775062285,2,"['Ag', 'In']",Ag-In,InAg4
mp-1224231,In9Ag17,0.0,-0.046288629615385,0.007498598880498,True,False,52,9.56878122445757,2,"['Ag', 'In']",Ag-In,In9Ag17
mp-3208646,InAg(IrS2)4,1.174299999999999,-0.532372558392856,0.0,False,True,14,7.792694055671301,4,"['Ag', 'In', 'Ir', 'S']",Ag-In-Ir-S,InAg(IrS2)4
mp-3203780,In11TcAgIr3,0.0716,-0.243324189687498,0.0,False,True,16,9.393538422418723,4,"['Ag', 'In', 'Ir', 'Tc']",Ag-In-Ir-Tc,In11TcAgIr3
mp-3231075,Tm3In4AgIr,0.0,-0.689646892777779,0.0,True,True,9,10.366522381537552,4,"['Ag', 'In', 'Ir', 'Tm']",Ag-In-Ir-Tm,Tm3In4AgIr
mp-3170918,Tm3In3Ag2Ir,0.0,-0.6649797711111141,0.0,True,True,9,10.67140410419633,4,"['Ag', 'In', 'Ir', 'Tm']",Ag-In-Ir-Tm,Tm3In3Ag2Ir
mp-3222447,Yb3In3AgIr2,0.0,-0.740384834444442,0.0,True,True,9,11.502575537479958,4,"['Ag', 'In', 'Ir', 'Yb']",Ag-In-Ir-Yb,Yb3In3AgIr2
mp-3211521,Zr8In14AgIr7,0.0,-0.60261326983333,0.0,True,True,30,9.93609323269718,4,"['Ag', 'In', 'Ir', 'Zr']",Ag-In-Ir-Zr,Zr8In14AgIr7
mp-3212954,K(InAg2)2,0.0,-0.10808010767857,0.0,True,True,14,7.151512175355928,3,"['Ag', 'In', 'K']",Ag-In-K,K(InAg2)2
mp-680403,K2In3AgSe6,1.4158,-0.9731110039774292,0.008555268333333,False,False,48,4.582517232290065,4,"['Ag', 'In', 'K', 'Se']",Ag-In-K-Se,K2In3AgSe6
mp-568917,LaInAg2,0.0,-0.408292476249997,0.0,True,True,4,8.354891439979491,3,"['Ag', 'In', 'La']",Ag-In-La,LaInAg2
mp-1185195,La2InAg,0.0,-0.460140656250001,0.002987935,True,False,4,6.963900802762797,3,"['Ag', 'In', 'La']",Ag-In-La,La2InAg
mp-3327979,LaInAg4,0.331099999999999,-0.294825145833333,0.0,False,True,6,8.968881372064063,3,"['Ag', 'In', 'La']",Ag-In-La,LaInAg4
mp-3329227,La2In3Ag,0.0,-0.616263464166669,0.0,True,True,6,7.365913073477952,3,"['Ag', 'In', 'La']",Ag-In-La,La2In3Ag
mp-3342200,La2In8Ag,0.0,-0.449547128636363,0.0,True,True,11,7.489126574130149,3,"['Ag', 'In', 'La']",Ag-In-La,La2In8Ag
mp-3223884,La2InAgRh,0.0,-0.657341860999997,0.0,True,True,10,7.837813505656028,4,"['Ag', 'In', 'La', 'Rh']",Ag-In-La-Rh,La2InAgRh
mp-567787,LiInAg2,0.0,-0.230211929166664,0.0,True,True,4,7.906340285596902,3,"['Ag', 'In', 'Li']",Ag-In-Li,LiInAg2
mp-1185379,LiIn2Ag,0.0,-0.204197270416663,0.016469542500001,True,False,4,7.020562844850142,3,"['Ag', 'In', 'Li']",Ag-In-Li,LiIn2Ag
mp-30344,Li2InAg,0.0,-0.330155377083331,0.0,True,True,4,5.619338212011394,3,"['Ag', 'In', 'Li']",Ag-In-Li,Li2InAg
mp-3248082,LiNdInAg,0.0,-0.466660959791664,0.0,True,True,4,7.202126909675608,4,"['Ag', 'In', 'Li', 'Nd']",Ag-In-Li-Nd,LiNdInAg
mp-3249015,LiPmInAg,0.0,-0.47379403979167,0.0,True,True,4,7.338010007765208,4,"['Ag', 'In', 'Li', 'Pm']",Ag-In-Li-Pm,LiPmInAg
mp-3249740,LiPrInAg,0.0,-0.45635488083333,0.0,True,True,4,7.022884525639384,4,"['Ag', 'In', 'Li', 'Pr']",Ag-In-Li-Pr,LiPrInAg
mp-3252164,LiSmInAg,0.0,-0.471427945416664,0.0,True,True,4,7.525685353912802,4,"['Ag', 'In', 'Li', 'Sm']",Ag-In-Li-Sm,LiSmInAg
mp-3250900,LiTbInAg,0.0,-0.471831745416665,0.0,True,True,4,7.961451003170969,4,"['Ag', 'In', 'Li', 'Tb']",Ag-In-Li-Tb,LiTbInAg
mp-3246851,LiTmInAg,0.0,-0.444100052916667,0.0,True,True,4,8.443986471622258,4,"['Ag', 'In', 'Li', 'Tm']",Ag-In-Li-Tm,LiTmInAg
mp-3275447,Lu5(In2Ag)2,0.0,-0.494767059848486,0.0,True,True,22,9.938955100338305,3,"['Ag', 'In', 'Lu']",Ag-In-Lu,Lu5(In2Ag)2
mp-3281294,Lu8In3Ag,0.0,-0.407854677361105,0.0,True,True,24,9.95493570696524,3,"['Ag', 'In', 'Lu']",Ag-In-Lu,Lu8In3Ag
mp-865505,Lu2InAg,0.0,-0.462731854583335,0.0,True,True,4,10.114826253237984,3,"['Ag', 'In', 'Lu']",Ag-In-Lu,Lu2InAg
mp-865848,LuInAg2,0.0,-0.374864316666663,0.0,True,True,4,10.41592136575374,3,"['Ag', 'In', 'Lu']",Ag-In-Lu,LuInAg2
mp-3230409,Lu3In3Ni2Ag,0.0,-0.547033433888887,0.0,True,True,9,10.1469999333489,4,"['Ag', 'In', 'Lu', 'Ni']",Ag-In-Lu-Ni,Lu3In3Ni2Ag
mp-3230902,Lu3In3Ag2Os,0.0,-0.48066460444444,0.0,True,True,9,10.89367963139,4,"['Ag', 'In', 'Lu', 'Os']",Ag-In-Lu-Os,Lu3In3Ag2Os
mp-1097591,Mg2InAg,0.048899999999999,1.142579010416667,1.295794745,False,False,4,0.403454061405174,3,"['Ag', 'In', 'Mg']",Ag-In-Mg,Mg2InAg
mp-973088,MgInAg2,0.0,-0.138226363749998,0.0,True,True,4,7.853262281114569,3,"['Ag', 'In', 'Mg']",Ag-In-Mg,MgInAg2
mp-1222143,Mg3InAg4,0.0,-0.181988364791665,0.002334178749999,True,False,8,6.998474928362206,3,"['Ag', 'In', 'Mg']",Ag-In-Mg,Mg3InAg4
mp-1221573,MnInAgPd,0.0,-0.129889704066091,0.115961785100574,True,False,4,9.178470247483508,4,"['Ag', 'In', 'Mn', 'Pd']",Ag-In-Mn-Pd,MnInAgPd
mp-1221883,Mn2InAgTe4,0.0293,-0.398591333857758,0.0,False,True,8,5.23974738645677,4,"['Ag', 'In', 'Mn', 'Te']",Ag-In-Mn-Te,Mn2InAgTe4
mp-1224724,InAg(MoO4)2,0.0,-1.73607568625,0.039170938663187,True,False,36,5.536677194776674,4,"['Ag', 'In', 'Mo', 'O']",Ag-In-Mo-O,InAg(MoO4)2
mp-3214035,InAg3(NO3)8,0.0,-0.349702747361111,0.0,True,True,36,3.337342614065187,4,"['Ag', 'In', 'N', 'O']",Ag-In-N-O,InAg3(NO3)8
mp-3214482,InAg(NO3)4,2.233,-0.456573929166665,0.0,False,True,36,3.330984941964949,4,"['Ag', 'In', 'N', 'O']",Ag-In-N-O,InAg(NO3)4
mp-542681,Na3In2Ag,0.0,-0.191838028749998,0.0,True,True,24,4.250138858511555,3,"['Ag', 'In', 'Na']",Ag-In-Na,Na3In2Ag
mp-1095961,NaIn2Ag,0.1055,0.9270765123922012,1.100505907947759,False,False,4,0.48196833458143,3,"['Ag', 'In', 'Na']",Ag-In-Na,NaIn2Ag
mp-976326,NaInAg2,0.0,-0.08625744,0.046456289930553,True,False,4,7.409635741868159,3,"['Ag', 'In', 'Na']",Ag-In-Na,NaInAg2
mp-3322732,Na2In5Ag6,0.0,-0.152151057948717,0.0,True,True,39,7.640213892442242,3,"['Ag', 'In', 'Na']",Ag-In-Na,Na2In5Ag6
mp-3211537,Na6In4AgPd,0.0,-0.261455752083333,0.0,True,True,24,4.383489326211698,4,"['Ag', 'In', 'Na', 'Pd']",Ag-In-Na-Pd,Na6In4AgPd
mp-3205882,Na6In4AgPt,0.0,-0.285143857083331,0.0,True,True,24,4.89959766871197,4,"['Ag', 'In', 'Na', 'Pt']",Ag-In-Na-Pt,Na6In4AgPt
mp-569768,NdInAg2,0.0,-0.416403981874996,0.0,True,True,4,8.849166130502546,3,"['Ag', 'In', 'Nd']",Ag-In-Nd,NdInAg2
mp-1186279,Nd2InAg,0.0,-0.450811842500002,0.003113282499995,True,False,4,7.593461534883495,3,"['Ag', 'In', 'Nd']",Ag-In-Nd,Nd2InAg
mp-3327978,Nd2In3Ag,0.0,-0.608132071666669,0.0,True,True,6,7.7498841948955794,3,"['Ag', 'In', 'Nd']",Ag-In-Nd,Nd2In3Ag
mp-3222067,Nd2InNiAg,0.0,-0.455121522999996,0.0,True,True,10,8.021676589299144,4,"['Ag', 'In', 'Nd', 'Ni']",Ag-In-Nd-Ni,Nd2InNiAg
mp-3221941,Nd2InAgPd,0.0,-0.6550976149999991,0.0,True,True,10,8.267106702545401,4,"['Ag', 'In', 'Nd', 'Pd']",Ag-In-Nd-Pd,Nd2InAgPd
mp-3231717,Nd3In3Ag2Pd,0.0,-0.6406608625000021,0.0,True,True,9,8.371410087644017,4,"['Ag', 'In', 'Nd', 'Pd']",Ag-In-Nd-Pd,Nd3In3Ag2Pd
mp-3222226,Nd4In2Ag3Ru,0.0,-0.418238755999999,0.0,True,True,10,8.173068554557712,4,"['Ag', 'In', 'Nd', 'Ru']",Ag-In-Nd-Ru,Nd4In2Ag3Ru
mp-3223311,Pr2InNiAg,0.0,-0.430834556666667,0.0,True,True,10,7.766716588334704,4,"['Ag', 'In', 'Ni', 'Pr']",Ag-In-Ni-Pr,Pr2InNiAg
mp-3246587,Pr2In7Ni2Ag,0.0,-0.446231174027777,0.0,True,True,12,8.228033526587929,4,"['Ag', 'In', 'Ni', 'Pr']",Ag-In-Ni-Pr,Pr2In7Ni2Ag
mp-3223768,Tb2InNiAg,0.0,-0.516755643000001,0.0,True,True,10,9.107947848272868,4,"['Ag', 'In', 'Ni', 'Tb']",Ag-In-Ni-Tb,Tb2InNiAg
mp-3231080,Tm3In3NiAg2,0.0,-0.521863396666668,0.0,True,True,9,9.747098016266351,4,"['Ag', 'In', 'Ni', 'Tm']",Ag-In-Ni-Tm,Tm3In3NiAg2
mp-1097001,InAgO2,0.0,-1.281270904583332,0.11114615624998,True,False,4,7.170898027495689,3,"['Ag', 'In', 'O']",Ag-In-O,InAgO2
mp-555746,InAg3(PO4)2,1.2216999999999991,-1.854770775782311,0.00976220928571,False,False,14,5.657657555339186,4,"['Ag', 'In', 'O', 'P']",Ag-In-O-P,InAg3(PO4)2
mp-559520,In2Ag3(PO4)3,0.9893999999999992,-2.041417593863094,0.005187711249988,False,False,40,5.386761869702362,4,"['Ag', 'In', 'O', 'P']",Ag-In-O-P,In2Ag3(PO4)3
mp-1204248,InAgP2O7,2.4499,-2.273233377056276,0.0,False,True,44,4.437370968391073,4,"['Ag', 'In', 'O', 'P']",Ag-In-O-P,InAgP2O7
mp-3206044,In3Ag(Pt2O7)2,0.3753,-1.080064767613635,0.0,False,True,22,9.62658452298545,4,"['Ag', 'In', 'O', 'Pt']",Ag-In-O-Pt,In3Ag(Pt2O7)2
mp-560403,InAg(WO4)2,2.3704,-1.902841799861112,0.021870958124988,False,False,24,7.875032218304937,4,"['Ag', 'In', 'O', 'W']",Ag-In-O-W,InAg(WO4)2
mp-3230056,Tm3In4AgOs,0.0,-0.533493510555558,0.0,True,True,9,10.400555294664194,4,"['Ag', 'In', 'Os', 'Tm']",Ag-In-Os-Tm,Tm3In4AgOs
mp-3209869,Y8In3Ag4Os,0.0,-0.440870123125002,0.0,True,True,16,7.123804161375366,4,"['Ag', 'In', 'Os', 'Y']",Ag-In-Os-Y,Y8In3Ag4Os
mp-22661,InAg(PS3)2,1.148299999999999,-0.426322835782738,0.0,False,True,20,3.506585454017093,4,"['Ag', 'In', 'P', 'S']",Ag-In-P-S,InAg(PS3)2
mp-20902,InAg(PSe3)2,0.6040999999999991,-0.503013941668154,0.0,False,True,20,4.616860577266934,4,"['Ag', 'In', 'P', 'Se']",Ag-In-P-Se,InAg(PSe3)2
mp-3244752,PaInAgTe3,0.0,-0.6533216149999951,0.0,True,True,12,7.207795197679672,4,"['Ag', 'In', 'Pa', 'Te']",Ag-In-Pa-Te,PaInAgTe3
mp-1096056,InAgPd2,0.344199999999999,1.747982333750002,2.161900715000001,False,False,4,0.7982065259718241,3,"['Ag', 'In', 'Pd']",Ag-In-Pd,InAgPd2
mp-3230300,Tm3In3Ag2Pd,0.0,-0.639802584444446,0.0,True,True,9,9.894004599118045,4,"['Ag', 'In', 'Pd', 'Tm']",Ag-In-Pd-Tm,Tm3In3Ag2Pd
mp-3231129,Yb3In3Ag2Pd,0.0,-0.6107502061111091,0.0,True,True,9,9.666994902477438,4,"['Ag', 'In', 'Pd', 'Yb']",Ag-In-Pd-Yb,Yb3In3Ag2Pd
mp-862923,PmInAg2,0.0,-0.425574361875,0.0,True,True,4,8.998553751822762,3,"['Ag', 'In', 'Pm']",Ag-In-Pm,PmInAg2
mp-982615,Pm2InAg,0.0,-0.465665762500002,0.0,True,True,4,7.7885005466907185,3,"['Ag', 'In', 'Pm']",Ag-In-Pm,Pm2InAg
mp-570683,PrInAg2,0.0,-0.351087545416665,0.0,True,True,4,8.646649808404135,3,"['Ag', 'In', 'Pr']",Ag-In-Pr,PrInAg2
mp-978100,Pr2InAg,0.0,-0.353992265416664,0.001777807500001,True,False,4,7.330813600395141,3,"['Ag', 'In', 'Pr']",Ag-In-Pr,Pr2InAg
mp-3231281,Sm3In3AgPt2,0.0,-0.9261046327777832,0.0,True,True,9,10.405522382511943,4,"['Ag', 'In', 'Pt', 'Sm']",Ag-In-Pt-Sm,Sm3In3AgPt2
mp-3231061,Y3In3AgPt2,0.0,-0.944849643888896,0.0,True,True,9,9.28426040456063,4,"['Ag', 'In', 'Pt', 'Y']",Ag-In-Pt-Y,Y3In3AgPt2
mp-3212659,InAg(RhS2)4,1.053499999999999,-0.6191062933928541,0.0,False,True,14,5.634070989649136,4,"['Ag', 'In', 'Rh', 'S']",Ag-In-Rh-S,InAg(RhS2)4
mp-3239884,ScIn4AgRh,0.0,-0.440432637142854,0.0,True,True,7,8.111894614543049,4,"['Ag', 'In', 'Rh', 'Sc']",Ag-In-Rh-Sc,ScIn4AgRh
mp-3206832,InAg(RhSe2)4,0.6838999999999991,-0.539317190535712,0.0,False,True,14,6.91699407277526,4,"['Ag', 'In', 'Rh', 'Se']",Ag-In-Rh-Se,InAg(RhSe2)4
mp-3229993,Y3In3AgRh2,0.0,-0.7435599605555581,0.0,True,True,9,7.787290631098361,4,"['Ag', 'In', 'Rh', 'Y']",Ag-In-Rh-Y,Y3In3AgRh2
mp-3204500,Y16In3AgRh4,0.0,-0.5740947781249991,0.0,True,True,24,5.992663105766448,4,"['Ag', 'In', 'Rh', 'Y']",Ag-In-Rh-Y,Y16In3AgRh4
mp-3250108,Tm3In4AgRu,0.0,-0.57073342888889,0.0,True,True,9,9.696172501437903,4,"['Ag', 'In', 'Ru', 'Tm']",Ag-In-Ru-Tm,Tm3In4AgRu
mp-3231623,Tm3In3Ag2Ru,0.0,-0.523356426111114,0.0,True,True,9,9.852245483670783,4,"['Ag', 'In', 'Ru', 'Tm']",Ag-In-Ru-Tm,Tm3In3Ag2Ru
mp-634855,InAgS2,0.113699999999999,-0.431881906406252,0.127726446249997,False,False,4,5.67527292423812,3,"['Ag', 'In', 'S']",Ag-In-S,InAgS2
mp-36751,In5AgS8,0.103499999999999,-0.7032958305357121,0.0,False,True,14,4.8346281630045045,3,"['Ag', 'In', 'S']",Ag-In-S,In5AgS8
mp-1223900,InAgSeS,0.159699999999999,-0.541047869218751,0.005369229374998,False,False,8,5.082093430333142,4,"['Ag', 'In', 'S', 'Se']",Ag-In-S-Se,InAgSeS
mp-558407,In2Si(AgS3)2,0.9912,-0.6054926228977341,0.005986147727272,False,False,22,4.223800743358384,4,"['Ag', 'In', 'S', 'Si']",Ag-In-S-Si,In2Si(AgS3)2
mp-1224048,InAgSnS4,0.9214999999999992,-0.6941361497619031,0.0,False,True,14,4.766156209192377,4,"['Ag', 'In', 'S', 'Sn']",Ag-In-S-Sn,InAgSnS4
mp-1215730,Zn3InAgS5,1.924699999999999,-0.785811757620534,0.015650593214287,False,False,20,4.341310186765114,4,"['Ag', 'In', 'S', 'Zn']",Ag-In-S-Zn,Zn3InAgS5
mp-1223987,InAg2SbSe4,0.0,-0.318860224531249,0.0616581334375,True,False,8,6.745519963623715,4,"['Ag', 'In', 'Sb', 'Se']",Ag-In-Sb-Se,InAg2SbSe4
mp-1224057,In2Ag3SbSe6,0.0,-0.367658102864581,0.063762750624999,True,False,12,6.7650247074001735,4,"['Ag', 'In', 'Sb', 'Se']",Ag-In-Sb-Se,In2Ag3SbSe6
mp-862337,Sc2InAg,0.0,-0.427274181249998,0.0,True,True,4,6.078160848024115,3,"['Ag', 'In', 'Sc']",Ag-In-Sc,Sc2InAg
mp-30347,ScInAg2,0.0,-0.334686023749998,0.0,True,True,4,8.118682889462185,3,"['Ag', 'In', 'Sc']",Ag-In-Sc,ScInAg2
mp-686712,InAgSe2,0.0,-0.420964765781249,0.112261078749998,True,False,8,6.787771168222657,3,"['Ag', 'In', 'Se']",Ag-In-Se,InAgSe2
mp-571103,In5AgSe8,0.2577,-0.6442695691071421,0.001548927857143,False,False,14,5.350848931065396,3,"['Ag', 'In', 'Se']",Ag-In-Se,In5AgSe8
mp-1025331,In2AgSe4,0.0,-0.495415779520087,0.056018830904015,True,False,7,5.207535637208343,3,"['Ag', 'In', 'Se']",Ag-In-Se,In2AgSe4
mp-640614,In2Si(AgSe3)2,0.476,-0.673044789157196,0.009403124545456,False,False,22,5.288207860690376,4,"['Ag', 'In', 'Se', 'Si']",Ag-In-Se-Si,In2Si(AgSe3)2
mp-1223888,InAgSnSe4,0.7280000000000001,-0.48562385089286,0.000746675714285,False,False,7,5.246057137515921,4,"['Ag', 'In', 'Se', 'Sn']",Ag-In-Se-Sn,InAgSnSe4
mp-1223961,InAgTeSe,0.8824000000000001,-0.443123988515623,0.011545922500001,False,False,8,5.530476299323157,4,"['Ag', 'In', 'Se', 'Te']",Ag-In-Se-Te,InAgTeSe
mp-3231605,Tb3InSi2Ag3,0.0,-0.6229139327777771,0.0,True,True,9,8.423958353722357,4,"['Ag', 'In', 'Si', 'Tb']",Ag-In-Si-Tb,Tb3InSi2Ag3
mp-3202559,InSiAgTe4,1.4573,-0.261521817142855,0.0,False,True,7,5.582364563711093,4,"['Ag', 'In', 'Si', 'Te']",Ag-In-Si-Te,InSiAgTe4
mp-3248838,Tm3InSi2Ag3,0.0,-0.601764866111109,0.0,True,True,9,9.057565588996727,4,"['Ag', 'In', 'Si', 'Tm']",Ag-In-Si-Tm,Tm3InSi2Ag3
mp-3246564,Yb4InSi3Ag4,0.0,-0.457752155416666,0.136471324444439,True,False,12,8.836805264790558,4,"['Ag', 'In', 'Si', 'Yb']",Ag-In-Si-Yb,Yb4InSi3Ag4
mp-568719,SmInAg2,0.0,-0.422714734999999,0.0,True,True,4,9.191562567406864,3,"['Ag', 'In', 'Sm']",Ag-In-Sm,SmInAg2
mp-978891,Sm2InAg,0.0,-0.4655027337499999,0.0,True,True,4,8.075350640499227,3,"['Ag', 'In', 'Sm']",Ag-In-Sm,Sm2InAg
mp-22382,TbInAg2,0.0,-0.363992091666665,0.0,True,True,4,9.658198632588002,3,"['Ag', 'In', 'Tb']",Ag-In-Tb,TbInAg2
mp-3328575,Tb3In2Ag,0.0,-0.528806990833336,0.0,True,True,6,8.782970443958611,3,"['Ag', 'In', 'Tb']",Ag-In-Tb,Tb3In2Ag
mp-3343928,Tb2InAg2,0.0,-0.446174521,0.0,True,True,10,9.040792045072482,3,"['Ag', 'In', 'Tb']",Ag-In-Tb,Tb2InAg2
mp-1217699,Tb2InAg,0.0,-0.384315172916664,0.0,True,True,4,8.86748993202048,3,"['Ag', 'In', 'Tb']",Ag-In-Tb,Tb2InAg
mp-675371,InAgTe2,0.0,-0.100460753749999,0.275653223749998,True,False,24,5.457601961648677,3,"['Ag', 'In', 'Te']",Ag-In-Te,InAgTe2
mp-569813,In5AgTe8,0.286899999999999,-0.432294482500001,0.004139909285701,False,False,14,5.597203420868777,3,"['Ag', 'In', 'Te']",Ag-In-Te,In5AgTe8
mp-3247905,ThInAgTe3,1.282899999999999,-0.842342402500004,0.0,False,True,12,6.985442285745319,4,"['Ag', 'In', 'Te', 'Th']",Ag-In-Te-Th,ThInAgTe3
mp-1215550,Zn2InAgTe4,1.2843,-0.5803853531249981,0.008196252499999,False,False,8,5.556380657282835,4,"['Ag', 'In', 'Te', 'Zn']",Ag-In-Te-Zn,Zn2InAgTe4
mp-862932,ThInAg2,0.0,-0.218022792499997,0.0,True,True,4,10.238118826574915,3,"['Ag', 'In', 'Th']",Ag-In-Th,ThInAg2
mp-3284743,Tm8In3Ag,0.0,-0.415763548333335,0.0,True,True,24,9.419620178660807,3,"['Ag', 'In', 'Tm']",Ag-In-Tm,Tm8In3Ag
mp-569440,TmInAg2,0.0,-0.396100142499999,0.0,True,True,4,10.178493901558207,3,"['Ag', 'In', 'Tm']",Ag-In-Tm,TmInAg2
mp-1216746,Tm2InAg,0.0,-0.479365516250005,0.0,True,True,4,9.691962358506162,3,"['Ag', 'In', 'Tm']",Ag-In-Tm,Tm2InAg
mp-569823,YInAg2,0.0,-0.412035615,0.0,True,True,4,8.282131466359623,3,"['Ag', 'In', 'Y']",Ag-In-Y,YInAg2
mp-3203762,Y4Zn9In2Ag,0.0,-0.4313931737499999,0.0,True,True,16,6.921972995040384,4,"['Ag', 'In', 'Y', 'Zn']",Ag-In-Y-Zn,Y4Zn9In2Ag
mp-3256597,Yb5InAg2,0.0,-0.262529097499999,0.054388603124998,True,False,16,8.760612145410164,3,"['Ag', 'In', 'Yb']",Ag-In-Yb,Yb5InAg2
mp-865789,YbInAg2,0.0,-0.39330738125,0.0,True,True,4,10.322547412016272,3,"['Ag', 'In', 'Yb']",Ag-In-Yb,YbInAg2
mp-3248745,YbInAg5,0.0,-0.152016334285714,0.072730740714295,True,False,7,9.896105439945025,3,"['Ag', 'In', 'Yb']",Ag-In-Yb,YbInAg5
mp-3230284,Yb3ZnIn3Ag2,0.0,-0.470863147777783,0.0,True,True,9,9.219457664048695,4,"['Ag', 'In', 'Yb', 'Zn']",Ag-In-Yb-Zn,Yb3ZnIn3Ag2
mp-3248652,YbZnInAg3,0.0,-0.204359162499997,0.075896741250002,True,False,6,9.81093718916218,4,"['Ag', 'In', 'Yb', 'Zn']",Ag-In-Yb-Zn,YbZnInAg3
mp-1190397,Zr5In3Ag,0.0,-0.313219055000003,0.026995378888887,True,False,18,7.604330184371768,3,"['Ag', 'In', 'Zr']",Ag-In-Zr,Zr5In3Ag
mp-1095993,ZrInAg2,0.0,1.952864620416665,2.172441141666667,True,False,4,0.627639778049726,3,"['Ag', 'In', 'Zr']",Ag-In-Zr,ZrInAg2
mp-1097606,Zr2InAg,0.0,2.743548411249996,3.027548839999998,True,False,4,0.563626348504858,3,"['Ag', 'In', 'Zr']",Ag-In-Zr,Zr2InAg
mp-1183229,AgIr,0.0,0.356743556666664,0.356743556666664,True,False,2,15.46694780888715,2,"['Ag', 'Ir']",Ag-Ir,AgIr
mp-862293,La2AgIr,0.0,-0.464119215416666,0.076005331249998,True,False,4,9.513944701153068,3,"['Ag', 'Ir', 'La']",Ag-Ir-La,La2AgIr
mp-3316188,La8AgIr6,0.0,-0.7590077629999991,0.0,True,True,15,9.999613419058068,3,"['Ag', 'Ir', 'La']",Ag-Ir-La,La8AgIr6
mp-3241386,Li2AgIrN,0.0,-0.312280169416666,0.0,True,True,5,8.544391671125343,4,"['Ag', 'Ir', 'Li', 'N']",Ag-Ir-Li-N,Li2AgIrN
mp-1222467,LiAg3(IrO3)2,0.0,-1.021155238194444,0.011738315833334,True,False,12,8.527948351008705,4,"['Ag', 'Ir', 'Li', 'O']",Ag-Ir-Li-O,LiAg3(IrO3)2
mp-3223931,Li3Pr3Ag2Ir,0.0,-0.333981574999995,0.0,True,True,9,6.788521954106017,4,"['Ag', 'Ir', 'Li', 'Pr']",Ag-Ir-Li-Pr,Li3Pr3Ag2Ir
mp-866145,Lu2AgIr,0.0,-0.692300233750001,0.001627082499997,True,False,4,13.564644772962836,3,"['Ag', 'Ir', 'Lu']",Ag-Ir-Lu,Lu2AgIr
mp-3240319,Lu3AgIr2,0.0,-0.905758222499997,0.0,True,True,6,14.35491720673089,3,"['Ag', 'Ir', 'Lu']",Ag-Ir-Lu,Lu3AgIr2
mp-3205909,LuAgIr2O7,0.0,-1.476690048901518,0.0,True,True,22,10.11037685920438,4,"['Ag', 'Ir', 'Lu', 'O']",Ag-Ir-Lu-O,LuAgIr2O7
mp-864976,Mg2AgIr,0.0,-0.283800000416665,0.011970491644738,True,False,4,9.03415096789407,3,"['Ag', 'Ir', 'Mg']",Ag-Ir-Mg,Mg2AgIr
mp-3222612,Nd3Mg3Ag2Ir,0.0,-0.426161611944444,0.0,True,True,9,7.020302389059169,4,"['Ag', 'Ir', 'Mg', 'Nd']",Ag-Ir-Mg-Nd,Nd3Mg3Ag2Ir
mp-3221727,Yb2Mg2AgIr,0.0,-0.5354280600000011,0.0,True,True,12,8.868199980889296,4,"['Ag', 'Ir', 'Mg', 'Yb']",Ag-Ir-Mg-Yb,Yb2Mg2AgIr
mp-3279927,Nd4AgIr,0.0,-0.44207454041666,0.0,True,True,24,8.638123509038557,3,"['Ag', 'Ir', 'Nd']",Ag-Ir-Nd,Nd4AgIr
mp-977404,Nd2AgIr,0.0,-0.524585854912039,0.048167581159418,True,False,4,10.147650931827725,3,"['Ag', 'Ir', 'Nd']",Ag-Ir-Nd,Nd2AgIr
mp-3334543,Nd3Ag5Ir,0.0,-0.410980129722222,0.0,True,True,9,9.44911048571526,3,"['Ag', 'Ir', 'Nd']",Ag-Ir-Nd,Nd3Ag5Ir
mp-3335245,Nd4Ag3Ir,0.0,-0.432705826874997,0.0,True,True,8,8.751132294242389,3,"['Ag', 'Ir', 'Nd']",Ag-Ir-Nd,Nd4Ag3Ir
mp-3199574,Nd8Ag2IrPt,0.0036,-0.49975476791666,0.0,False,True,24,8.598135852619622,4,"['Ag', 'Ir', 'Nd', 'Pt']",Ag-Ir-Nd-Pt,Nd8Ag2IrPt
mp-3210523,Y20NiAg6Ir,0.0,-0.278843605357142,0.0,True,True,28,5.852390924928991,4,"['Ag', 'Ir', 'Ni', 'Y']",Ag-Ir-Ni-Y,Y20NiAg6Ir
mp-776370,Ag3IrO4,0.0,-0.6306192274999981,0.071221226250001,True,False,32,8.456004964274848,3,"['Ag', 'Ir', 'O']",Ag-Ir-O,Ag3IrO4
mp-3208691,Ag3Ir4PbO14,0.0,-0.742386152613634,0.0,True,True,22,9.68861914915406,4,"['Ag', 'Ir', 'O', 'Pb']",Ag-Ir-O-Pb,Ag3Ir4PbO14
mp-3213505,AgIr4Pb3O14,0.0,-1.002498173522727,0.0,True,True,22,10.65820790747529,4,"['Ag', 'Ir', 'O', 'Pb']",Ag-Ir-O-Pb,AgIr4Pb3O14
mp-3214540,AgIr2PbO7,0.0,-0.8836162796590941,0.0,True,True,22,10.198214470732818,4,"['Ag', 'Ir', 'O', 'Pb']",Ag-Ir-O-Pb,AgIr2PbO7
mp-3213494,Ag4IrRu3O14,0.0,-0.701282922159092,0.0,True,True,22,7.49133485979354,4,"['Ag', 'Ir', 'O', 'Ru']",Ag-Ir-O-Ru,Ag4IrRu3O14
mp-3209085,Ag2TeIrO7,0.0,-0.719615845568184,0.0,True,True,22,8.159056728553885,4,"['Ag', 'Ir', 'O', 'Te']",Ag-Ir-O-Te,Ag2TeIrO7
mp-3214833,Y3Ag(Ir2O7)2,0.0,-1.893370768977271,0.0,True,True,22,8.638143538612068,4,"['Ag', 'Ir', 'O', 'Y']",Ag-Ir-O-Y,Y3Ag(Ir2O7)2
mp-3215990,YAgIr2O7,0.0,-1.466661950113635,0.0,True,True,22,8.817833230007826,4,"['Ag', 'Ir', 'O', 'Y']",Ag-Ir-O-Y,YAgIr2O7
mp-862977,Pm2AgIr,0.0,-0.558517127500003,0.0,True,True,4,10.609154318379646,3,"['Ag', 'Ir', 'Pm']",Ag-Ir-Pm,Pm2AgIr
mp-3271639,Pr4AgIr,0.0,-0.40640158486111,0.0,True,True,24,8.291874949690134,3,"['Ag', 'Ir', 'Pr']",Ag-Ir-Pr,Pr4AgIr
mp-861497,Pr2AgIr,0.0,-0.411659393749999,0.05303814928442,True,False,4,9.846466091997652,3,"['Ag', 'Ir', 'Pr']",Ag-Ir-Pr,Pr2AgIr
mp-3335744,Pr3Ag5Ir,0.0,-0.392998858888887,0.0,True,True,9,9.205701935876492,3,"['Ag', 'Ir', 'Pr']",Ag-Ir-Pr,Pr3Ag5Ir
mp-3209771,Zn22AgIr2Pt,0.0,-0.19973010326923,0.0,True,True,26,9.510517596213148,4,"['Ag', 'Ir', 'Pt', 'Zn']",Ag-Ir-Pt-Zn,Zn22AgIr2Pt
mp-3209878,AgSnIrS4,1.3303,-0.5026386180357131,0.0,False,True,14,6.352359306079325,4,"['Ag', 'Ir', 'S', 'Sn']",Ag-Ir-S-Sn,AgSnIrS4
mp-862432,Sc2AgIr,0.0,-0.667457705416666,0.009654504910713,True,False,4,8.973839108300512,3,"['Ag', 'Ir', 'Sc']",Ag-Ir-Sc,Sc2AgIr
mp-867868,Sm2AgIr,0.0,-0.5791798606306311,0.032401548164415,True,False,4,10.737832504473426,3,"['Ag', 'Ir', 'Sm']",Ag-Ir-Sm,Sm2AgIr
mp-979270,Tb2AgIr,0.0,-0.5895928137499981,0.022065156793479,True,False,4,11.62589258987765,3,"['Ag', 'Ir', 'Tb']",Ag-Ir-Tb,Tb2AgIr
mp-3333741,Tb3Ag5Ir,0.0,-0.45639804055556,0.0,True,True,9,10.427998790796693,3,"['Ag', 'Ir', 'Tb']",Ag-Ir-Tb,Tb3Ag5Ir
mp-865300,Tm2AgIr,0.0,-0.663874632916668,0.018141618281253,True,False,4,12.96349419748626,3,"['Ag', 'Ir', 'Tm']",Ag-Ir-Tm,Tm2AgIr
mp-3292670,Y10Ag3Ir,0.0,-0.337425240714281,0.0,True,True,28,6.10391773840211,3,"['Ag', 'Ir', 'Y']",Ag-Ir-Y,Y10Ag3Ir
mp-866160,Y2AgIr,0.0,-0.5774173904166641,0.01625410546875,True,False,4,9.21497060645492,3,"['Ag', 'Ir', 'Y']",Ag-Ir-Y,Y2AgIr
mp-3252805,Yb10AgIr3,0.0,-0.6277182403571421,0.0,True,True,14,10.936331934484851,3,"['Ag', 'Ir', 'Yb']",Ag-Ir-Yb,Yb10AgIr3
mp-865616,Yb2AgIr,0.0,-0.7698650212500051,0.0,True,True,4,13.30651545410457,3,"['Ag', 'Ir', 'Yb']",Ag-Ir-Yb,Yb2AgIr
mp-3333071,Yb6Ag2Ir,0.0,-0.425465195555558,0.036522764259252,True,False,9,10.407219438588829,3,"['Ag', 'Ir', 'Yb']",Ag-Ir-Yb,Yb6Ag2Ir
mp-3248535,YbZn3AgIr,0.0,-0.45482754083333,0.0,True,True,6,11.29798059064988,4,"['Ag', 'Ir', 'Yb', 'Zn']",Ag-Ir-Yb-Zn,YbZn3AgIr
mp-1095823,Zn2AgIr,0.3163,1.757787045833332,1.944545474583332,False,False,4,0.8705913612625361,3,"['Ag', 'Ir', 'Zn']",Ag-Ir-Zn,Zn2AgIr
mp-3221721,Zr3Zn3AgIr2,0.0,-0.612560730555556,0.0,True,True,9,10.241546217357564,4,"['Ag', 'Ir', 'Zn', 'Zr']",Ag-Ir-Zn-Zr,Zr3Zn3AgIr2
mp-12735,KAg2,0.0,0.009690792916667,0.009690792916664,True,False,12,5.857784496514922,2,"['Ag', 'K']",Ag-K,KAg2
mp-976592,K3Ag,0.0,0.115101532187498,0.115101532187498,True,False,4,1.938517058558836,2,"['Ag', 'K']",Ag-K,K3Ag
mp-1206995,K2Ag,0.0,0.185499793916664,0.185499793916665,True,False,3,2.536699425771011,2,"['Ag', 'K']",Ag-K,K2Ag
mp-1211557,KLa2Ag3Te8,0.0,-0.9989821182559512,0.019930701428574,True,False,14,6.411154957149688,4,"['Ag', 'K', 'La', 'Te']",Ag-K-La-Te,KLa2Ag3Te8
mp-2229181,K4MgNb2(AgS4)2,0.0,-1.092022763372548,0.21307644419935,True,False,17,2.725605448049947,5,"['Ag', 'K', 'Mg', 'Nb', 'S']",Ag-K-Mg-Nb-S,K4MgNb2(AgS4)2
mp-2222914,KMgAg2SbS4,1.9245,-0.7881252050648131,0.096787971666659,False,False,9,3.347352674837934,5,"['Ag', 'K', 'Mg', 'S', 'Sb']",Ag-K-Mg-S-Sb,KMgAg2SbS4
mp-2229952,K4MgV2(AgS4)2,0.0,-1.110204451019607,0.144481287610291,True,False,17,2.629007624149324,5,"['Ag', 'K', 'Mg', 'S', 'V']",Ag-K-Mg-S-V,K4MgV2(AgS4)2
mp-643123,K5Ag(NO)2,0.391399999999999,-0.186852470291666,0.5910487118611101,False,False,20,2.389836746614794,4,"['Ag', 'K', 'N', 'O']",Ag-K-N-O,K5Ag(NO)2
mp-18429,KAg(NO3)2,2.4768,-1.053053297391665,0.0,False,True,40,2.9714309409564272,4,"['Ag', 'K', 'N', 'O']",Ag-K-N-O,KAg(NO3)2
mp-553936,K2Ag4Pd3(NO2)12,1.7424,-0.7553662612481491,0.046084834679013,False,False,90,3.361876748396328,5,"['Ag', 'K', 'N', 'O', 'Pd']",Ag-K-N-O-Pd,K2Ag4Pd3(NO2)12
mp-557863,K2Ag4Pt3(NO2)12,1.8494,-0.762454828359259,0.042148049666669,False,False,90,4.01067827995523,5,"['Ag', 'K', 'N', 'O', 'Pt']",Ag-K-N-O-Pt,K2Ag4Pt3(NO2)12
mp-3201185,KNa2Ag3P2,0.8658,-0.367696440587796,0.0,False,True,8,4.230849529622763,4,"['Ag', 'K', 'Na', 'P']",Ag-K-Na-P,KNa2Ag3P2
mp-686747,K2Nb6Ag(PO8)3,1.7961,-2.828975649724867,0.0,False,True,36,3.608356947739035,5,"['Ag', 'K', 'Nb', 'O', 'P']",Ag-K-Nb-O-P,K2Nb6Ag(PO8)3
mp-1223407,KNb4Ag(PS10)2,1.353199999999999,-0.986758546007207,0.0,False,True,28,3.012801374555903,5,"['Ag', 'K', 'Nb', 'P', 'S']",Ag-K-Nb-P-S,KNb4Ag(PS10)2
mp-672158,K2NbAgS4,2.1663,-1.226998288895832,0.01361533,False,False,16,2.902854851725527,4,"['Ag', 'K', 'Nb', 'S']",Ag-K-Nb-S,K2NbAgS4
mp-581115,K3Nb2Ag3S8,1.9519,-1.119264080421873,0.0,False,True,32,3.140567503755644,4,"['Ag', 'K', 'Nb', 'S']",Ag-K-Nb-S,K3Nb2Ag3S8
mp-3259947,K2NbAgSe4,2.0154,-1.06911574421875,0.0,False,True,16,3.987740386425514,4,"['Ag', 'K', 'Nb', 'Se']",Ag-K-Nb-Se,K2NbAgSe4
mp-567177,KNb(AgSe2)2,1.458999999999999,-0.894238618744791,0.0,False,True,16,4.32056355803623,4,"['Ag', 'K', 'Nb', 'Se']",Ag-K-Nb-Se,KNb(AgSe2)2
mp-865937,KNpAgS3,0.0,-1.325421777527777,0.0,True,True,12,5.286554983292335,4,"['Ag', 'K', 'Np', 'S']",Ag-K-Np-S,KNpAgS3
mp-572510,K3AgO2,1.751299999999999,-1.177506311194443,0.0,False,True,96,3.127503002333693,3,"['Ag', 'K', 'O']",Ag-K-O,K3AgO2
mp-1009048,KAgO,0.0,-0.5784837046388871,0.448767567499997,True,False,3,4.677461403158296,3,"['Ag', 'K', 'O']",Ag-K-O,KAgO
mp-976229,KAgO3,0.0,-0.490754262783332,0.326060585,True,False,5,4.392837719467964,3,"['Ag', 'K', 'O']",Ag-K-O,KAgO3
mp-996966,KAgO2,0.6151,-0.9949358772291652,0.0260826825,False,False,4,4.410687199037317,3,"['Ag', 'K', 'O']",Ag-K-O,KAgO2
mp-3308966,K7Ag3O8,1.4083,-1.025872729513887,0.0,False,True,18,3.52506778414368,3,"['Ag', 'K', 'O']",Ag-K-O,K7Ag3O8
mp-557874,KAg(PO3)2,2.9041,-2.330342446070238,0.0,False,True,40,3.237636061093626,4,"['Ag', 'K', 'O', 'P']",Ag-K-O-P,KAg(PO3)2
mp-1198639,K3Ag2(PO4)5,0.021499999999999,-1.3936052624432531,0.607567710333332,False,False,60,2.570324048020762,4,"['Ag', 'K', 'O', 'P']",Ag-K-O-P,K3Ag2(PO4)5
mp-3323302,K2Ag(PO3)4,1.061999999999999,-2.184154822863408,0.0,False,True,38,3.057431936198991,4,"['Ag', 'K', 'O', 'P']",Ag-K-O-P,K2Ag(PO3)4
mp-3201505,K2Ag(PdO2)3,0.2233,-0.866927660416666,0.0,False,True,12,4.9056518881415645,4,"['Ag', 'K', 'O', 'Pd']",Ag-K-O-Pd,K2Ag(PdO2)3
mp-1201842,K5Ag(S2O3)3,3.1632,-1.703242041448412,0.115736513800125,False,False,84,2.520517651831153,4,"['Ag', 'K', 'O', 'S']",Ag-K-O-S,K5Ag(S2O3)3
mp-1200293,K4Ag2Sn3S9O2,0.0,-0.7221385327416651,0.408828712479176,True,False,80,3.146255396665907,5,"['Ag', 'K', 'O', 'S', 'Sn']",Ag-K-O-S-Sn,K4Ag2Sn3S9O2
mp-3213532,KSr3(AgO3)2,0.0,-1.845679381354169,0.0,True,True,12,5.367486989012127,4,"['Ag', 'K', 'O', 'Sr']",Ag-K-O-Sr,KSr3(AgO3)2
mp-553910,KV4Ag11O16,0.9235,-1.327608614236978,0.009562268984374,False,False,128,5.72396127905017,4,"['Ag', 'K', 'O', 'V']",Ag-K-O-V,KV4Ag11O16
mp-1211316,KV2AgO6,2.1316,-2.091293911891667,0.001926072666647,False,False,20,3.612680535099442,4,"['Ag', 'K', 'O', 'V']",Ag-K-O-V,KV2AgO6
mp-3261249,K5AgP2,0.8262,-0.390898316212796,0.0,False,True,16,2.312993803105527,3,"['Ag', 'K', 'P']",Ag-K-P,K5AgP2
mp-9778,K2AgP,1.232,-0.438985358869047,0.0,False,True,8,3.203500445683494,3,"['Ag', 'K', 'P']",Ag-K-P,K2AgP
mp-3262907,K2AgPS4,2.096899999999999,-0.875256347090772,0.0,False,True,16,2.702655930737001,4,"['Ag', 'K', 'P', 'S']",Ag-K-P-S,K2AgPS4
mp-12532,KAg2PS4,1.2441,-0.7215486906532721,0.0,False,True,8,3.650312445723834,4,"['Ag', 'K', 'P', 'S']",Ag-K-P-S,KAg2PS4
mp-3296866,K3Ag(PS4)2,2.7093,-0.803908662478741,0.0,False,True,28,2.472319387567958,4,"['Ag', 'K', 'P', 'S']",Ag-K-P-S,K3Ag(PS4)2
mp-1196972,KAgPSe3,1.3696,-0.7198786620429061,0.0,False,True,72,3.926211915396947,4,"['Ag', 'K', 'P', 'Se']",Ag-K-P-Se,KAgPSe3
mp-3208769,K3AgPb4,0.6607000000000001,-0.292786802656245,0.0,False,True,16,5.654747610317908,3,"['Ag', 'K', 'Pb']",Ag-K-Pb,K3AgPb4
mp-3223624,K4Ag5Pd3,0.0,-0.054953218333333,0.0,True,True,12,6.278352966965602,3,"['Ag', 'K', 'Pd']",Ag-K-Pd,K4Ag5Pd3
mp-3203766,K2RbAgSn4,1.0185,-0.32332449671875,0.0,False,True,16,4.122497858447681,4,"['Ag', 'K', 'Rb', 'Sn']",Ag-K-Rb-Sn,K2RbAgSn4
mp-7494,K2Ag4S3,0.128299999999999,-0.599046196770831,0.0,False,True,18,4.8759258979306015,3,"['Ag', 'K', 'S']",Ag-K-S,K2Ag4S3
mp-28468,KAg5S3,0.6972,-0.399625676168981,0.0,False,True,54,5.511288511114317,3,"['Ag', 'K', 'S']",Ag-K-S,KAg5S3
mp-18577,KAg3S2,1.3365999999999991,-0.490085054293977,0.009250882175926,False,False,24,4.771209339925281,3,"['Ag', 'K', 'S']",Ag-K-S,KAg3S2
mp-3309083,K4Ag6S5,2.1371,-0.674399306270832,0.0,False,True,30,3.868464939921793,3,"['Ag', 'K', 'S']",Ag-K-S,K4Ag6S5
mp-553923,K2AgSbS4,1.2564,-0.7550770369713521,0.013353713244795,False,False,32,3.196096970543685,4,"['Ag', 'K', 'S', 'Sb']",Ag-K-S-Sb,K2AgSbS4
mp-1192667,KAg2SbS3,1.688299999999999,-0.537853720947412,0.007809438055563,False,False,28,4.32498871764894,4,"['Ag', 'K', 'S', 'Sb']",Ag-K-S-Sb,KAg2SbS3
mp-9490,KAg2SbS4,0.569599999999999,-0.47151298855123,0.00594227557638,False,False,8,3.921085921459203,4,"['Ag', 'K', 'S', 'Sb']",Ag-K-S-Sb,KAg2SbS4
mp-1223709,K2Ag3Sb3S7,1.8381999999999992,-0.538951603553234,0.01241284225926,False,False,30,4.090203384845974,4,"['Ag', 'K', 'S', 'Sb']",Ag-K-S-Sb,K2Ag3Sb3S7
mp-1224211,K3Ag9(SbS3)4,1.625299999999999,-0.454317721498016,0.006626980912704,False,False,28,4.5444404842709885,4,"['Ag', 'K', 'S', 'Sb']",Ag-K-S-Sb,K3Ag9(SbS3)4
mp-559880,K2Ag6Sn3S10,0.7928000000000001,-0.6607841430714191,0.0,False,True,84,4.483471513893376,4,"['Ag', 'K', 'S', 'Sn']",Ag-K-S-Sn,K2Ag6Sn3S10
mp-3307321,K5AgSn2S7,1.9755,-1.039148916562499,0.0,False,True,30,2.899832870077122,4,"['Ag', 'K', 'S', 'Sn']",Ag-K-S-Sn,K5AgSn2S7
mp-672118,K2TaAgS4,2.4256,-1.264593837937499,0.011910574999999,False,False,16,3.514323224917134,4,"['Ag', 'K', 'S', 'Ta']",Ag-K-S-Ta,K2TaAgS4
mp-573202,K3Ta2Ag3S8,2.2901,-1.153003338213539,0.0,False,True,32,3.739497254380773,4,"['Ag', 'K', 'S', 'Ta']",Ag-K-S-Ta,K3Ta2Ag3S8
mp-1211732,KAgTeS3,1.6838,-0.6381697509305541,0.040001957050923,False,False,24,3.622430975159292,4,"['Ag', 'K', 'S', 'Te']",Ag-K-S-Te,KAgTeS3
mp-3212501,K2Ti(AgS2)2,1.8775,-1.12194411560185,0.0,False,True,18,3.420179358561546,4,"['Ag', 'K', 'S', 'Ti']",Ag-K-S-Ti,K2Ti(AgS2)2
mp-3202135,KTiAg3S4,1.8948999999999991,-0.8635098240740731,0.0,False,True,9,3.82227930611378,4,"['Ag', 'K', 'S', 'Ti']",Ag-K-S-Ti,KTiAg3S4
mp-666157,K2VAgS4,1.2817,-1.181183847645832,0.008148796874993,False,False,16,2.765285601093233,4,"['Ag', 'K', 'S', 'V']",Ag-K-S-V,K2VAgS4
mp-1212401,K2VAgS2,0.0,-0.431323264777777,0.5892415716094801,True,False,24,3.077055639636239,4,"['Ag', 'K', 'S', 'V']",Ag-K-S-V,K2VAgS2
mp-7643,K2AgSb,1.1871,-0.5024591443749991,0.0,False,True,8,3.718517510334226,3,"['Ag', 'K', 'Sb']",Ag-K-Sb,K2AgSb
mp-3286859,KAgSe4,1.410699999999999,-0.445808500416665,0.0,False,True,24,4.507180756836537,3,"['Ag', 'K', 'Se']",Ag-K-Se,KAgSe4
mp-573891,K2Ag4Se3,0.0,-0.6632701742442101,0.0,True,True,18,5.4851518355815,3,"['Ag', 'K', 'Se']",Ag-K-Se,K2Ag4Se3
mp-9782,KAg3Se2,0.004199999999999,-0.566161854489581,0.0,False,True,12,5.94297615154231,3,"['Ag', 'K', 'Se']",Ag-K-Se,KAg3Se2
mp-16236,KAgSe,0.482199999999999,-0.811976038753471,0.0,False,True,6,4.77817064343263,3,"['Ag', 'K', 'Se']",Ag-K-Se,KAgSe
mp-3206438,K2Si(AgSe2)2,2.1889,-0.8150486076388891,0.0,False,True,18,4.26195811958156,4,"['Ag', 'K', 'Se', 'Si']",Ag-K-Se-Si,K2Si(AgSe2)2
mp-570887,K2Ag2SnSe4,0.8472000000000001,-0.8404800391342581,0.0,False,True,18,4.57994335662116,4,"['Ag', 'K', 'Se', 'Sn']",Ag-K-Se-Sn,K2Ag2SnSe4
mp-571594,K3AgSn3Se8,1.3566,-0.912112711144444,0.004686756166679,False,False,30,4.258609442078375,4,"['Ag', 'K', 'Se', 'Sn']",Ag-K-Se-Sn,K3AgSn3Se8
mp-1223690,KAgSnSe3,1.2891,-0.8178427564079821,0.0,False,True,48,4.747142166946492,4,"['Ag', 'K', 'Se', 'Sn']",Ag-K-Se-Sn,KAgSnSe3
mp-3269427,K2TaAgSe4,2.364,-1.083911788885416,0.0,False,True,16,4.570410912765969,4,"['Ag', 'K', 'Se', 'Ta']",Ag-K-Se-Ta,K2TaAgSe4
mp-582161,K3Ta2Ag3Se8,2.076,-1.041728627822915,0.0,False,True,32,4.659180478261817,4,"['Ag', 'K', 'Se', 'Ta']",Ag-K-Se-Ta,K3Ta2Ag3Se8
mp-571288,KTa(AgSe2)2,1.7478,-0.9020147852864572,0.0,False,True,16,4.85671167158311,4,"['Ag', 'K', 'Se', 'Ta']",Ag-K-Se-Ta,KTa(AgSe2)2
mp-3202342,KTiAg3Se4,1.6889,-0.790925313518518,0.0,False,True,9,4.617139325357216,4,"['Ag', 'K', 'Se', 'Ti']",Ag-K-Se-Ti,KTiAg3Se4
mp-3205492,K2Ti(AgSe2)2,1.5937,-1.058489277268516,0.0,False,True,18,4.317152888760097,4,"['Ag', 'K', 'Se', 'Ti']",Ag-K-Se-Ti,K2Ti(AgSe2)2
mp-671861,K2VAgSe4,0.9994,-1.076781368192707,0.007993979374999,False,False,16,3.789589442757786,4,"['Ag', 'K', 'Se', 'V']",Ag-K-Se-V,K2VAgSe4
mp-1212411,K2VAgSe2,0.0,-0.416515086809027,0.5090641481565661,True,False,24,3.673426723390745,4,"['Ag', 'K', 'Se', 'V']",Ag-K-Se-V,K2VAgSe2
mp-3203472,K3AgSn4,0.9759,-0.316122543281249,0.0,False,True,16,3.946678825994345,3,"['Ag', 'K', 'Sn']",Ag-K-Sn,K3AgSn4
mp-613306,KAg3Te2,0.0,-0.269367447597221,0.242076646666665,True,False,12,5.138921340608139,3,"['Ag', 'K', 'Te']",Ag-K-Te,KAg3Te2
mp-1203532,K4Ag18Te11,0.0,-0.428316942040402,0.0,True,True,66,6.76155205080792,3,"['Ag', 'K', 'Te']",Ag-K-Te,K4Ag18Te11
mp-3202355,K2Ti(AgTe2)2,1.1455,-0.82810957712963,0.0,False,True,9,4.747889293035529,4,"['Ag', 'K', 'Te', 'Ti']",Ag-K-Te-Ti,K2Ti(AgTe2)2
mp-1025059,LaAg2,0.0,-0.310995305000001,0.0,True,True,6,8.048653028082715,2,"['Ag', 'La']",Ag-La,LaAg2
mp-1184993,La3Ag,0.0,-0.016328662499997,0.122415225000001,True,False,4,6.887835206717009,2,"['Ag', 'La']",Ag-La,La3Ag
mp-1185024,LaAg3,0.0,-0.174859922499997,0.07333359,True,False,4,8.436239174970916,2,"['Ag', 'La']",Ag-La,LaAg3
mp-1948,LaAg,0.0,-0.277487774999997,0.0,True,True,2,7.400970907390977,2,"['Ag', 'La']",Ag-La,LaAg
mp-3318988,LaAg6,0.0,-0.167448350714283,0.0,True,True,28,9.12423418848608,2,"['Ag', 'La']",Ag-La,LaAg6
mp-1223062,LaAg5,0.0,-0.109825852499999,0.075565867499999,True,False,12,8.72946584076949,2,"['Ag', 'La']",Ag-La,LaAg5
mp-3251408,Li2LaAgP2,0.7746000000000001,-1.005223311547617,0.0,False,True,6,4.886948338532374,4,"['Ag', 'La', 'Li', 'P']",Ag-La-Li-P,Li2LaAgP2
mp-3247863,Li2LaAgSb2,0.3051,-0.8972886722222211,0.0,False,True,6,5.981182853653823,4,"['Ag', 'La', 'Li', 'Sb']",Ag-La-Li-Sb,Li2LaAgSb2
mp-1079843,LaMgAg,0.0,-0.26234911388889,0.0,True,True,9,5.739582286387002,3,"['Ag', 'La', 'Mg']",Ag-La-Mg,LaMgAg
mp-867914,LaMgAg2,0.0,-0.279746168333333,0.000644623571425,True,False,4,6.674446772455913,3,"['Ag', 'La', 'Mg']",Ag-La-Mg,LaMgAg2
mp-1206372,LaMg2Ag,0.0,-0.098944289166666,0.107257878333333,True,False,4,5.086300520287454,3,"['Ag', 'La', 'Mg']",Ag-La-Mg,LaMg2Ag
mp-1223267,La2(MgAg3)3,0.0,-0.266081717142856,0.0,True,True,14,7.6212487099048705,3,"['Ag', 'La', 'Mg']",Ag-La-Mg,La2(MgAg3)3
mp-1211389,La4Mg3Ag10,0.0,-0.295821335392149,0.0,True,True,34,7.357147250013736,3,"['Ag', 'La', 'Mg']",Ag-La-Mg,La4Mg3Ag10
mp-2229350,La2MgTi3(AgO5)2,0.0,-2.79612233324074,0.450476966342586,True,False,18,4.783268895829712,5,"['Ag', 'La', 'Mg', 'O', 'Ti']",Ag-La-Mg-O-Ti,La2MgTi3(AgO5)2
mp-2232221,La2MgTi2(AgO4)2,0.0,-2.742104349,0.437943817944445,True,False,15,5.662808395396829,5,"['Ag', 'La', 'Mg', 'O', 'Ti']",Ag-La-Mg-O-Ti,La2MgTi2(AgO4)2
mp-3250317,La3Mg3AgPb2,0.0593,-0.568220320555553,0.0,False,True,9,6.62962886471241,4,"['Ag', 'La', 'Mg', 'Pb']",Ag-La-Mg-Pb,La3Mg3AgPb2
mp-3231745,La3Mg3Ag2Ru,0.0,-0.295588140555556,0.0,True,True,9,5.980072711062007,4,"['Ag', 'La', 'Mg', 'Ru']",Ag-La-Mg-Ru,La3Mg3Ag2Ru
mp-3248382,La3Mg3AgSn2,0.003199999999999,-0.6307666472222211,0.0,False,True,9,5.572794948709432,4,"['Ag', 'La', 'Mg', 'Sn']",Ag-La-Mg-Sn,La3Mg3AgSn2
mp-1223238,La3Mn4AgO12,0.0,-2.559307303919539,0.206251585183332,True,False,20,6.46305861889994,4,"['Ag', 'La', 'Mn', 'O']",Ag-La-Mn-O,La3Mn4AgO12
mp-1223057,LaAg(MoO4)2,2.5972523295061443,-2.261418322222167,0.0,False,True,12,5.655987683584535,4,"['Ag', 'La', 'Mo', 'O']",Ag-La-Mo-O,LaAg(MoO4)2
mp-1097413,NaLaAg2,0.0846,1.432448389612066,1.6656948683620671,False,False,4,0.914183690174824,3,"['Ag', 'La', 'Na']",Ag-La-Na,NaLaAg2
mp-1210066,NaLaAgTe4,0.0,-1.09210178638752,0.0,True,True,14,6.108722926762384,4,"['Ag', 'La', 'Na', 'Te']",Ag-La-Na-Te,NaLaAgTe4
mp-1178119,LaNb2AgO7,1.136899999999999,-2.89366307128788,0.055639301720782,False,False,88,5.322668826948682,4,"['Ag', 'La', 'Nb', 'O']",Ag-La-Nb-O,LaNb2AgO7
mp-3247754,La2Ni2Ag,0.0,-0.304103595,0.0,True,True,5,7.629503507612405,3,"['Ag', 'La', 'Ni']",Ag-La-Ni,La2Ni2Ag
mp-1076249,La5Sm3Ni7AgO24,0.0,-2.309614046541666,0.113653187557289,True,False,40,7.353535389754452,5,"['Ag', 'La', 'Ni', 'O', 'Sm']",Ag-La-Ni-O-Sm,La5Sm3Ni7AgO24
mp-1076656,La5Sm3Ni7AgO20,0.0,-2.189416497060185,0.459252745434027,True,False,144,6.637466464435541,5,"['Ag', 'La', 'Ni', 'O', 'Sm']",Ag-La-Ni-O-Sm,La5Sm3Ni7AgO20
mp-1076723,La7SmNi6(AgO12)2,0.0,-2.252523785333333,0.132217731380206,True,False,40,7.205810898869832,5,"['Ag', 'La', 'Ni', 'O', 'Sm']",Ag-La-Ni-O-Sm,La7SmNi6(AgO12)2
mp-1076765,La4Sm4Ni7AgO20,0.0,-2.459980685462963,0.187717970069441,True,False,144,6.701652056181847,5,"['Ag', 'La', 'Ni', 'O', 'Sm']",Ag-La-Ni-O-Sm,La4Sm4Ni7AgO20
mp-1099871,La7SmNi6(AgO10)2,0.0,-2.322039261064814,0.285487070121526,True,False,144,6.408436859173931,5,"['Ag', 'La', 'Ni', 'O', 'Sm']",Ag-La-Ni-O-Sm,La7SmNi6(AgO10)2
mp-3222044,LaNiAgSn2,0.0,-0.576469392000001,0.0,True,True,10,8.13665285586134,4,"['Ag', 'La', 'Ni', 'Sn']",Ag-La-Ni-Sn,LaNiAgSn2
mp-753260,LaAgO2,2.826699999999999,-2.568305550416656,0.0,False,True,4,5.978795149622664,3,"['Ag', 'La', 'O']",Ag-La-O,LaAgO2
mp-768308,LaAgO3,0.0,-2.088594065333333,0.036711941083333,True,False,10,6.992830903921755,3,"['Ag', 'La', 'O']",Ag-La-O,LaAgO3
mp-1076119,La2Ag2O5,0.0,-2.209745321481481,0.140247085277775,True,False,18,6.641014629635141,3,"['Ag', 'La', 'O']",Ag-La-O,La2Ag2O5
mp-1120758,La2AgO4,0.0,-2.6386737830952383,0.256295949642855,True,False,7,6.75083292330417,3,"['Ag', 'La', 'O']",Ag-La-O,La2AgO4
mp-558465,LaAg(PO3)4,3.7647999999999993,-2.728553837374338,0.0,False,True,72,3.694033809461164,4,"['Ag', 'La', 'O', 'P']",Ag-La-O-P,LaAg(PO3)4
mp-3275199,LaAg2(SO4)4,0.4514,-1.502018886793477,0.0,False,True,23,3.636514730215366,4,"['Ag', 'La', 'O', 'S']",Ag-La-O-S,LaAg2(SO4)4
mp-6625,LaAgSO,1.3631,-2.303094082291666,0.008491333124998,False,False,8,6.425297428420475,4,"['Ag', 'La', 'O', 'S']",Ag-La-O-S,LaAgSO
mp-1211374,La2AgS2O,0.0,-0.993785265277778,1.532364438842591,True,False,6,1.996711657621012,4,"['Ag', 'La', 'O', 'S']",Ag-La-O-S,La2AgS2O
mp-555253,La5Ti2AgS5O7,1.5072,-3.061508407541667,0.0,False,True,80,5.369263426740999,5,"['Ag', 'La', 'O', 'S', 'Ti']",Ag-La-O-S-Ti,La5Ti2AgS5O7
mp-1222747,LaTa2AgO7,1.5627,-3.085698859666666,0.052472312840917,False,False,11,7.15224182018637,4,"['Ag', 'La', 'O', 'Ta']",Ag-La-O-Ta,LaTa2AgO7
mp-6000,La2Ti3(AgO5)2,1.6497,-3.063526957254903,0.059718459999997,False,False,17,6.059928150982231,4,"['Ag', 'La', 'O', 'Ti']",Ag-La-O-Ti,La2Ti3(AgO5)2
mp-22621,LaTiAgO4,1.4657,-2.950561660714286,0.090224463392857,False,False,14,6.231575611977413,4,"['Ag', 'La', 'O', 'Ti']",Ag-La-O-Ti,LaTiAgO4
mp-1223080,La2Ti3AgO9,0.0,-3.306725961111111,0.169825406888893,True,False,15,6.120901351770565,4,"['Ag', 'La', 'O', 'Ti']",Ag-La-O-Ti,La2Ti3AgO9
mp-1095967,La2AgOs,0.0,1.867419972083332,2.053617973749999,True,False,4,0.850956350336808,3,"['Ag', 'La', 'Os']",Ag-La-Os,La2AgOs
mp-1222704,LaZnAgP2,0.508899999999999,-0.842167952273808,0.008391805479163,False,False,5,5.841876061135976,4,"['Ag', 'La', 'P', 'Zn']",Ag-La-P-Zn,LaZnAgP2
mp-13406,LaAgPb,0.0,-0.499289997222224,0.0,True,True,6,9.104494427520438,3,"['Ag', 'La', 'Pb']",Ag-La-Pb,LaAgPb
mp-1096314,La2AgPb,0.0,1.7067656945833332,2.187160753749994,True,False,4,0.546527772600335,3,"['Ag', 'La', 'Pb']",Ag-La-Pb,La2AgPb
mp-1106117,La5AgPb3,0.0,-0.541754915185183,0.000829106111106,True,False,18,8.06440401730711,3,"['Ag', 'La', 'Pb']",Ag-La-Pb,La5AgPb3
mp-3249830,LaAg4Pd,0.0,-0.321987589166662,0.0,True,True,6,9.420511358680054,3,"['Ag', 'La', 'Pd']",Ag-La-Pd,LaAg4Pd
mp-3245818,LaAg3Pd2,0.0,-0.450745096666665,0.0,True,True,6,9.635702694121909,3,"['Ag', 'La', 'Pd']",Ag-La-Pd,LaAg3Pd2
mp-3250899,LaAgPt4,0.0,-0.807644309999991,0.0,True,True,6,15.303763655546378,3,"['Ag', 'La', 'Pt']",Ag-La-Pt,LaAgPt4
mp-631674,LaRe2Ag,0.0,0.6918312399999991,0.8305751274999971,True,False,4,13.279532294857589,3,"['Ag', 'La', 'Re']",Ag-La-Re,LaRe2Ag
mp-3284928,La4AgRu,0.0,-0.265563162916663,0.0,True,True,24,7.267283010827663,3,"['Ag', 'La', 'Ru']",Ag-La-Ru,La4AgRu
mp-867798,La2AgRu,0.0,-0.207928977916666,0.052686168392856,True,False,4,8.077570643652567,3,"['Ag', 'La', 'Ru']",Ag-La-Ru,La2AgRu
mp-37478,La5AgS8,1.6741,-2.22829787172618,0.023943576577384,False,False,14,5.289810706198067,3,"['Ag', 'La', 'S']",Ag-La-S,La5AgS8
mp-17719,La3SiAgS7,1.9663,-1.897706837013888,0.0,False,True,24,4.636835821241179,4,"['Ag', 'La', 'S', 'Si']",Ag-La-S-Si,La3SiAgS7
mp-542888,La3AgSnS7,1.952299999999999,-1.793557752847222,0.0,False,True,24,4.99342030501125,4,"['Ag', 'La', 'S', 'Sn']",Ag-La-S-Sn,La3AgSnS7
mp-3250077,Sr2LaAg5S6,1.7154999999999991,-1.210838384062498,0.0,False,True,14,5.429491612215423,4,"['Ag', 'La', 'S', 'Sr']",Ag-La-S-Sr,Sr2LaAg5S6
mp-1206475,La2AgSb3,0.099599999999999,1.958560259166655,3.035297654999997,False,False,6,0.363156927497468,3,"['Ag', 'La', 'Sb']",Ag-La-Sb,La2AgSb3
mp-20271,LaAgSb2,0.0,-0.8499882124999971,0.0,True,True,8,7.58794345720857,3,"['Ag', 'La', 'Sb']",Ag-La-Sb,LaAgSb2
mp-675223,La4Ag2Se7,1.6998,-1.753367848405428,0.086923726594584,False,False,26,6.106847156536782,3,"['Ag', 'La', 'Se']",Ag-La-Se,La4Ag2Se7
mp-33775,La5AgSe8,1.1862,-2.098141987321428,0.011080011171877,False,False,14,6.379645231913779,3,"['Ag', 'La', 'Se']",Ag-La-Se,La5AgSe8
mp-6485,La3SiAgSe7,1.6531,-1.719268846506076,0.0,False,True,24,5.807152774765752,4,"['Ag', 'La', 'Se', 'Si']",Ag-La-Se-Si,La3SiAgSe7
mp-17155,La3AgSnSe7,1.300499999999999,-1.674925930256076,0.0,False,True,24,6.071675524819941,4,"['Ag', 'La', 'Se', 'Sn']",Ag-La-Se-Sn,La3AgSnSe7
mp-1025390,LaSi2Ag,0.0,-0.5867863012499971,0.0,True,True,8,6.155448156995245,3,"['Ag', 'La', 'Si']",Ag-La-Si,LaSi2Ag
mp-16237,La(SiAg)2,0.0,-0.495986191,0.0,True,True,5,6.9069227635003845,3,"['Ag', 'La', 'Si']",Ag-La-Si,La(SiAg)2
mp-1222760,LaSiAg,0.0,-0.5498519591666521,0.009578623333332,True,False,3,6.372013405990732,3,"['Ag', 'La', 'Si']",Ag-La-Si,LaSiAg
mp-867801,La2AgSn,0.0,-0.538420629166666,0.029417708937498,True,False,4,7.028081883140392,3,"['Ag', 'La', 'Sn']",Ag-La-Sn,La2AgSn
mp-974463,LaAg2Sn,0.0,-0.415622038333332,0.043370482291666,True,False,4,8.184924770475067,3,"['Ag', 'La', 'Sn']",Ag-La-Sn,LaAg2Sn
mp-1205490,La3(AgSn)4,0.0,-0.587490528333333,0.0,True,True,11,7.743341851872866,3,"['Ag', 'La', 'Sn']",Ag-La-Sn,La3(AgSn)4
mp-1223033,LaAgSn,0.0,-0.400629505555555,0.186497054739581,True,False,6,7.153874515631155,3,"['Ag', 'La', 'Sn']",Ag-La-Sn,LaAgSn
mp-1093948,SrLaAg2,0.0,1.509432130187502,1.7848991846875,True,False,4,0.563952509072108,3,"['Ag', 'La', 'Sr']",Ag-La-Sr,SrLaAg2
mp-1185050,La2TlAg,0.0,-0.336693293750004,0.0,True,True,4,8.210000284527835,3,"['Ag', 'La', 'Tl']",Ag-La-Tl,La2TlAg
mp-867817,LaTlAg2,0.0,-0.267033852916667,0.0,True,True,4,9.769678649658731,3,"['Ag', 'La', 'Tl']",Ag-La-Tl,LaTlAg2
mp-865811,LaYbAg2,0.0,-0.288859117499999,0.034165747500001,True,False,4,8.724742237105463,3,"['Ag', 'La', 'Yb']",Ag-La-Yb,LaYbAg2
mp-3306760,La4Yb3Ag10,0.0,-0.316856988529413,0.010513895294113,True,False,34,8.745328446321,3,"['Ag', 'La', 'Yb']",Ag-La-Yb,La4Yb3Ag10
mp-1185092,LaZn2Ag,0.0,-0.302387559374999,0.044811890000001,True,False,4,7.381740323778616,3,"['Ag', 'La', 'Zn']",Ag-La-Zn,LaZn2Ag
mp-1093913,LaZnAg2,0.3879,1.463785888508528,1.763618388977274,False,False,4,0.443918785811841,3,"['Ag', 'La', 'Zn']",Ag-La-Zn,LaZnAg2
mp-973957,La2ZnAg,0.0,-0.287038007500001,0.014379089999998,True,False,4,6.875063073518295,3,"['Ag', 'La', 'Zn']",Ag-La-Zn,La2ZnAg
mp-3328309,LaZn2Ag3,0.0,-0.257091729999999,0.0,True,True,6,8.265577316784006,3,"['Ag', 'La', 'Zn']",Ag-La-Zn,LaZn2Ag3
mp-862716,LiAg3,0.0,-0.128797530416665,0.0,True,True,4,8.287157330778992,2,"['Ag', 'Li']",Ag-Li,LiAg3
mp-1018026,LiAg,0.0,-0.166177340833334,0.014274759999999,True,False,4,5.810633866201821,2,"['Ag', 'Li']",Ag-Li,LiAg
mp-865875,Li3Ag,0.0,-0.122345376249999,0.0,True,True,4,3.254800054443373,2,"['Ag', 'Li']",Ag-Li,Li3Ag
mp-1222549,Li9Ag4,0.0,-0.131179130109889,0.009478446153845,True,False,26,3.6426963491027022,2,"['Ag', 'Li']",Ag-Li,Li9Ag4
mp-1222584,Li3Ag2,0.0,-0.144521752999999,0.022602524333333,True,False,10,4.874477690987475,2,"['Ag', 'Li']",Ag-Li,Li3Ag2
mp-1211140,Li8Ag5,0.0,-0.165073842948718,0.0,True,True,26,4.648491943032457,2,"['Ag', 'Li']",Ag-Li,Li8Ag5
mp-3230690,Li2Lu3AgPb3,0.0,-0.5489144187037021,0.0,True,True,9,10.210332196400731,4,"['Ag', 'Li', 'Lu', 'Pb']",Ag-Li-Lu-Pb,Li2Lu3AgPb3
mp-3231990,LiLu3Ag2Sn3,0.0,-0.6250951318518501,0.0,True,True,9,9.149619000390237,4,"['Ag', 'Li', 'Lu', 'Sn']",Ag-Li-Lu-Sn,LiLu3Ag2Sn3
mp-3203255,Li2Lu3AgSn3,0.0,-0.6711932575925881,0.0,True,True,9,8.348067599839313,4,"['Ag', 'Li', 'Lu', 'Sn']",Ag-Li-Lu-Sn,Li2Lu3AgSn3
mp-864598,LiMg2Ag,0.0,-0.198029603749999,0.0,True,True,4,3.74160330109654,3,"['Ag', 'Li', 'Mg']",Ag-Li-Mg,LiMg2Ag
mp-1185364,LiMgAg2,0.0,-0.227260540416664,0.0,True,True,4,6.11846374124021,3,"['Ag', 'Li', 'Mg']",Ag-Li-Mg,LiMgAg2
mp-1096346,Li2MgAg,0.4773,0.941983219166667,1.118211205,False,False,4,0.245672220093741,3,"['Ag', 'Li', 'Mg']",Ag-Li-Mg,Li2MgAg
mp-1246010,Li2AgN,0.041599999999999,-0.129206295624999,0.198084783958334,False,False,16,4.691425854397009,3,"['Ag', 'Li', 'N']",Ag-Li-N,Li2AgN
mp-3322933,LiAg3(NO3)8,0.0,-0.311191381435184,0.0,True,True,36,3.048378095700185,4,"['Ag', 'Li', 'N', 'O']",Ag-Li-N-O,LiAg3(NO3)8
mp-1222677,LiAg2(NO2)3,1.7706,-0.7765507230555551,0.084876795277774,False,False,24,3.4693690036730223,4,"['Ag', 'Li', 'N', 'O']",Ag-Li-N-O,LiAg2(NO2)3
mp-3206911,Na4LiAg3Te4,1.2276,-0.7931731418055531,0.0,False,True,12,5.166141568208603,4,"['Ag', 'Li', 'Na', 'Te']",Ag-Li-Na-Te,Na4LiAg3Te4
mp-1235227,LiTaNb(AgO3)2,0.0,-2.100776298545453,0.328311255887442,True,False,11,7.253467160924947,5,"['Ag', 'Li', 'Nb', 'O', 'Ta']",Ag-Li-Nb-O-Ta,LiTaNb(AgO3)2
mp-3203899,LiNb(AgS2)2,1.8652,-0.795594630989583,0.0,False,True,8,3.349897139114612,4,"['Ag', 'Li', 'Nb', 'S']",Ag-Li-Nb-S,LiNb(AgS2)2
mp-3251630,LiNd2Ag3O8,1.0915,-1.6875290576190471,0.0,False,True,14,6.9302159917853725,4,"['Ag', 'Li', 'Nd', 'O']",Ag-Li-Nd-O,LiNd2Ag3O8
mp-3251665,Li2NdAgP2,0.5605,-0.971875375297618,0.0,False,True,6,5.134372863981688,4,"['Ag', 'Li', 'Nd', 'P']",Ag-Li-Nd-P,Li2NdAgP2
mp-3230950,Li3Nd3Ag2Pt,0.0,-0.432758335833331,0.0,True,True,9,6.927471209193262,4,"['Ag', 'Li', 'Nd', 'Pt']",Ag-Li-Nd-Pt,Li3Nd3Ag2Pt
mp-3248746,LiNdAgPt3,0.0,-0.833784666527776,0.0,True,True,6,13.29436924501679,4,"['Ag', 'Li', 'Nd', 'Pt']",Ag-Li-Nd-Pt,LiNdAgPt3
mp-755585,LiAgO2,0.0,-0.8280755112499981,0.27612944375,True,False,8,5.336976121062178,3,"['Ag', 'Li', 'O']",Ag-Li-O,LiAgO2
mp-772290,LiAgO,1.222799999999999,-1.254481989166664,0.0,False,True,12,5.524678938965225,3,"['Ag', 'Li', 'O']",Ag-Li-O,LiAgO
mp-27227,LiAg3O2,0.727799999999999,-0.8048942663888881,0.0,False,True,12,7.184823414960364,3,"['Ag', 'Li', 'O']",Ag-Li-O,LiAg3O2
mp-1235487,LiAg4(PO3)4,0.0,-1.932806261836733,0.109306063571436,True,False,21,3.888203143706072,4,"['Ag', 'Li', 'O', 'P']",Ag-Li-O-P,LiAg4(PO3)4
mp-3207202,LiAg3(PbO3)2,0.064499999999999,-0.8742112861805531,0.0,False,True,12,7.912388501945875,4,"['Ag', 'Li', 'O', 'Pb']",Ag-Li-O-Pb,LiAg3(PbO3)2
mp-3201901,LiAg3(PdO3)2,0.8500999999999991,-0.7238702145138871,0.0,False,True,12,7.228772380014415,4,"['Ag', 'Li', 'O', 'Pd']",Ag-Li-O-Pd,LiAg3(PdO3)2
mp-1235193,RbLiAgO2,0.0,-1.018180470499999,0.30393522875,True,False,5,4.181363104162427,4,"['Ag', 'Li', 'O', 'Rb']",Ag-Li-O-Rb,RbLiAgO2
mp-1235400,LiAg4(RuO3)4,0.0,-1.068183962857142,0.084179768333332,True,False,21,6.329868319375373,4,"['Ag', 'Li', 'O', 'Ru']",Ag-Li-O-Ru,LiAg4(RuO3)4
mp-3210808,LiAg(S2O7)2,1.3693,-1.258206096770834,0.0,False,True,20,2.853291498622989,4,"['Ag', 'Li', 'O', 'S']",Ag-Li-O-S,LiAg(S2O7)2
mp-1235223,LiSc2(AgO2)2,0.0,-2.478875571851851,0.173911452037041,True,False,9,5.002887334433515,4,"['Ag', 'Li', 'O', 'Sc']",Ag-Li-O-Sc,LiSc2(AgO2)2
mp-1235249,LiSi2(AgO)8,0.0,-1.262575320877192,0.142911784999999,True,False,19,6.103473489013148,4,"['Ag', 'Li', 'O', 'Si']",Ag-Li-O-Si,LiSi2(AgO)8
mp-3244789,LiSm2Ag3O8,1.0952,-1.7082588386904751,0.0,False,True,14,7.216053678263323,4,"['Ag', 'Li', 'O', 'Sm']",Ag-Li-O-Sm,LiSm2Ag3O8
mp-3213996,LiAg3(SnO3)2,1.0923,-1.329513879513889,0.0,False,True,12,6.8061689625196005,4,"['Ag', 'Li', 'O', 'Sn']",Ag-Li-O-Sn,LiAg3(SnO3)2
mp-3210167,LiAg5TeO6,0.3277,-0.7733983795512831,0.0,False,True,26,7.365084934347757,4,"['Ag', 'Li', 'O', 'Te']",Ag-Li-O-Te,LiAg5TeO6
mp-3209487,LiV2AgO6,2.0206,-2.176998756916666,0.0,False,True,20,3.846636577212433,4,"['Ag', 'Li', 'O', 'V']",Ag-Li-O-V,LiV2AgO6
mp-1235150,LiZn2AgWO6,2.375,-1.710629617727273,0.130467145284089,False,False,11,5.988389237119795,5,"['Ag', 'Li', 'O', 'W', 'Zn']",Ag-Li-O-W-Zn,LiZn2AgWO6
mp-1235973,LiY4(AgO3)4,0.023299999999999,-2.155772537142856,0.071163760357143,False,False,21,5.529806008623579,4,"['Ag', 'Li', 'O', 'Y']",Ag-Li-O-Y,LiY4(AgO3)4
mp-3295423,LiY2Ag3O8,1.090799999999999,-1.731377348690476,0.0,False,True,14,6.290595438693047,4,"['Ag', 'Li', 'O', 'Y']",Ag-Li-O-Y,LiY2Ag3O8
mp-3214345,LiAg2P11,0.9775,-0.143699563171767,0.0,False,True,14,3.263225794869293,3,"['Ag', 'Li', 'P']",Ag-Li-P,LiAg2P11
mp-3203052,Li3AgP8,1.2596,-0.36850937906746,0.0,False,True,12,2.822138194698907,3,"['Ag', 'Li', 'P']",Ag-Li-P,Li3AgP8
mp-3248529,Li2PrAgP2,0.5336999999999991,-0.9652989843253952,0.0,False,True,6,5.012223487900317,4,"['Ag', 'Li', 'P', 'Pr']",Ag-Li-P-Pr,Li2PrAgP2
mp-3210882,LiAgPPt3,0.0,-0.5470178228571421,0.0,True,True,24,13.108707362362932,4,"['Ag', 'Li', 'P', 'Pt']",Ag-Li-P-Pt,LiAgPPt3
mp-3215250,Li7Si2AgP16,1.719199999999999,-0.416743929203295,0.0,False,True,26,2.464042330730159,4,"['Ag', 'Li', 'P', 'Si']",Ag-Li-P-Si,Li7Si2AgP16
mp-3201975,SrLi3AgP2,0.343099999999999,-0.8374105844217691,0.0,False,True,7,3.6341796407973352,4,"['Ag', 'Li', 'P', 'Sr']",Ag-Li-P-Sr,SrLi3AgP2
mp-3230260,Li3Y3AgP2,0.0,-0.913525007883597,0.0,True,True,9,4.366979180082118,4,"['Ag', 'Li', 'P', 'Y']",Ag-Li-P-Y,Li3Y3AgP2
mp-1184979,Li2AgPb,0.0,-0.250680347083331,0.014386744999993,True,False,4,7.323611352815697,3,"['Ag', 'Li', 'Pb']",Ag-Li-Pb,Li2AgPb
mp-1096155,LiAgPb2,0.1432,1.236656346250002,1.374008290833334,False,False,4,0.747101284405258,3,"['Ag', 'Li', 'Pb']",Ag-Li-Pb,LiAgPb2
mp-974642,LiAg2Pb,0.0,-0.122737301666664,0.016027206666666,True,False,4,9.07591885287057,3,"['Ag', 'Li', 'Pb']",Ag-Li-Pb,LiAg2Pb
mp-3230857,Li2Sm3AgPb3,0.0,-0.652295643148142,0.0,True,True,9,8.682060537287574,4,"['Ag', 'Li', 'Pb', 'Sm']",Ag-Li-Pb-Sm,Li2Sm3AgPb3
mp-3252599,LiYb3Ag2Pb3,0.0,-0.395586262407404,0.01418746010583,True,False,9,10.25420016779879,4,"['Ag', 'Li', 'Pb', 'Yb']",Ag-Li-Pb-Yb,LiYb3Ag2Pb3
mp-1093802,LiAgPd2,0.272399999999999,1.70810596958333,1.955245826666667,False,False,4,0.643571072433966,3,"['Ag', 'Li', 'Pd']",Ag-Li-Pd,LiAgPd2
mp-865987,Li2AgPd,0.0,-0.310142087083333,0.0,True,True,4,6.813917449547286,3,"['Ag', 'Li', 'Pd']",Ag-Li-Pd,Li2AgPd
mp-974634,LiAg2Pd,0.0,-0.193859034166667,0.01689044,True,False,4,8.589214609027827,3,"['Ag', 'Li', 'Pd']",Ag-Li-Pd,LiAg2Pd
mp-3336747,LiAg5Pd2,0.0,-0.148772601458333,0.0,True,True,8,9.706463484248747,3,"['Ag', 'Li', 'Pd']",Ag-Li-Pd,LiAg5Pd2
mp-3246690,LiPrAgPt3,0.0,-0.817843827222224,0.0,True,True,6,13.108677487672049,4,"['Ag', 'Li', 'Pr', 'Pt']",Ag-Li-Pr-Pt,LiPrAgPt3
mp-3203288,LiAg3S2,1.9033,-0.476984333715274,0.0,False,True,12,5.108228963960793,3,"['Ag', 'Li', 'S']",Ag-Li-S,LiAg3S2
mp-3203516,LiAg(SbS2)2,1.7898,-0.5199615672395811,0.0,False,True,16,4.347272315492406,4,"['Ag', 'Li', 'S', 'Sb']",Ag-Li-S-Sb,LiAg(SbS2)2
mp-3202077,Li2VAgS4,1.6325,-1.000529407447915,0.0,False,True,8,2.396125969489657,4,"['Ag', 'Li', 'S', 'V']",Ag-Li-S-V,Li2VAgS4
mp-1185309,LiAg2Sb,0.0,-0.252402341041669,0.006671043749999,True,False,4,7.287960082853785,3,"['Ag', 'Li', 'Sb']",Ag-Li-Sb,LiAg2Sb
mp-16238,Li2AgSb,0.1478,-0.5181467695833331,0.0,False,True,4,5.6086123064754725,3,"['Ag', 'Li', 'Sb']",Ag-Li-Sb,Li2AgSb
mp-3203023,Li2YAgSb2,0.142299999999999,-0.8137261413888881,0.0,False,True,6,5.778650159024642,4,"['Ag', 'Li', 'Sb', 'Y']",Ag-Li-Sb-Y,Li2YAgSb2
mp-1097460,LiScAg2,0.0,1.462386410364581,1.69350618046875,True,False,4,0.412940694704963,3,"['Ag', 'Li', 'Sc']",Ag-Li-Sc,LiScAg2
mp-3206556,Li28ScSi8Ag,0.1966,-0.291513745438596,0.0,False,True,38,1.597121171226439,4,"['Ag', 'Li', 'Sc', 'Si']",Ag-Li-Sc-Si,Li28ScSi8Ag
mp-3214331,LiSc3Ag2Sn3,0.0,-0.5620615968518491,0.0,True,True,18,6.283100070258268,4,"['Ag', 'Li', 'Sc', 'Sn']",Ag-Li-Sc-Sn,LiSc3Ag2Sn3
mp-1100393,LiAgSe,0.213999999999999,-0.6178952589930561,0.17461224,False,False,3,5.741777433791422,3,"['Ag', 'Li', 'Se']",Ag-Li-Se,LiAgSe
mp-3276960,Li8Si2Ag3,0.305799999999999,-0.249113254487179,0.0,False,True,26,3.674615172633091,3,"['Ag', 'Li', 'Si']",Ag-Li-Si,Li8Si2Ag3
mp-1185425,LiSiAg2,0.0,-0.092911594166666,0.031321484999998,True,False,4,6.876714922196871,3,"['Ag', 'Li', 'Si']",Ag-Li-Si,LiSiAg2
mp-29165,Li3Si3Ag2,0.0,-0.035405929791666,0.116462740119047,True,False,16,4.326033884587089,3,"['Ag', 'Li', 'Si']",Ag-Li-Si,Li3Si3Ag2
mp-3241128,Li4Si2Ag,0.0,-0.27737195595238,0.0,True,True,7,3.236772714567937,3,"['Ag', 'Li', 'Si']",Ag-Li-Si,Li4Si2Ag
mp-3247222,LiSmSi2Ag,0.0,-0.5659155783333311,0.0,True,True,5,5.865722867676793,4,"['Ag', 'Li', 'Si', 'Sm']",Ag-Li-Si-Sm,LiSmSi2Ag
mp-3252068,Li3Tb4Si6Ag,0.0,-0.67084907607143,0.0,True,True,14,5.964891875252208,4,"['Ag', 'Li', 'Si', 'Tb']",Ag-Li-Si-Tb,Li3Tb4Si6Ag
mp-3253417,Li3Th4Si6Ag,0.0,-0.581711907499993,0.0,True,True,14,7.315335725648567,4,"['Ag', 'Li', 'Si', 'Th']",Ag-Li-Si-Th,Li3Th4Si6Ag
mp-3248668,LiTm2Si3Ag,0.0,-0.6002797945238121,0.0,True,True,14,7.091126630354942,4,"['Ag', 'Li', 'Si', 'Tm']",Ag-Li-Si-Tm,LiTm2Si3Ag
mp-3205822,LiY2Si3Ag,0.0,-0.640186329523808,0.0,True,True,14,4.797463056049373,4,"['Ag', 'Li', 'Si', 'Y']",Ag-Li-Si-Y,LiY2Si3Ag
mp-3205032,Li16Zn(Si2Ag)3,0.0,-0.281632665641024,0.0,True,True,26,2.863031394817848,4,"['Ag', 'Li', 'Si', 'Zn']",Ag-Li-Si-Zn,Li16Zn(Si2Ag)3
mp-567347,Li2AgSn,0.0,-0.367986953333332,0.0,True,True,4,5.718691610476919,3,"['Ag', 'Li', 'Sn']",Ag-Li-Sn,Li2AgSn
mp-567528,Li17(AgSn2)3,0.0,-0.358768916217948,0.01015398376923,True,False,26,3.98037440785932,3,"['Ag', 'Li', 'Sn']",Ag-Li-Sn,Li17(AgSn2)3
mp-1080714,Li2AgSn2,0.0,-0.309467490666665,0.0,True,True,10,5.688383802443861,3,"['Ag', 'Li', 'Sn']",Ag-Li-Sn,Li2AgSn2
mp-2927,LiAg2Sn,0.0,-0.230473382916665,0.0,True,True,4,7.811011943588928,3,"['Ag', 'Li', 'Sn']",Ag-Li-Sn,LiAg2Sn
mp-3333795,Li5(AgSn)2,0.0,-0.382245234814814,0.0,True,True,9,5.127207740833279,3,"['Ag', 'Li', 'Sn']",Ag-Li-Sn,Li5(AgSn)2
mp-1222568,Li3Ag3Sn2,0.0,-0.274158901874999,0.025071266249999,True,False,8,6.562962564709278,3,"['Ag', 'Li', 'Sn']",Ag-Li-Sn,Li3Ag3Sn2
mp-3230853,Li2Y3AgSn3,0.0,-0.747364525370373,0.0,True,True,9,5.829437455943011,4,"['Ag', 'Li', 'Sn', 'Y']",Ag-Li-Sn-Y,Li2Y3AgSn3
mp-3250940,LiYbAgSn,0.0,-0.375417264166664,0.111614734235345,True,False,4,8.464817852620431,4,"['Ag', 'Li', 'Sn', 'Yb']",Ag-Li-Sn-Yb,LiYbAgSn
mp-962069,LiAgTe,0.0,-0.560684517222221,0.126158813333332,True,False,3,6.148527160487869,3,"['Ag', 'Li', 'Te']",Ag-Li-Te,LiAgTe
mp-1096099,LiTlAg2,0.9163,0.929559551111118,1.058024531944443,False,False,4,0.624824770483645,3,"['Ag', 'Li', 'Tl']",Ag-Li-Tl,LiTlAg2
mp-865666,Li2TlAg,0.0,-0.227884062083337,0.008540689999978,True,False,4,7.814164743650044,3,"['Ag', 'Li', 'Tl']",Ag-Li-Tl,Li2TlAg
mp-1097271,LiY2Ag,0.2633,2.150655251250001,2.314361467499999,False,False,4,0.372325252714425,3,"['Ag', 'Li', 'Y']",Ag-Li-Y,LiY2Ag
mp-861625,LiZnAg2,0.0,-0.161002965416665,0.0,True,True,4,7.873867175950649,3,"['Ag', 'Li', 'Zn']",Ag-Li-Zn,LiZnAg2
mp-1185422,LiZn2Ag,0.0,-0.164231135416667,0.007141429333318,True,False,4,6.923223429133457,3,"['Ag', 'Li', 'Zn']",Ag-Li-Zn,LiZn2Ag
mp-1093889,Li2ZnAg,0.5495,0.869148132916666,1.0694269775,False,False,4,0.343282404956378,3,"['Ag', 'Li', 'Zn']",Ag-Li-Zn,Li2ZnAg
mp-3293939,Li3Zn7Ag3,0.0,-0.165480483076921,0.0,True,True,13,6.668856363284365,3,"['Ag', 'Li', 'Zn']",Ag-Li-Zn,Li3Zn7Ag3
mp-3305983,Li4Zn7Ag2,0.0,-0.195430101666666,0.0,True,True,13,5.793052910901773,3,"['Ag', 'Li', 'Zn']",Ag-Li-Zn,Li4Zn7Ag2
mp-568953,LuAg4,0.0,-0.229042311333333,0.0,True,True,5,10.856679876737806,2,"['Ag', 'Lu']",Ag-Lu,LuAg4
mp-1018131,LuAg2,0.0,-0.351867848888886,0.0,True,True,3,10.827977480394228,2,"['Ag', 'Lu']",Ag-Lu,LuAg2
mp-1185499,LuAg3,0.0,-0.210255580416664,0.064846307500005,True,False,4,10.70491720235128,2,"['Ag', 'Lu']",Ag-Lu,LuAg3
mp-1185500,LuMgAg2,0.0,-0.292354603749998,0.0,True,True,4,8.60701521102182,3,"['Ag', 'Lu', 'Mg']",Ag-Lu-Mg,LuMgAg2
mp-3231962,Lu3Mg3Ag2Pt,0.0,-0.540996933888885,0.0,True,True,9,8.624736120831848,4,"['Ag', 'Lu', 'Mg', 'Pt']",Ag-Lu-Mg-Pt,Lu3Mg3Ag2Pt
mp-3205072,Lu16MgAg3Pt4,0.0,-0.6653673373611041,0.0,True,True,24,11.237522610086891,4,"['Ag', 'Lu', 'Mg', 'Pt']",Ag-Lu-Mg-Pt,Lu16MgAg3Pt4
mp-3230582,Lu3Mg3Si2Ag,0.0,-0.538147803333332,0.0,True,True,9,6.830071168032571,4,"['Ag', 'Lu', 'Mg', 'Si']",Ag-Lu-Mg-Si,Lu3Mg3Si2Ag
mp-3231410,Lu3Mg3AgSn2,0.0,-0.528485616666665,0.0,True,True,9,7.521583639306387,4,"['Ag', 'Lu', 'Mg', 'Sn']",Ag-Lu-Mg-Sn,Lu3Mg3AgSn2
mp-3209035,LuAg6NO11,0.0,-0.7162116532456121,0.0,True,True,19,6.868148697426166,4,"['Ag', 'Lu', 'N', 'O']",Ag-Lu-N-O,LuAg6NO11
mp-3241179,NdLu(AgSn)2,0.0,-0.6395309840277761,0.0,True,True,6,8.902469621722377,4,"['Ag', 'Lu', 'Nd', 'Sn']",Ag-Lu-Nd-Sn,NdLu(AgSn)2
mp-1018025,LuAgO2,2.153,-2.708882957083332,0.0,False,True,4,8.559651703209585,3,"['Ag', 'Lu', 'O']",Ag-Lu-O,LuAgO2
mp-3344636,Lu3AgO6,1.3585,-3.084833216749999,0.0,False,True,10,9.6918130459453,3,"['Ag', 'Lu', 'O']",Ag-Lu-O,Lu3AgO6
mp-3212233,Lu3Ag(Pt2O7)2,0.3151,-1.843915649431817,0.0,False,True,22,10.708044377858606,4,"['Ag', 'Lu', 'O', 'Pt']",Ag-Lu-O-Pt,Lu3Ag(Pt2O7)2
mp-1210770,LuTa5Ag2O15,2.5698,-2.978307871159419,0.079175790869571,False,False,46,8.243423501494311,4,"['Ag', 'Lu', 'O', 'Ta']",Ag-Lu-O-Ta,LuTa5Ag2O15
mp-1210947,LuAg(WO4)2,3.171799999999999,-2.375720084027777,0.014401884739591,False,False,24,8.334598287671167,4,"['Ag', 'Lu', 'O', 'W']",Ag-Lu-O-W,LuAg(WO4)2
mp-866147,Lu2AgOs,0.0,-0.3668135462499999,0.0,True,True,4,13.67925891801296,3,"['Ag', 'Lu', 'Os']",Ag-Lu-Os,Lu2AgOs
mp-3211262,LuAg(PS3)2,2.6988,-0.826147392449402,0.0,False,True,20,3.88255115172892,4,"['Ag', 'Lu', 'P', 'S']",Ag-Lu-P-S,LuAg(PS3)2
mp-3206137,LuAg(PSe3)2,2.081199999999999,-0.6689111166994051,0.0,False,True,20,5.145639519414079,4,"['Ag', 'Lu', 'P', 'Se']",Ag-Lu-P-Se,LuAg(PSe3)2
mp-16747,LuAgPb,0.0,-0.295174541666665,0.00491310611111,True,False,9,11.53305777833289,3,"['Ag', 'Lu', 'Pb']",Ag-Lu-Pb,LuAgPb
mp-3241255,PrLu(AgSn)2,0.0,-0.636158029722224,0.0,True,True,6,8.775244046987495,4,"['Ag', 'Lu', 'Pr', 'Sn']",Ag-Lu-Pr-Sn,PrLu(AgSn)2
mp-973442,Lu2AgPt,0.0,-0.91120927708333,0.009948287187498,True,False,4,13.220320654938256,3,"['Ag', 'Lu', 'Pt']",Ag-Lu-Pt,Lu2AgPt
mp-3334824,Lu2AgPt5,0.0,-1.100062978541665,0.0,True,True,8,17.711411191171738,3,"['Ag', 'Lu', 'Pt']",Ag-Lu-Pt,Lu2AgPt5
mp-3215734,LuSc7(AgRh)2,0.0,-0.486916960555554,0.0,True,True,24,6.004235936937268,4,"['Ag', 'Lu', 'Rh', 'Sc']",Ag-Lu-Rh-Sc,LuSc7(AgRh)2
mp-865459,Lu2AgRu,0.0,-0.437481451249999,0.0,True,True,4,11.755280287640632,3,"['Ag', 'Lu', 'Ru']",Ag-Lu-Ru,Lu2AgRu
mp-3328662,Lu3AgRu2,0.0,-0.545302565833334,0.0,True,True,6,11.871157462945014,3,"['Ag', 'Lu', 'Ru']",Ag-Lu-Ru,Lu3AgRu2
mp-676410,LuAgS2,0.7313000000000001,-1.5011938255729151,0.014473399374999,False,False,8,6.748713055030171,3,"['Ag', 'Lu', 'S']",Ag-Lu-S,LuAgS2
mp-3215254,LuZrAgS4,0.8569999999999991,-1.669314363988093,0.0,False,True,28,5.187903901145871,4,"['Ag', 'Lu', 'S', 'Zr']",Ag-Lu-S-Zr,LuZrAgS4
mp-1189356,LuAgSe2,1.3047,-1.385930871197914,0.006882983750003,False,False,16,7.691865907872321,3,"['Ag', 'Lu', 'Se']",Ag-Lu-Se,LuAgSe2
mp-1079794,LuSiAg,0.0,-0.613306637777775,0.0,True,True,9,9.125039229984624,3,"['Ag', 'Lu', 'Si']",Ag-Lu-Si,LuSiAg
mp-3204922,Lu6Zn15SiAg8,0.0,-0.324424675,0.0,True,True,30,9.369338092977657,4,"['Ag', 'Lu', 'Si', 'Zn']",Ag-Lu-Si-Zn,Lu6Zn15SiAg8
mp-12505,LuAgSn,0.0,-0.5783277172222221,0.0,True,True,6,9.775963721411408,3,"['Ag', 'Lu', 'Sn']",Ag-Lu-Sn,LuAgSn
mp-3241248,TbLu(AgSn)2,0.0,-0.6292674127777781,0.0,True,True,6,9.37401622601144,4,"['Ag', 'Lu', 'Sn', 'Tb']",Ag-Lu-Sn-Tb,TbLu(AgSn)2
mp-865214,Lu2TcAg,0.0,-0.236320689270833,0.023573188124998,True,False,4,11.247891359107737,3,"['Ag', 'Lu', 'Tc']",Ag-Lu-Tc,Lu2TcAg
mp-569414,Lu6AgTe2,0.0,-0.7099140274999991,0.0,True,True,36,9.818591736522878,3,"['Ag', 'Lu', 'Te']",Ag-Lu-Te,Lu6AgTe2
mp-1206851,LuAgTe2,1.164699999999999,-1.055462540416667,0.014223655624999,False,False,4,7.244243720297322,3,"['Ag', 'Lu', 'Te']",Ag-Lu-Te,LuAgTe2
mp-866131,Lu2TlAg,0.0,-0.319393562083332,0.0,True,True,4,11.66861870007823,3,"['Ag', 'Lu', 'Tl']",Ag-Lu-Tl,Lu2TlAg
mp-1187611,TmLuAg2,0.0,-0.358918496666664,0.0,True,True,4,10.442548868377663,3,"['Ag', 'Lu', 'Tm']",Ag-Lu-Tm,TmLuAg2
mp-973653,Lu2ZnAg,0.0,-0.375621630833332,0.0,True,True,4,10.143707387131771,3,"['Ag', 'Lu', 'Zn']",Ag-Lu-Zn,Lu2ZnAg
mp-678,Mg54Ag17,0.0,-0.109799734624412,0.000541625845071,True,False,71,3.524671063850277,2,"['Ag', 'Mg']",Ag-Mg,Mg54Ag17
mp-864934,MgAg3,0.0,-0.146502536249998,0.0,True,True,8,8.272217238376555,2,"['Ag', 'Mg']",Ag-Mg,MgAg3
mp-864952,Mg3Ag,0.0,-0.093537232916665,0.02167212875,True,False,8,3.801012546765843,2,"['Ag', 'Mg']",Ag-Mg,Mg3Ag
mp-1185591,Mg149Ag,0.5665,0.001092287822222,0.004164537466667,False,False,150,1.816108587056529,2,"['Ag', 'Mg']",Ag-Mg,Mg149Ag
mp-1185748,Mg2Ag,0.0,-0.126170588888887,0.027441893333334,True,False,6,4.525971043320862,2,"['Ag', 'Mg']",Ag-Mg,Mg2Ag
mp-1185801,Mg5Ag,0.0,-0.04621667611111,0.030589565,True,False,6,3.09197794151389,2,"['Ag', 'Mg']",Ag-Mg,Mg5Ag
mp-1185822,MgAg2,0.0,-0.16284676444444,0.011627834166669,True,False,6,7.525695271951702,2,"['Ag', 'Mg']",Ag-Mg,MgAg2
mp-1185833,MgAg5,0.0,-0.092238795555555,0.005429561944443,True,False,6,8.94791054369006,2,"['Ag', 'Mg']",Ag-Mg,MgAg5
mp-2696,MgAg,0.0,-0.230418723333333,0.0,True,True,2,6.085510065117588,2,"['Ag', 'Mg']",Ag-Mg,MgAg
mp-1222034,MgAg4,0.0,-0.026510542333331,0.090691486666667,True,False,5,8.252895635358094,2,"['Ag', 'Mg']",Ag-Mg,MgAg4
mp-1210857,Mg26Ag7,0.0,-0.08867523080808,0.009078166969697,True,False,66,3.318270409231279,2,"['Ag', 'Mg']",Ag-Mg,Mg26Ag7
mp-1233201,MgMn4(AgO4)4,0.3139,-1.04175925573563,0.238838466083331,False,False,25,4.157650965238941,4,"['Ag', 'Mg', 'Mn', 'O']",Ag-Mg-Mn-O,MgMn4(AgO4)4
mp-2210750,MgMnAgO2,0.0,-1.59128216091954,0.43706941366667,True,False,5,5.073591124360882,4,"['Ag', 'Mg', 'Mn', 'O']",Ag-Mg-Mn-O,MgMnAgO2
mp-2217133,MgMn2(AgO2)2,0.0,-1.469311507132823,0.348355397407402,True,False,9,5.5802136727415474,4,"['Ag', 'Mg', 'Mn', 'O']",Ag-Mg-Mn-O,MgMn2(AgO2)2
mp-2223323,MgMn2(AgO3)2,0.9213,-1.611514377654127,0.064817976818179,False,False,11,5.571354177593592,4,"['Ag', 'Mg', 'Mn', 'O']",Ag-Mg-Mn-O,MgMn2(AgO3)2
mp-3333626,MgMn(AgO2)2,0.6585999999999991,-1.661446523060345,0.0,False,True,8,6.318951567804317,4,"['Ag', 'Mg', 'Mn', 'O']",Ag-Mg-Mn-O,MgMn(AgO2)2
mp-1233828,MgAg6Mo10O33,1.2764,-1.6768472504000012,0.046865040783331,False,False,50,4.8849628842350885,4,"['Ag', 'Mg', 'Mo', 'O']",Ag-Mg-Mo-O,MgAg6Mo10O33
mp-2232168,MgAg4(MoO4)2,0.036799999999999,-1.118835832111111,0.427948554111113,False,False,15,5.263728959132796,4,"['Ag', 'Mg', 'Mo', 'O']",Ag-Mg-Mo-O,MgAg4(MoO4)2
mp-1233805,MgAg4Te8(MoO12)2,1.664099999999999,-1.443185172435896,0.078747563589744,False,False,39,5.46875996550718,5,"['Ag', 'Mg', 'Mo', 'O', 'Te']",Ag-Mg-Mo-O-Te,MgAg4Te8(MoO12)2
mp-1046755,Mg2Nb2AgO8,0.075399999999999,-2.612120112820513,0.075068642692302,False,False,26,4.822182716239795,4,"['Ag', 'Mg', 'Nb', 'O']",Ag-Mg-Nb-O,Mg2Nb2AgO8
mp-2210644,MgNbAgO3,0.0,-1.507611806944444,0.991464516865074,True,False,6,5.598996404178227,4,"['Ag', 'Mg', 'Nb', 'O']",Ag-Mg-Nb-O,MgNbAgO3
mp-644504,NdMg2Ag,0.0,-0.101489907291665,0.094807083333333,True,False,4,5.369280990842506,3,"['Ag', 'Mg', 'Nd']",Ag-Mg-Nd,NdMg2Ag
mp-866074,NdMgAg2,0.0,-0.28227156645833,0.0,True,True,4,7.105701635847078,3,"['Ag', 'Mg', 'Nd']",Ag-Mg-Nd,NdMgAg2
mp-3306899,Nd4Mg3Ag10,0.0,-0.294301681470589,0.0,True,True,34,7.762408606319823,3,"['Ag', 'Mg', 'Nd']",Ag-Mg-Nd,Nd4Mg3Ag10
mp-1209825,NdMgAg,0.0,-0.247594094722222,0.0,True,True,9,6.1139326857971295,3,"['Ag', 'Mg', 'Nd']",Ag-Mg-Nd,NdMgAg
mp-3221875,Nd2MgNiAg,0.0,-0.293589918,0.0,True,True,10,6.646782415421295,4,"['Ag', 'Mg', 'Nd', 'Ni']",Ag-Mg-Nd-Ni,Nd2MgNiAg
mp-3250154,Nd3Mg3Si2Ag,0.0536,-0.5598898491666661,0.0,False,True,9,5.238106215534277,4,"['Ag', 'Mg', 'Nd', 'Si']",Ag-Mg-Nd-Si,Nd3Mg3Si2Ag
mp-3245046,Nd3Mg3AgSn2,0.0,-0.623627850277778,0.0,True,True,9,6.003123384395642,4,"['Ag', 'Mg', 'Nd', 'Sn']",Ag-Mg-Nd-Sn,Nd3Mg3AgSn2
mp-2217089,MgNi2(AgO2)2,0.0,-1.000556790925924,0.32444721,True,False,9,6.175317087789841,4,"['Ag', 'Mg', 'Ni', 'O']",Ag-Mg-Ni-O,MgNi2(AgO2)2
mp-2225602,MgNiAgO2,0.0,-1.208656793333332,0.499735973666666,True,False,5,5.543180200858563,4,"['Ag', 'Mg', 'Ni', 'O']",Ag-Mg-Ni-O,MgNiAgO2
mp-756146,Mg(AgO2)2,0.6323000000000001,-1.058704919047618,0.077014196190475,False,False,14,4.925120552831495,3,"['Ag', 'Mg', 'O']",Ag-Mg-O,Mg(AgO2)2
mp-1371600,Mg2Ag2O5,0.0,-1.225860408148148,0.332656497037035,True,False,18,5.053780097092401,3,"['Ag', 'Mg', 'O']",Ag-Mg-O,Mg2Ag2O5
mp-2222869,Mg(Ag2O3)2,0.0,-0.243440865606059,0.6449123227272731,True,False,11,6.229153761189006,3,"['Ag', 'Mg', 'O']",Ag-Mg-O,Mg(Ag2O3)2
mp-2232218,Mg(Ag3O4)2,0.0,-0.6371873769999981,0.132290765333331,True,False,15,6.407191072807434,3,"['Ag', 'Mg', 'O']",Ag-Mg-O,Mg(Ag3O4)2
mp-1233098,MgAg4(PO3)4,0.635899999999999,-1.946099542392289,0.213460469781742,False,False,21,3.860469738676632,4,"['Ag', 'Mg', 'O', 'P']",Ag-Mg-O-P,MgAg4(PO3)4
mp-1324481,MgAg2P2O9,0.0,-1.856246784115646,0.107803188630954,True,False,56,4.119504650239055,4,"['Ag', 'Mg', 'O', 'P']",Ag-Mg-O-P,MgAg2P2O9
mp-1040985,MgAg3P3O13,0.0,-1.779025186946427,0.094280793749995,True,False,40,3.983010629220644,4,"['Ag', 'Mg', 'O', 'P']",Ag-Mg-O-P,MgAg3P3O13
mp-15728,MgAg(PO3)3,3.4943,-2.540037104774659,0.0,False,True,112,3.130949372475633,4,"['Ag', 'Mg', 'O', 'P']",Ag-Mg-O-P,MgAg(PO3)3
mp-1043707,MgTiAg(PO4)3,0.0,-2.524876952718253,0.082758378981492,True,False,36,3.33414569230848,5,"['Ag', 'Mg', 'O', 'P', 'Ti']",Ag-Mg-O-P-Ti,MgTiAg(PO4)3
mp-1233144,MgAg14(PbO3)6,0.0,-0.8457207489316231,0.084066270542733,True,False,39,8.173607669398084,4,"['Ag', 'Mg', 'O', 'Pb']",Ag-Mg-O-Pb,MgAg14(PbO3)6
mp-3336526,MgAg2PbO4,0.328699999999999,-1.214802992499999,0.0,False,True,8,7.4280391363009,4,"['Ag', 'Mg', 'O', 'Pb']",Ag-Mg-O-Pb,MgAg2PbO4
mp-2210650,MgAgPdO2,0.0,-0.885345575333332,0.645908654666667,True,False,5,5.6996843374268185,4,"['Ag', 'Mg', 'O', 'Pd']",Ag-Mg-O-Pd,MgAgPdO2
mp-1044410,PrMg(AgO3)2,0.0,-1.630109635499999,0.097211337520834,True,False,20,6.218905385449701,4,"['Ag', 'Mg', 'O', 'Pr']",Ag-Mg-O-Pr,PrMg(AgO3)2
mp-1233247,MgAg4(RuO3)4,0.0,-1.096019430079365,0.155682939285714,True,False,21,6.335782701686559,4,"['Ag', 'Mg', 'O', 'Ru']",Ag-Mg-O-Ru,MgAg4(RuO3)4
mp-3316040,Mg2Ag3RuO6,0.1227,-1.4631042796527791,0.0,False,True,36,6.31590473734179,4,"['Ag', 'Mg', 'O', 'Ru']",Ag-Mg-O-Ru,Mg2Ag3RuO6
mp-3205559,MgAg7(SO4)6,0.0,-1.202977944128289,0.0,True,True,38,4.648086783409866,4,"['Ag', 'Mg', 'O', 'S']",Ag-Mg-O-S,MgAg7(SO4)6
mp-1329037,Mg2AgSbO6,0.0001,-1.907027494666666,0.107206717416674,False,False,20,5.309642468512266,4,"['Ag', 'Mg', 'O', 'Sb']",Ag-Mg-O-Sb,Mg2AgSbO6
mp-2217576,MgAg2(SbO3)2,0.040099999999999,-1.4972985271212111,0.322287920606062,False,False,11,6.328112773230027,4,"['Ag', 'Mg', 'O', 'Sb']",Ag-Mg-O-Sb,MgAg2(SbO3)2
mp-3322860,Mg2Ag3SbO6,1.4273999999999991,-1.6456501550694431,0.0,False,True,36,6.330337287411327,4,"['Ag', 'Mg', 'O', 'Sb']",Ag-Mg-O-Sb,Mg2Ag3SbO6
mp-2222788,MgSc2(AgO3)2,0.0,-2.277347102575757,0.239977316249996,True,False,11,4.640270685375562,4,"['Ag', 'Mg', 'O', 'Sc']",Ag-Mg-O-Sc,MgSc2(AgO3)2
mp-1233615,MgSi2(AgO)8,0.0,-1.287813874649122,0.228732742587718,True,False,19,5.857671466382223,4,"['Ag', 'Mg', 'O', 'Si']",Ag-Mg-O-Si,MgSi2(AgO)8
mp-1260237,Mg3Si4(AgO7)2,0.6494000000000001,-2.527609586231883,0.087932606195651,False,False,46,3.604492292017761,4,"['Ag', 'Mg', 'O', 'Si']",Ag-Mg-O-Si,Mg3Si4(AgO7)2
mp-1154476,Mg3Si3(AgO6)2,0.125899999999999,-2.313168367166665,0.203780452541665,False,False,80,4.309338062544342,4,"['Ag', 'Mg', 'O', 'Si']",Ag-Mg-O-Si,Mg3Si3(AgO6)2
mp-2230127,MgTi2Si2(Ag2O5)2,0.0,-2.151309112543859,0.373370639692979,True,False,19,4.923065928061092,5,"['Ag', 'Mg', 'O', 'Si', 'Ti']",Ag-Mg-O-Si-Ti,MgTi2Si2(Ag2O5)2
mp-3268802,MgAg2SnO4,1.0926,-1.554466257499999,0.0,False,True,16,6.556793282004381,4,"['Ag', 'Mg', 'O', 'Sn']",Ag-Mg-O-Sn,MgAg2SnO4
mp-2217778,MgAg2(SnO3)2,0.0,-1.487111934393939,0.308439174999999,True,False,11,6.528575487067101,4,"['Ag', 'Mg', 'O', 'Sn']",Ag-Mg-O-Sn,MgAg2(SnO3)2
mp-2224218,Sr2Mg(AgO2)2,0.0,-1.518839914259258,0.6575257237037021,True,False,9,4.231203787306127,4,"['Ag', 'Mg', 'O', 'Sr']",Ag-Mg-O-Sr,Sr2Mg(AgO2)2
mp-1376543,Mg2TaAgO6,0.4176,-2.411180924399999,0.11271697191667,False,False,20,6.165438907307048,4,"['Ag', 'Mg', 'O', 'Ta']",Ag-Mg-O-Ta,Mg2TaAgO6
mp-1192534,MgVAgO4,2.2098,-2.158205882738095,0.019185471071429,False,False,28,4.65663578204221,4,"['Ag', 'Mg', 'O', 'V']",Ag-Mg-O-V,MgVAgO4
mp-2217232,MgVAg3O4,0.0,-1.3564215277777771,0.33710508074074,True,False,9,4.82275092097534,4,"['Ag', 'Mg', 'O', 'V']",Ag-Mg-O-V,MgVAg3O4
mp-2229240,MgV2(Ag3O4)2,0.0,-1.234361489705882,0.24670574333333,True,False,17,5.736782309028378,4,"['Ag', 'Mg', 'O', 'V']",Ag-Mg-O-V,MgV2(Ag3O4)2
mp-2232666,MgV4Ag2O11,0.724499999999999,-2.028031899074073,0.151221583912048,False,False,18,4.51361201576178,4,"['Ag', 'Mg', 'O', 'V']",Ag-Mg-O-V,MgV4Ag2O11
mp-1324912,Mg2AgWO6,0.0,-2.135750741166666,0.097824230999999,True,False,20,6.092250164147935,4,"['Ag', 'Mg', 'O', 'W']",Ag-Mg-O-W,Mg2AgWO6
mp-2218355,YMgAg(WO4)2,2.2516,-2.38295686128205,0.169283753621789,False,False,13,6.819822189660675,5,"['Ag', 'Mg', 'O', 'W', 'Y']",Ag-Mg-O-W-Y,YMgAg(WO4)2
mp-2215830,MgZn2AgWO6,1.8203999999999991,-1.7745325778787882,0.274338722121214,False,False,11,5.96645344240802,5,"['Ag', 'Mg', 'O', 'W', 'Zn']",Ag-Mg-O-W-Zn,MgZn2AgWO6
mp-1233046,Y4Mg(AgO3)4,0.0,-2.20164123579365,0.146482778452383,True,False,21,5.698557185184009,4,"['Ag', 'Mg', 'O', 'Y']",Ag-Mg-O-Y,Y4Mg(AgO3)4
mp-2227031,MgZn2(AgO2)4,0.002399999999999,-1.013930407444443,0.115101693999998,False,False,15,6.161123047538296,4,"['Ag', 'Mg', 'O', 'Zn']",Ag-Mg-O-Zn,MgZn2(AgO2)4
mp-1222065,MgAg2(PS3)2,2.2038,-0.712765329329003,0.0,False,True,22,3.430890935917467,4,"['Ag', 'Mg', 'P', 'S']",Ag-Mg-P-S,MgAg2(PS3)2
mp-3209737,MgAg2(PSe3)2,1.971,-0.427946253666127,0.0,False,True,22,4.703550614557395,4,"['Ag', 'Mg', 'P', 'Se']",Ag-Mg-P-Se,MgAg2(PSe3)2
mp-3230203,Y3Mg3AgPb2,0.0,-0.531104115555557,0.0,True,True,9,6.380289093794845,4,"['Ag', 'Mg', 'Pb', 'Y']",Ag-Mg-Pb-Y,Y3Mg3AgPb2
mp-1185749,Mg2AgPd,0.0,-0.472075045416665,0.008508659999999,True,False,4,6.310618072650104,3,"['Ag', 'Mg', 'Pd']",Ag-Mg-Pd,Mg2AgPd
mp-1096301,MgAgPd2,0.0836,1.667733783333333,2.115268333958335,False,False,4,0.652039130241586,3,"['Ag', 'Mg', 'Pd']",Ag-Mg-Pd,MgAgPd2
mp-862936,PmMgAg2,0.0,-0.288774393958333,0.0,True,True,4,7.237387697486897,3,"['Ag', 'Mg', 'Pm']",Ag-Mg-Pm,PmMgAg2
mp-1079756,PrMgAg,0.0,-0.239762373888886,0.0,True,True,9,5.938833815469153,3,"['Ag', 'Mg', 'Pr']",Ag-Mg-Pr,PrMgAg
mp-975892,PrMgAg2,0.0,-0.274575847499996,0.0,True,True,4,6.924267544696469,3,"['Ag', 'Mg', 'Pr']",Ag-Mg-Pr,PrMgAg2
mp-11234,PrMg2Ag,0.0,-0.101571408333332,0.089976424722221,True,False,4,5.256672579717452,3,"['Ag', 'Mg', 'Pr']",Ag-Mg-Pr,PrMg2Ag
mp-3301596,Pr4Mg3Ag10,0.0,-0.284568433039215,0.0,True,True,34,7.592252021731062,3,"['Ag', 'Mg', 'Pr']",Ag-Mg-Pr,Pr4Mg3Ag10
mp-3250485,Pr3Mg3Si2Ag,0.0775,-0.5428355716666681,0.0,False,True,9,5.050800430679094,4,"['Ag', 'Mg', 'Pr', 'Si']",Ag-Mg-Pr-Si,Pr3Mg3Si2Ag
mp-3231616,Pr3Mg3AgSn2,0.0,-0.614443999444445,0.0,True,True,9,5.835936710556922,4,"['Ag', 'Mg', 'Pr', 'Sn']",Ag-Mg-Pr-Sn,Pr3Mg3AgSn2
mp-864932,Mg2AgPt,0.0,-0.5584403854166641,0.0,True,True,4,8.840751150824785,3,"['Ag', 'Mg', 'Pt']",Ag-Mg-Pt,Mg2AgPt
mp-2224758,Rb4MgV2(AgS4)2,0.0767,-1.144237664607842,0.120816514779408,False,False,17,3.104264711863147,5,"['Ag', 'Mg', 'Rb', 'S', 'V']",Ag-Mg-Rb-S-V,Rb4MgV2(AgS4)2
mp-864933,Mg2AgRh,0.0,-0.362776732916665,0.0,True,True,4,6.702169366698163,3,"['Ag', 'Mg', 'Rh']",Ag-Mg-Rh,Mg2AgRh
mp-3223000,Sm3Mg3Ag2Ru,0.0,-0.295805602222224,0.0,True,True,9,6.660378005280278,4,"['Ag', 'Mg', 'Ru', 'Sm']",Ag-Mg-Ru-Sm,Sm3Mg3Ag2Ru
mp-3208622,MgAg2Sn3S8,0.8196000000000001,-0.59960711125,0.0,False,True,14,4.571974288133558,4,"['Ag', 'Mg', 'S', 'Sn']",Ag-Mg-S-Sn,MgAg2Sn3S8
mp-2226807,MgV3Ag2TeS6,0.0,-0.9999690623076912,0.104812567692304,True,False,13,4.15974419036414,5,"['Ag', 'Mg', 'S', 'Te', 'V']",Ag-Mg-S-Te-V,MgV3Ag2TeS6
mp-2230297,MgTi6AgS12,0.0,-1.554948846833332,0.010871661826402,True,False,20,3.433674698668205,4,"['Ag', 'Mg', 'S', 'Ti']",Ag-Mg-S-Ti,MgTi6AgS12
mp-1008903,MgAgSb,0.0,-0.278527655555552,0.0,True,True,3,6.104397070693277,3,"['Ag', 'Mg', 'Sb']",Ag-Mg-Sb,MgAgSb
mp-1096241,MgSc2Ag,0.0,2.162930965833334,2.317033817499998,True,False,4,0.299271453120106,3,"['Ag', 'Mg', 'Sc']",Ag-Mg-Sc,MgSc2Ag
mp-977554,MgScAg2,0.0,-0.275858943333332,0.0,True,True,4,6.255694852467351,3,"['Ag', 'Mg', 'Sc']",Ag-Mg-Sc,MgScAg2
mp-3250327,Sm3Mg3Si2Ag,0.0,-0.575024706666665,0.0,True,True,9,5.554457007863382,4,"['Ag', 'Mg', 'Si', 'Sm']",Ag-Mg-Si-Sm,Sm3Mg3Si2Ag
mp-1095154,SmMgAg,0.0,-0.25206655611111,0.0,True,True,9,6.417951168452145,3,"['Ag', 'Mg', 'Sm']",Ag-Mg-Sm,SmMgAg
mp-867862,SmMgAg2,0.0,-0.290403805833331,0.0,True,True,4,7.41703819860882,3,"['Ag', 'Mg', 'Sm']",Ag-Mg-Sm,SmMgAg2
mp-11235,SmMg2Ag,0.0,-0.091075006666666,0.10093057111111,True,False,4,5.600664726402158,3,"['Ag', 'Mg', 'Sm']",Ag-Mg-Sm,SmMg2Ag
mp-3231814,Y3Mg3AgSn2,0.0,-0.615049551111114,0.0,True,True,9,5.176152106304968,4,"['Ag', 'Mg', 'Sn', 'Y']",Ag-Mg-Sn-Y,Y3Mg3AgSn2
mp-1205829,TbMgAg,0.0,-0.258791063333334,0.0,True,True,9,6.878925856094361,3,"['Ag', 'Mg', 'Tb']",Ag-Mg-Tb,TbMgAg
mp-1217695,Tb2Mg5Ag,0.0,-0.064554096249999,0.060535025208333,True,False,8,4.885877863509598,3,"['Ag', 'Mg', 'Tb']",Ag-Mg-Tb,Tb2Mg5Ag
mp-971868,TmMgAg2,0.0,-0.293119659583333,0.0,True,True,4,8.34234292713091,3,"['Ag', 'Mg', 'Tm']",Ag-Mg-Tm,TmMgAg2
mp-1206263,TmMgAg,0.0,-0.251416111111114,0.0,True,True,9,7.411271600935125,3,"['Ag', 'Mg', 'Tm']",Ag-Mg-Tm,TmMgAg
mp-866162,YMgAg2,0.0,-0.293638244583331,0.0,True,True,4,6.482849972262653,3,"['Ag', 'Mg', 'Y']",Ag-Mg-Y,YMgAg2
mp-30737,YMgAg,0.0,-0.26388169111111,0.0,True,True,9,5.21283014912353,3,"['Ag', 'Mg', 'Y']",Ag-Mg-Y,YMgAg
mp-1095790,Mg2ZnAg,0.0056,1.014629419583334,1.18296577365,False,False,4,0.356016677593046,3,"['Ag', 'Mg', 'Zn']",Ag-Mg-Zn,Mg2ZnAg
mp-11236,MgZnAg2,0.0,-0.152613897083332,0.0,True,True,4,7.660162582249634,3,"['Ag', 'Mg', 'Zn']",Ag-Mg-Zn,MgZnAg2
mp-1221982,MgZn4Ag5,0.0,-0.086622344333332,0.010304326269231,True,False,10,8.200380377130324,3,"['Ag', 'Mg', 'Zn']",Ag-Mg-Zn,MgZn4Ag5
mp-1095854,MgZrAg2,0.0,1.991901365416667,2.165168407499999,True,False,4,0.492964776330895,3,"['Ag', 'Mg', 'Zr']",Ag-Mg-Zr,MgZrAg2
mp-558201,ZrMn2Ag4(MoO4)6,2.1388,-1.89557797270348,0.0,False,True,148,4.571570181912891,5,"['Ag', 'Mn', 'Mo', 'O', 'Zr']",Ag-Mn-Mo-O-Zr,ZrMn2Ag4(MoO4)6
mp-1246693,MnAgN,0.0,0.147068101491858,0.364809824444446,True,False,3,7.327981439822271,3,"['Ag', 'Mn', 'N']",Ag-Mn-N,MnAgN
mp-10666,Mn3AgN,0.0,-0.177103101522988,0.101390396916666,True,False,5,7.418391781984578,3,"['Ag', 'Mn', 'N']",Ag-Mn-N,Mn3AgN
mp-3214149,MnAg3(NO3)8,0.115,-0.354318029152299,0.0,False,True,36,3.085620954800449,4,"['Ag', 'Mn', 'N', 'O']",Ag-Mn-N-O,MnAg3(NO3)8
mp-3208274,NaMn2(AgO2)3,1.001,-1.408781962205459,0.0,False,True,12,6.387244122554869,4,"['Ag', 'Mn', 'Na', 'O']",Ag-Mn-Na-O,NaMn2(AgO2)3
mp-1210177,NaMn3Ag(PO4)3,0.0302,-2.379142602788381,0.0,False,True,40,4.068098393878015,5,"['Ag', 'Mn', 'Na', 'O', 'P']",Ag-Mn-Na-O-P,NaMn3Ag(PO4)3
mp-3246226,NdMnAgPt3,0.0,-0.8331627678304581,0.0,True,True,6,13.551802212883642,4,"['Ag', 'Mn', 'Nd', 'Pt']",Ag-Mn-Nd-Pt,NdMnAgPt3
mp-754229,MnAgO3,0.0,-1.188434382919541,0.082111077833335,True,False,10,5.951288980976059,3,"['Ag', 'Mn', 'O']",Ag-Mn-O,MnAgO3
mp-608357,MnAgO4,0.6962,-0.8889225945162831,0.178459323055556,False,False,24,4.440536107851703,3,"['Ag', 'Mn', 'O']",Ag-Mn-O,MnAgO4
mp-704268,Mn3(AgO2)4,0.632599999999999,-1.226028946863984,0.019935830111112,False,False,180,6.435950092798424,3,"['Ag', 'Mn', 'O']",Ag-Mn-O,Mn3(AgO2)4
mp-1279432,MnAgO2,0.660199999999999,-1.430982611774425,0.000467490624988,False,False,16,6.491874355520343,3,"['Ag', 'Mn', 'O']",Ag-Mn-O,MnAgO2
mp-540932,Mn(AgO2)2,0.068,-0.840450853037766,0.193530694880952,False,False,28,5.763593582284474,3,"['Ag', 'Mn', 'O']",Ag-Mn-O,Mn(AgO2)2
mp-542161,Mn3Ag2(P2O7)2,1.7732,-2.313328752639036,0.0,False,True,46,4.240498786856391,4,"['Ag', 'Mn', 'O', 'P']",Ag-Mn-O-P,Mn3Ag2(P2O7)2
mp-1193494,MnAgPO4,0.0,-2.118772164177222,0.0,True,True,28,4.735454654695391,4,"['Ag', 'Mn', 'O', 'P']",Ag-Mn-O-P,MnAgPO4
mp-16185,Mn6AgP7O24,2.309199999999999,-2.503213723993497,0.0,False,True,76,3.681308044047892,4,"['Ag', 'Mn', 'O', 'P']",Ag-Mn-O-P,Mn6AgP7O24
mp-16552,MnAg(PO3)3,3.0005,-2.375846176501877,0.0,False,True,224,3.282738092328734,4,"['Ag', 'Mn', 'O', 'P']",Ag-Mn-O-P,MnAg(PO3)3
mp-1180483,MnAg4(PO4)6,0.0,-1.596129774641567,0.214401127476186,True,False,35,3.6001930885202222,4,"['Ag', 'Mn', 'O', 'P']",Ag-Mn-O-P,MnAg4(PO4)6
mp-1222017,Mn3Ag(PO4)3,0.0,-2.285945361283597,0.038055880526302,True,False,38,4.055351848510367,4,"['Ag', 'Mn', 'O', 'P']",Ag-Mn-O-P,Mn3Ag(PO4)3
mp-541777,SrMnV2(AgO4)2,1.366,-2.115032828661741,0.029006297790194,False,False,28,4.920534878795015,5,"['Ag', 'Mn', 'O', 'Sr', 'V']",Ag-Mn-O-Sr-V,SrMnV2(AgO4)2
mp-3209288,MnAg2TeO6,1.2625,-1.146056348698274,0.0,False,True,10,6.470938298741208,4,"['Ag', 'Mn', 'O', 'Te']",Ag-Mn-O-Te,MnAg2TeO6
mp-542979,MnVAgO4,1.7464,-1.8842987613711,0.024850919523808,False,False,28,5.008132597908143,4,"['Ag', 'Mn', 'O', 'V']",Ag-Mn-O-V,MnVAgO4
mp-1194640,Mn3V3(AgO6)2,0.0,-1.982843567106322,0.02176359783333,True,False,40,4.614363191552986,4,"['Ag', 'Mn', 'O', 'V']",Ag-Mn-O-V,Mn3V3(AgO6)2
mp-1210930,Mn2V3(AgO4)3,0.095699999999999,-1.7588316684181031,0.066683539354166,False,False,80,5.052121479401423,4,"['Ag', 'Mn', 'O', 'V']",Ag-Mn-O-V,Mn2V3(AgO4)3
mp-3211038,MnZn(AgO2)2,0.4568,-1.284513805560344,0.0,False,True,16,6.908885314483173,4,"['Ag', 'Mn', 'O', 'Zn']",Ag-Mn-O-Zn,MnZn(AgO2)2
mp-3216122,MnAg2(PS3)2,2.177499999999999,-0.464736437482739,0.0,False,True,22,3.717898492599299,4,"['Ag', 'Mn', 'P', 'S']",Ag-Mn-P-S,MnAg2(PS3)2
mp-1096039,MnAgPd2,0.0,1.997005070100575,2.182676779583333,True,False,4,0.759688543076896,3,"['Ag', 'Mn', 'Pd']",Ag-Mn-Pd,MnAgPd2
mp-3244923,PrMnAgPt3,0.0,-0.8168597585249031,0.0,True,True,6,13.38166094469332,4,"['Ag', 'Mn', 'Pr', 'Pt']",Ag-Mn-Pr-Pt,PrMnAgPt3
mp-3244965,SmMnAgPt3,0.0,-0.849655014913793,0.0,True,True,6,13.841139879618336,4,"['Ag', 'Mn', 'Pt', 'Sm']",Ag-Mn-Pt-Sm,SmMnAgPt3
mp-3203160,RbMnAgTe2,1.1652999999999991,-0.7706133581465501,0.0,False,True,5,5.303302703584768,4,"['Ag', 'Mn', 'Rb', 'Te']",Ag-Mn-Rb-Te,RbMnAgTe2
mp-3212037,MnAg(RhSe2)4,0.0,-0.551589470855911,0.0,True,True,14,6.839123552282874,4,"['Ag', 'Mn', 'Rh', 'Se']",Ag-Mn-Rh-Se,MnAg(RhSe2)4
mp-6637,MnAg4(SbS3)2,0.080799999999999,-0.319822018053151,0.043923242820541,False,False,26,5.317584323772666,4,"['Ag', 'Mn', 'S', 'Sb']",Ag-Mn-S-Sb,MnAg4(SbS3)2
mp-3254760,MnAgSnS4,0.0094,-0.586441075104679,0.0,False,True,14,4.627260672263013,4,"['Ag', 'Mn', 'S', 'Sn']",Ag-Mn-S-Sn,MnAgSnS4
mp-1221783,MnAg2Sn3S8,0.0,-0.496579015558298,0.000533878333326,True,False,14,4.627597101526505,4,"['Ag', 'Mn', 'S', 'Sn']",Ag-Mn-S-Sn,MnAg2Sn3S8
mp-1210801,MnAg2SnS4,0.220099999999999,-0.5008193689457551,0.013650898958331,False,False,16,4.397594366099079,4,"['Ag', 'Mn', 'S', 'Sn']",Ag-Mn-S-Sn,MnAg2SnS4
mp-1210646,MnSi(AgSe2)2,0.6252,-0.54760371382992,0.0,False,True,16,5.025787114694572,4,"['Ag', 'Mn', 'Se', 'Si']",Ag-Mn-Se-Si,MnSi(AgSe2)2
mp-1210929,MnAg2SnSe4,0.0,-0.52828406320492,0.0,True,True,16,5.275978773467391,4,"['Ag', 'Mn', 'Se', 'Sn']",Ag-Mn-Se-Sn,MnAg2SnSe4
mp-1210667,MnSi(AgTe2)2,0.2972,-0.187474660247836,0.025482757031248,False,False,16,5.358569002102307,4,"['Ag', 'Mn', 'Si', 'Te']",Ag-Mn-Si-Te,MnSi(AgTe2)2
mp-1206045,MnAg2SnTe4,0.0,-0.26405029910202,0.001848135624999,True,False,8,5.564086198862973,4,"['Ag', 'Mn', 'Sn', 'Te']",Ag-Mn-Sn-Te,MnAg2SnTe4
mp-560276,Ag2Mo2O7,2.0118,-1.50653724621212,0.000933404545454,False,False,44,5.482320077047615,3,"['Ag', 'Mo', 'O']",Ag-Mo-O,Ag2Mo2O7
mp-1205258,Ag2(MoO4)3,0.9809,-1.118035937254902,0.350735705857842,False,False,68,4.629085242129484,3,"['Ag', 'Mo', 'O']",Ag-Mo-O,Ag2(MoO4)3
mp-1205440,Ag6Mo10O33,1.8778,-1.626707688265305,0.016982136836732,False,False,49,5.107941082511154,3,"['Ag', 'Mo', 'O']",Ag-Mo-O,Ag6Mo10O33
mp-19318,Ag2MoO4,1.873099999999999,-1.251052689761907,0.001024362499997,False,False,14,6.23221806833446,3,"['Ag', 'Mo', 'O']",Ag-Mo-O,Ag2MoO4
mp-1214906,AgMoO4,0.0,-1.309937523611111,0.120680979791668,True,False,12,5.602159213836465,3,"['Ag', 'Mo', 'O']",Ag-Mo-O,AgMoO4
mp-14029,AgMoPO6,2.1219,-1.98110573542328,0.0,False,True,72,4.546519985628443,4,"['Ag', 'Mo', 'O', 'P']",Ag-Mo-O-P,AgMoPO6
mp-14973,AgMo2P3O13,2.024299999999999,-2.26242919858396,0.005975142105277,False,False,76,3.785344683511433,4,"['Ag', 'Mo', 'O', 'P']",Ag-Mo-O-P,AgMo2P3O13
mp-17427,AgMo3(PO7)2,1.9584,-2.096760121047618,0.012401876437501,False,False,40,4.127547865016873,4,"['Ag', 'Mo', 'O', 'P']",Ag-Mo-O-P,AgMo3(PO7)2
mp-19467,AgMo3P3O16,1.6215,-2.204619052199791,0.018832830543479,False,False,46,3.824892728088864,4,"['Ag', 'Mo', 'O', 'P']",Ag-Mo-O-P,AgMo3P3O16
mp-1229264,AgMo5P8O33,2.5162,-2.355236106570415,0.002849839202113,False,False,94,3.301220808185858,4,"['Ag', 'Mo', 'O', 'P']",Ag-Mo-O-P,AgMo5P8O33
mp-3211544,AgMoS2O9,1.1390999999999991,-1.446342906490383,0.0,False,True,26,4.039910660271645,4,"['Ag', 'Mo', 'O', 'S']",Ag-Mo-O-S,AgMoS2O9
mp-556429,Ag2Mo3SeO12,1.7276999999999991,-1.549436900454281,0.008686748680556,False,False,72,4.799219392858115,4,"['Ag', 'Mo', 'O', 'Se']",Ag-Mo-O-Se,Ag2Mo3SeO12
mp-558550,Ag4Mo2Se3O16,1.7787000000000002,-1.227226647047916,0.0,False,True,100,4.923147149080397,4,"['Ag', 'Mo', 'O', 'Se']",Ag-Mo-O-Se,Ag4Mo2Se3O16
mp-1190916,Ag2Te3Mo3O16,2.020299999999999,-1.5645405863888882,0.01074454097222,False,False,24,5.23355103629832,4,"['Ag', 'Mo', 'O', 'Te']",Ag-Mo-O-Te,Ag2Te3Mo3O16
mp-1197464,Ag2Te4MoO12,2.1281,-1.409304284736841,0.006216141096489,False,False,38,5.681480509948823,4,"['Ag', 'Mo', 'O', 'Te']",Ag-Mo-O-Te,Ag2Te4MoO12
mp-560774,U3Ag6Mo5O27,1.4163,-2.062823101463413,0.017056055792643,False,False,82,6.066314957137106,4,"['Ag', 'Mo', 'O', 'U']",Ag-Mo-O-U,U3Ag6Mo5O27
mp-1215591,YbAg(MoO4)2,0.0,-2.367716986666664,0.0,True,True,12,6.693518824159342,4,"['Ag', 'Mo', 'O', 'Yb']",Ag-Mo-O-Yb,YbAg(MoO4)2
mp-1215766,Zn2Ag2(MoO4)3,2.2162,-1.672670070701755,0.001422220131576,False,False,38,4.78794506569981,4,"['Ag', 'Mo', 'O', 'Zn']",Ag-Mo-O-Zn,Zn2Ag2(MoO4)3
mp-1229112,AgMo12PbS16,0.0,-0.903015552722222,0.059077511277777,True,False,30,5.8301189397516735,4,"['Ag', 'Mo', 'Pb', 'S']",Ag-Mo-Pb-S,AgMo12PbS16
mp-35109,Ag(Mo3S4)2,0.0,-0.710917151944446,0.061996884222221,True,False,15,5.600475155494086,3,"['Ag', 'Mo', 'S']",Ag-Mo-S,Ag(Mo3S4)2
mp-1229066,AgMo6(SeS)4,0.0,-0.603789096944444,0.082642658222223,True,False,15,6.321282139292223,4,"['Ag', 'Mo', 'S', 'Se']",Ag-Mo-S-Se,AgMo6(SeS)4
mp-1103642,Ag(Mo3Se4)2,0.0,-0.523919851944447,0.076029622222222,True,False,15,6.916088833517201,3,"['Ag', 'Mo', 'Se']",Ag-Mo-Se,Ag(Mo3Se4)2
mp-1105028,Ag(MoSe)3,0.0,-0.399029071741072,0.083073184285716,True,False,14,7.542351078551028,3,"['Ag', 'Mo', 'Se']",Ag-Mo-Se,Ag(MoSe)3
mp-29607,Ag(TeMo)6,0.0,-0.264841845769231,0.0,True,True,13,7.024271182536435,3,"['Ag', 'Mo', 'Te']",Ag-Mo-Te,Ag(TeMo)6
mp-1096334,Ti2AgMo,0.0,3.111573070833337,3.188044824999998,True,False,4,0.569610853632958,3,"['Ag', 'Mo', 'Ti']",Ag-Mo-Ti,Ti2AgMo
mp-631561,ZrAgMo,0.0,0.9523461230555532,1.064841768888889,True,False,3,7.553592658860263,3,"['Ag', 'Mo', 'Zr']",Ag-Mo-Zr,ZrAgMo
mp-571297,AgN3,1.631499999999999,0.644938685833334,0.644938685833334,False,False,8,4.865613227821148,2,"['Ag', 'N']",Ag-N,AgN3
mp-1009766,AgN,0.0,1.549489649166666,1.549489649166666,True,False,2,6.67560166843368,2,"['Ag', 'N']",Ag-N,AgN
mp-985299,Ag3N,0.0,0.98054021875,0.98054021875,True,False,4,8.957016366320707,2,"['Ag', 'N']",Ag-N,Ag3N
mp-1221251,Na4NiAg2S8N5O12,0.0,-0.482881925432829,0.8594554665736591,True,False,32,2.546557952615106,6,"['Ag', 'N', 'Na', 'Ni', 'O', 'S']",Ag-N-Na-Ni-O-S,Na4NiAg2S8N5O12
mp-664362,NaAg(NO2)2,2.139199999999999,-0.8289449510057461,0.164858060069443,False,False,16,2.989540577845328,4,"['Ag', 'N', 'Na', 'O']",Ag-N-Na-O,NaAg(NO2)2
mp-3317641,Na2Ag(NO3)4,0.863799999999999,-0.639460003421052,0.0,False,True,38,2.672813099369185,4,"['Ag', 'N', 'Na', 'O']",Ag-N-Na-O,Na2Ag(NO3)4
mp-1245369,NbAgN2,1.691799999999999,-0.384931656166667,0.26310330570833,False,False,64,5.960285350977724,3,"['Ag', 'N', 'Nb']",Ag-N-Nb,NbAgN2
mp-3206553,NiAg3(NO3)8,0.6663,-0.294344279305556,0.0,False,True,36,3.217457833054892,4,"['Ag', 'N', 'Ni', 'O']",Ag-N-Ni-O,NiAg3(NO3)8
mp-638686,AgNO3,2.008899999999999,-0.678284162833332,0.002379382500001,False,False,40,4.5329484360874295,3,"['Ag', 'N', 'O']",Ag-N-O,AgNO3
mp-644729,AgN3O4,1.9792999999999992,-0.312138822083333,0.241842000937495,False,False,64,3.409202335304447,3,"['Ag', 'N', 'O']",Ag-N-O,AgN3O4
mp-690667,Ag7NO8,0.0,0.457978192708334,0.9511527818749992,True,False,16,5.9228009536104285,3,"['Ag', 'N', 'O']",Ag-N-O,Ag7NO8
mp-696470,Ag7NO6,0.0,-0.153095391190475,0.292906212142855,True,False,14,6.859210232795932,3,"['Ag', 'N', 'O']",Ag-N-O,Ag7NO6
mp-732005,Ag(NO2)3,0.1656,-0.095571144916667,0.553319284999995,False,False,40,2.569769237388186,3,"['Ag', 'N', 'O']",Ag-N-O,Ag(NO2)3
mp-562667,Ag3N5O6,2.1573,-0.321044200714286,0.165144045952381,False,False,28,4.211103783751079,3,"['Ag', 'N', 'O']",Ag-N-O,Ag3N5O6
mp-5770,AgNO2,1.7868,-0.490779066666665,0.076440554444446,False,False,4,4.04146482234625,3,"['Ag', 'N', 'O']",Ag-N-O,AgNO2
mp-1190337,AgN4O3,0.0,1.5572979347916651,1.982712650624999,True,False,16,1.981294364030391,3,"['Ag', 'N', 'O']",Ag-N-O,AgN4O3
mp-1192809,Ag(NO)3,0.0,1.070804999404761,1.556993246071429,True,False,28,2.634039640394255,3,"['Ag', 'N', 'O']",Ag-N-O,Ag(NO)3
mp-34787,Ag7NO11,0.0,-0.506803181666666,0.005005027368404,True,False,19,6.113913263480376,3,"['Ag', 'N', 'O']",Ag-N-O,Ag7NO11
mp-1189095,AgP(NO)2,1.1378,-0.6003492693849201,0.5986874599999991,False,False,18,2.802009350769101,4,"['Ag', 'N', 'O', 'P']",Ag-N-O-P,AgP(NO)2
mp-3210628,Ag6PbNO11,0.0,-0.340060497105259,0.0,True,True,19,6.925187527893884,4,"['Ag', 'N', 'O', 'Pb']",Ag-N-O-Pb,Ag6PbNO11
mp-3211936,Ag3Pb(NO3)8,0.6577000000000001,-0.321499526527776,0.0,False,True,36,3.656282378218154,4,"['Ag', 'N', 'O', 'Pb']",Ag-N-O-Pb,Ag3Pb(NO3)8
mp-1195817,Ag2Pd(NO2)4,1.8403999999999991,-0.5840079503888881,0.044719970966664,False,False,60,4.043295823777951,4,"['Ag', 'N', 'O', 'Pd']",Ag-N-O-Pd,Ag2Pd(NO2)4
mp-3304937,Ag2Pd(NO3)4,1.976999999999999,-0.292029398684211,0.0,False,True,38,3.811585786500729,4,"['Ag', 'N', 'O', 'Pd']",Ag-N-O-Pd,Ag2Pd(NO3)4
mp-558305,Rb2Ag4Pd3(NO2)12,1.7326,-0.7576174129259261,0.043712890555545,False,False,90,3.531494617966079,5,"['Ag', 'N', 'O', 'Pd', 'Rb']",Ag-N-O-Pd-Rb,Rb2Ag4Pd3(NO2)12
mp-3206560,Ag3Pt(NO3)8,0.127399999999999,-0.259879889583332,0.0,False,True,36,3.618595261670362,4,"['Ag', 'N', 'O', 'Pt']",Ag-N-O-Pt,Ag3Pt(NO3)8
mp-555526,RbAg(NO3)2,2.5282,-1.056312871916667,0.0,False,True,40,3.319109362073416,4,"['Ag', 'N', 'O', 'Rb']",Ag-N-O-Rb,RbAg(NO3)2
mp-3209210,Ag3Rh(NO3)8,0.0,-0.288722389583333,0.0,True,True,36,3.353515766634839,4,"['Ag', 'N', 'O', 'Rh']",Ag-N-O-Rh,Ag3Rh(NO3)8
mp-731792,Ag2S(NO)2,0.0124,-0.121602387619047,0.5567683335714271,False,False,28,4.5744665313576265,4,"['Ag', 'N', 'O', 'S']",Ag-N-O-S,Ag2S(NO)2
mp-556747,Ag3SNO3,1.0703,-0.521280233749999,0.325275055572914,False,False,32,5.323409022346466,4,"['Ag', 'N', 'O', 'S']",Ag-N-O-S,Ag3SNO3
mp-560947,Ag4S(NO)2,0.670199999999999,-0.179362624907406,0.348259047129627,False,False,36,6.117292129691457,4,"['Ag', 'N', 'O', 'S']",Ag-N-O-S,Ag4S(NO)2
mp-1182998,Ag3S(NO)3,0.0,0.1858752955,0.863119526958332,True,False,40,3.8549280996009982,4,"['Ag', 'N', 'O', 'S']",Ag-N-O-S,Ag3S(NO)3
mp-1183032,Ag3SNO4,0.0,-0.620957956944444,0.356407552037035,True,False,72,5.103701340140334,4,"['Ag', 'N', 'O', 'S']",Ag-N-O-S,Ag3SNO4
mp-1192523,Ag2S(NO)4,0.0,-0.256663681439394,0.5429990077272699,True,False,22,3.661469055941159,4,"['Ag', 'N', 'O', 'S']",Ag-N-O-S,Ag2S(NO)4
mp-1204157,AgSNO3,0.0001,-0.314562336805555,0.8039444008888871,False,False,36,3.813080397174104,4,"['Ag', 'N', 'O', 'S']",Ag-N-O-S,AgSNO3
mp-6476,Ag3SeNO3,0.5603,-0.320482268417968,0.298333133854167,False,False,16,6.044278023130849,4,"['Ag', 'N', 'O', 'Se']",Ag-N-O-Se,Ag3SeNO3
mp-1219350,Si2Ag9NO11,0.150299999999999,-1.137440053695651,0.02899090644927,False,False,23,5.963852792509792,4,"['Ag', 'N', 'O', 'Si']",Ag-N-O-Si,Si2Ag9NO11
mp-618375,Ag4Te(NO3)2,0.0,-0.468544665064101,0.234181801282051,True,False,52,5.686052501374178,4,"['Ag', 'N', 'O', 'Te']",Ag-N-O-Te,Ag4Te(NO3)2
mp-559562,AgTeNO5,2.0214,-0.980687736979166,0.005374480312499,False,False,32,4.913948826773738,4,"['Ag', 'N', 'O', 'Te']",Ag-N-O-Te,AgTeNO5
mp-3208736,YAg6NO11,0.0,-0.710183351842103,0.0,True,True,19,6.186943864981219,4,"['Ag', 'N', 'O', 'Y']",Ag-N-O-Y,YAg6NO11
mp-3207901,ZnAg(NO3)4,0.7597,-0.39232539611111,0.0,False,True,36,3.165301868717772,4,"['Ag', 'N', 'O', 'Zn']",Ag-N-O-Zn,ZnAg(NO3)4
mp-1245583,AgRu2N3,0.0,0.346734019722223,0.346734019722223,True,False,18,7.088594005287468,3,"['Ag', 'N', 'Ru']",Ag-N-Ru,AgRu2N3
mp-1197642,Ag6Sn3(S5N)2,0.027,0.173119916622023,0.435269156041664,False,False,84,4.2923839859694,4,"['Ag', 'N', 'S', 'Sn']",Ag-N-S-Sn,Ag6Sn3(S5N)2
mp-1025333,AgWS4N,0.0,0.388345418325895,0.7923883932589281,True,False,7,3.732729927670206,4,"['Ag', 'N', 'S', 'W']",Ag-N-S-W,AgWS4N
mp-1247477,AgSbN2,0.015599999999999,0.335179069166667,0.335179069166667,False,False,4,7.365692790964949,3,"['Ag', 'N', 'Sb']",Ag-N-Sb,AgSbN2
mp-1202600,Zn5Ag4Sn3Se13N6,0.0,0.405139865737567,0.958459392741937,True,False,62,4.24428096955151,5,"['Ag', 'N', 'Se', 'Sn', 'Zn']",Ag-N-Se-Sn-Zn,Zn5Ag4Sn3Se13N6
mp-1246476,Si2AgN3,0.0,-0.8265380588888881,0.200862412222221,True,False,12,5.205060214257465,3,"['Ag', 'N', 'Si']",Ag-N-Si,Si2AgN3
mp-1245446,AgSnN,0.0,0.321611973333335,0.321611973333332,True,False,6,7.835110187880023,3,"['Ag', 'N', 'Sn']",Ag-N-Sn,AgSnN
mp-3205027,Sr6Ag16N,0.0,-0.278416287771741,0.0,True,True,23,7.419229479361964,3,"['Ag', 'N', 'Sr']",Ag-N-Sr,Sr6Ag16N
mp-1246632,TaAgN2,1.941999999999999,-0.568540207302078,0.289282743593751,False,False,64,8.267616685318155,3,"['Ag', 'N', 'Ta']",Ag-N-Ta,TaAgN2
mp-1245738,Ti2AgN3,0.9915,-1.169998822638889,0.125112699166667,False,False,18,5.7895385505254815,3,"['Ag', 'N', 'Ti']",Ag-N-Ti,Ti2AgN3
mp-1245938,V2AgN3,0.0,-0.6585786826388881,0.243106596944446,True,False,18,6.354361573098753,3,"['Ag', 'N', 'V']",Ag-N-V,V2AgN3
mp-1245378,Ag15W7N19,0.9837,0.121359137271339,0.359233186463413,False,False,82,7.132913997491944,3,"['Ag', 'N', 'W']",Ag-N-W,Ag15W7N19
mp-1245647,ZnAgN,9.9999999999989e-05,0.272360021271931,0.296206022938596,False,False,12,6.402124872456311,3,"['Ag', 'N', 'Zn']",Ag-N-Zn,ZnAgN
mp-1247313,Zn4AgN3,0.0,0.187988769249999,0.223757771749999,True,False,32,5.987579114763731,3,"['Ag', 'N', 'Zn']",Ag-N-Zn,Zn4AgN3
mp-3210946,Zr6ZnAgN2,0.0,-0.97011302475,0.0,True,True,10,7.12912590103773,4,"['Ag', 'N', 'Zn', 'Zr']",Ag-N-Zn-Zr,Zr6ZnAgN2
mp-1246060,Zr2AgN3,1.627599999999999,-1.356448140555553,0.084294343611112,False,False,18,6.402359108663231,3,"['Ag', 'N', 'Zr']",Ag-N-Zr,Zr2AgN3
mp-1186017,Na3Ag,0.0,0.04996349125,0.079431958125001,True,False,4,2.7856045038345902,2,"['Ag', 'Na']",Ag-Na,Na3Ag
mp-1186100,NaAg3,0.0,0.020170683333336,0.079107617083334,True,False,4,7.528092022451488,2,"['Ag', 'Na']",Ag-Na,NaAg3
mp-30352,NaAg2,0.0,-0.078582578333334,0.0,True,True,6,6.401416969968083,2,"['Ag', 'Na']",Ag-Na,NaAg2
mp-1210281,Na4Ag,0.0,0.174469648413791,0.198044421913793,True,False,10,1.648916985456053,2,"['Ag', 'Na']",Ag-Na,Na4Ag
mp-3253486,NaNpAgTe3,0.3138,-0.9386820972916652,0.0,False,True,12,6.703757063873904,4,"['Ag', 'Na', 'Np', 'Te']",Ag-Na-Np-Te,NaNpAgTe3
mp-754326,NaAgO2,0.5911000000000001,-1.003201455761493,0.0,False,True,4,5.271264458465234,3,"['Ag', 'Na', 'O']",Ag-Na-O,NaAgO2
mp-3270124,Na3AgO3,1.6971999999999992,-1.143244720892856,0.0,False,True,28,3.75221873227145,3,"['Ag', 'Na', 'O']",Ag-Na-O,Na3AgO3
mp-6983,NaAgO,1.2098,-1.036896748515321,0.0,False,True,12,4.804486944170164,3,"['Ag', 'Na', 'O']",Ag-Na-O,NaAgO
mp-1186101,NaAgO3,0.0,-0.406951861609194,0.395609302999998,True,False,5,4.270328335252566,3,"['Ag', 'Na', 'O']",Ag-Na-O,NaAgO3
mp-27303,NaAg3O2,0.6596000000000001,-0.7057765477298831,0.0,False,True,12,6.630901866641533,3,"['Ag', 'Na', 'O']",Ag-Na-O,NaAg3O2
mp-3527,Na3AgO2,1.1444,-1.258432925967428,0.0,False,True,12,4.031744562627576,3,"['Ag', 'Na', 'O']",Ag-Na-O,Na3AgO2
mp-3209270,Na2AgP2O7,0.633799999999999,-2.090047896433532,0.0,False,True,24,3.428272794046574,4,"['Ag', 'Na', 'O', 'P']",Ag-Na-O-P,Na2AgP2O7
mp-3203677,NaAg(PdO2)2,0.0,-0.8047345856249991,0.0,True,True,16,7.18433751260291,4,"['Ag', 'Na', 'O', 'Pd']",Ag-Na-O-Pd,NaAg(PdO2)2
mp-3204783,NaAg2PdO4,0.0,-0.679714092499999,0.0,True,True,16,6.9455155884137785,4,"['Ag', 'Na', 'O', 'Pd']",Ag-Na-O-Pd,NaAg2PdO4
mp-3281646,Na2Ag(SO4)2,0.1044,-1.554295334278846,0.000319108124992,False,False,26,3.479460299136855,4,"['Ag', 'Na', 'O', 'S']",Ag-Na-O-S,Na2Ag(SO4)2
mp-1192874,NaAgS2O3,2.586,-1.413518209720852,0.082235984744903,False,False,28,3.330557458564881,4,"['Ag', 'Na', 'O', 'S']",Ag-Na-O-S,NaAgS2O3
mp-1196210,NaAg(SO2)2,0.0,-1.068576042880746,0.532000635546875,True,False,32,3.061770204344335,4,"['Ag', 'Na', 'O', 'S']",Ag-Na-O-S,NaAg(SO2)2
mp-1180173,NaAgSO5,0.2125,-0.942785998818246,0.594498525963538,False,False,16,2.958684877404741,4,"['Ag', 'Na', 'O', 'S']",Ag-Na-O-S,NaAgSO5
mp-3297047,NaAg(S2O7)2,1.3969,-1.2540253404375,0.0,False,True,20,2.659710745424047,4,"['Ag', 'Na', 'O', 'S']",Ag-Na-O-S,NaAg(S2O7)2
mp-3212543,Na2Ag(SeO4)2,0.9023999999999992,-1.043688547932692,0.0,False,True,13,3.7757531596258223,4,"['Ag', 'Na', 'O', 'Se']",Ag-Na-O-Se,Na2Ag(SeO4)2
mp-3213044,NaSr3(AgO3)2,0.0,-1.840124231041668,0.0,True,True,12,5.463638467793068,4,"['Ag', 'Na', 'O', 'Sr']",Ag-Na-O-Sr,NaSr3(AgO3)2
mp-3214547,NaSr3AgO6,1.3517,-1.965683652045454,0.0,False,True,22,5.21456827817599,4,"['Ag', 'Na', 'O', 'Sr']",Ag-Na-O-Sr,NaSr3AgO6
mp-1205031,Na5Ag(TeO14)2,0.0,-0.416584837552681,0.398746177708332,True,False,36,2.434227842137922,4,"['Ag', 'Na', 'O', 'Te']",Ag-Na-O-Te,Na5Ag(TeO14)2
mp-1210534,NaAgTe5O14,0.877899999999999,-1.423405581851385,0.0,False,True,84,5.851896391084504,4,"['Ag', 'Na', 'O', 'Te']",Ag-Na-O-Te,NaAgTe5O14
mp-3204443,Na3V4AgO12,2.0478,-2.312326346500001,0.002426571499999,False,False,20,3.399745294998605,4,"['Ag', 'Na', 'O', 'V']",Ag-Na-O-V,Na3V4AgO12
mp-1095915,NaAg2Pb,0.055899999999999,1.140476738055557,1.275452215555557,False,False,4,0.60260279664844,3,"['Ag', 'Na', 'Pb']",Ag-Na-Pb,NaAg2Pb
mp-1093746,NaAg2Pd,0.051999999999999,1.355082354374989,1.478135041249999,False,False,4,0.486939582670978,3,"['Ag', 'Na', 'Pd']",Ag-Na-Pd,NaAg2Pd
mp-1096708,NaAgPd2,0.0794,1.589206733125003,1.736463204374999,False,False,4,0.546994794769017,3,"['Ag', 'Na', 'Pd']",Ag-Na-Pd,NaAgPd2
mp-3327706,Na2Ag3Pd,0.0,-0.131700662499999,0.0,True,True,6,6.615508048949634,3,"['Ag', 'Na', 'Pd']",Ag-Na-Pd,Na2Ag3Pd
mp-3328093,Na2AgPd3,0.0,-0.172143954166664,0.0,True,True,6,7.097287911822048,3,"['Ag', 'Na', 'Pd']",Ag-Na-Pd,Na2AgPd3
mp-9634,Na3AgS2,2.1755,-1.024525277604166,0.0,False,True,12,2.900868431809591,3,"['Ag', 'Na', 'S']",Ag-Na-S,Na3AgS2
mp-16992,NaAg3S2,0.9312,-0.45348791052083,0.0,False,True,24,5.73346728329379,3,"['Ag', 'Na', 'S']",Ag-Na-S,NaAg3S2
mp-3211278,Na2Ag6Se3S,1.372399999999999,-0.454706114999998,0.0,False,True,24,6.216220424034842,4,"['Ag', 'Na', 'S', 'Se']",Ag-Na-S-Se,Na2Ag6Se3S
mp-3215246,NaAg3SeS,1.391,-0.454939505729164,0.0,False,True,24,6.066206368514448,4,"['Ag', 'Na', 'S', 'Se']",Ag-Na-S-Se,NaAg3SeS
mp-3213304,Na5Si2AgS7,2.9897,-1.114728210979166,0.0,False,True,30,2.578073369501548,4,"['Ag', 'Na', 'S', 'Si']",Ag-Na-S-Si,Na5Si2AgS7
mp-1221250,Na3Ag(TeS3)2,1.2393,-0.748815760761493,0.013707632064392,False,False,24,3.458445591828604,4,"['Ag', 'Na', 'S', 'Te']",Ag-Na-S-Te,Na3Ag(TeS3)2
mp-3202054,NaTiAg3S4,1.931999999999999,-0.816782366990739,0.0,False,True,9,3.982707606688427,4,"['Ag', 'Na', 'S', 'Ti']",Ag-Na-S-Ti,NaTiAg3S4
mp-7392,Na2AgSb,0.654999999999999,-0.447460443749999,0.0,False,True,8,4.377532153368351,3,"['Ag', 'Na', 'Sb']",Ag-Na-Sb,Na2AgSb
mp-3202981,NaTiAg3Se4,1.6776,-0.7502187764351831,0.0,False,True,9,4.878335682562296,4,"['Ag', 'Na', 'Se', 'Ti']",Ag-Na-Se-Ti,NaTiAg3Se4
mp-1186102,NaAg2Sn,0.0,-0.0894175725,0.0433913328125,True,False,4,7.392830494929955,3,"['Ag', 'Na', 'Sn']",Ag-Na-Sn,NaAg2Sn
mp-3209651,Na5Ag3Te4,1.116299999999999,-0.7652311587499999,0.0,False,True,12,5.046096449371086,3,"['Ag', 'Na', 'Te']",Ag-Na-Te,Na5Ag3Te4
mp-3206719,Na2Ag4Te3,0.2697,-0.461374251111111,0.0,False,True,18,6.15289691770671,3,"['Ag', 'Na', 'Te']",Ag-Na-Te,Na2Ag4Te3
mp-3244756,NaThAgTe3,1.4988,-1.0913548783333291,0.0,False,True,12,6.4129103610201135,4,"['Ag', 'Na', 'Te', 'Th']",Ag-Na-Te-Th,NaThAgTe3
mp-3202956,NaTiAg3Te4,1.416099999999999,-0.5384121557407391,0.0,False,True,9,5.286856705647584,4,"['Ag', 'Na', 'Te', 'Ti']",Ag-Na-Te-Ti,NaTiAg3Te4
mp-3201041,NaZrAg3Te4,2.023399999999999,-0.618814593333332,0.0,False,True,9,5.35381625726794,4,"['Ag', 'Na', 'Te', 'Zr']",Ag-Na-Te-Zr,NaZrAg3Te4
mp-1096703,NaTl2Ag,0.0926,0.908565635694447,0.998726900694446,False,False,4,0.632522846413045,3,"['Ag', 'Na', 'Tl']",Ag-Na-Tl,NaTl2Ag
mp-3202085,Na2ZnAg3,0.0,-0.08702697333333,0.0,True,True,6,6.052960749556335,3,"['Ag', 'Na', 'Zn']",Ag-Na-Zn,Na2ZnAg3
mp-675095,NbAgO2,0.0,-1.562386958333333,0.610834187291666,True,False,24,6.545684806134676,3,"['Ag', 'Nb', 'O']",Ag-Nb-O,NbAgO2
mp-12725,NbAgO3,1.3336,-2.147779927333332,0.070853922285715,False,False,5,6.339902420894476,3,"['Ag', 'Nb', 'O']",Ag-Nb-O,NbAgO3
mp-984755,Nb4Ag2O11,2.372299999999999,-2.5247524522549,0.029704925336139,False,False,34,5.8603486711394455,3,"['Ag', 'Nb', 'O']",Ag-Nb-O,Nb4Ag2O11
mp-16837,Nb3AgO8,1.5603,-2.657896582222223,0.036487265357145,False,False,24,6.043442507840113,3,"['Ag', 'Nb', 'O']",Ag-Nb-O,Nb3AgO8
mp-1210284,Nb13AgO33,1.79,-2.653369768164892,0.003730815053199,False,False,47,4.500350150590352,3,"['Ag', 'Nb', 'O']",Ag-Nb-O,Nb13AgO33
mp-1210596,Nb14AgO36,0.229199999999999,-2.9124057884640533,0.020166799607844,False,False,51,4.422642370016024,3,"['Ag', 'Nb', 'O']",Ag-Nb-O,Nb14AgO36
mp-3207697,NbAg7(SO4)6,1.613999999999999,-1.254372781101973,0.0,False,True,38,4.582509448533177,4,"['Ag', 'Nb', 'O', 'S']",Ag-Nb-O-S,NbAg7(SO4)6
mp-3215544,NbAgSeO5,1.6611,-1.577361716289061,0.0,False,True,32,5.083696446043515,4,"['Ag', 'Nb', 'O', 'Se']",Ag-Nb-O-Se,NbAgSeO5
mp-3203970,NbAgSe2O7,1.8844,-1.353086904488637,0.0,False,True,22,4.966742627932382,4,"['Ag', 'Nb', 'O', 'Se']",Ag-Nb-O-Se,NbAgSe2O7
mp-3205746,Nb4Ag2Se4O19,1.8107,-1.699894901810345,0.0,False,True,29,4.697214667408234,4,"['Ag', 'Nb', 'O', 'Se']",Ag-Nb-O-Se,Nb4Ag2Se4O19
mp-1217907,TaNb(AgO3)2,1.3613,-2.269324537066666,0.058634562392857,False,False,10,7.543284764793217,4,"['Ag', 'Nb', 'O', 'Ta']",Ag-Nb-O-Ta,TaNb(AgO3)2
mp-3207956,NbAg4Te3O14,0.0,-1.090742121477273,0.0,True,True,22,6.691059949359838,4,"['Ag', 'Nb', 'O', 'Te']",Ag-Nb-O-Te,NbAg4Te3O14
mp-1220513,NbAgWO7,0.0,-1.902225208166666,0.129761653934523,True,False,20,5.623695293490645,4,"['Ag', 'Nb', 'O', 'W']",Ag-Nb-O-W,NbAgWO7
mp-3308924,Yb2Nb(AgO2)3,0.0,-2.128505010069444,0.450177151388896,True,False,36,8.003575417692147,4,"['Ag', 'Nb', 'O', 'Yb']",Ag-Nb-O-Yb,Yb2Nb(AgO2)3
mp-1219639,RbNb4Ag(PS10)2,1.4346,-0.9957318160161552,0.0,False,True,28,2.976404957716834,5,"['Ag', 'Nb', 'P', 'Rb', 'S']",Ag-Nb-P-Rb-S,RbNb4Ag(PS10)2
mp-554336,NbAg2(PS4)2,1.6524,-0.6794727394322341,0.012107724483813,False,False,104,3.597404570437045,4,"['Ag', 'Nb', 'P', 'S']",Ag-Nb-P-S,NbAg2(PS4)2
mp-554930,Nb2AgPS10,1.1059,-0.8964081025935381,0.003302518112237,False,False,56,3.155752266220045,4,"['Ag', 'Nb', 'P', 'S']",Ag-Nb-P-S,Nb2AgPS10
mp-3254841,RbNb(AgS2)2,2.1103,-0.8589965915624991,0.0,False,True,16,3.801607257723777,4,"['Ag', 'Nb', 'Rb', 'S']",Ag-Nb-Rb-S,RbNb(AgS2)2
mp-14636,Rb2NbAgS4,2.1794,-1.263800423333332,0.0,False,True,16,3.299981352352818,4,"['Ag', 'Nb', 'Rb', 'S']",Ag-Nb-Rb-S,Rb2NbAgS4
mp-3269492,RbNb(AgSe2)2,1.779399999999999,-0.7954279990625001,0.0,False,True,16,4.744076119705376,4,"['Ag', 'Nb', 'Rb', 'Se']",Ag-Nb-Rb-Se,RbNb(AgSe2)2
mp-662241,Rb2NbAgSe4,1.7691,-1.160496058255208,0.005611146249999,False,False,16,4.141827493418777,4,"['Ag', 'Nb', 'Rb', 'Se']",Ag-Nb-Rb-Se,Rb2NbAgSe4
mp-3208311,Rb2NbAgTe4,1.4502,-0.803143340312502,0.0,False,True,16,4.674108810583,4,"['Ag', 'Nb', 'Rb', 'Te']",Ag-Nb-Rb-Te,Rb2NbAgTe4
mp-676348,NbAg7S6,0.6689,-0.414760522619045,0.069159399404759,False,False,14,5.395303858103122,3,"['Ag', 'Nb', 'S']",Ag-Nb-S,NbAg7S6
mp-3322648,Nb3AgS6,0.0,-1.064592936187497,0.0,True,True,20,4.802534796898613,3,"['Ag', 'Nb', 'S']",Ag-Nb-S,Nb3AgS6
mp-1220596,Nb4AgS8,0.0,-1.239466291666664,0.006987346153821,True,False,13,4.531977648046188,3,"['Ag', 'Nb', 'S']",Ag-Nb-S,Nb4AgS8
mp-1220696,Nb2AgS4,0.0,-1.158950578809521,0.0,True,True,7,5.151035691290323,3,"['Ag', 'Nb', 'S']",Ag-Nb-S,Nb2AgS4
mp-3202537,NbAg3(SeS)2,1.8238,-0.51815253484375,0.0,False,True,8,4.627616292762967,4,"['Ag', 'Nb', 'S', 'Se']",Ag-Nb-S-Se,NbAg3(SeS)2
mp-1220648,Nb3Ag2TeS6,0.0,-1.096684265416665,0.0,True,True,12,5.617260633953372,4,"['Ag', 'Nb', 'S', 'Te']",Ag-Nb-S-Te,Nb3Ag2TeS6
mp-1220427,Nb6AgSe8,0.0,-0.8459960979444191,0.085340580222215,True,False,15,6.975034704145676,3,"['Ag', 'Nb', 'Se']",Ag-Nb-Se,Nb6AgSe8
mp-3207363,TaNb(Ag3Se4)2,1.6215,-0.492753248114581,0.0,False,True,16,5.3734644224990085,4,"['Ag', 'Nb', 'Se', 'Ta']",Ag-Nb-Se-Ta,TaNb(Ag3Se4)2
mp-1237898,Nb3AgTe4,0.0,-0.281153774791666,0.333953729791661,True,False,16,7.599883053384053,3,"['Ag', 'Nb', 'Te']",Ag-Nb-Te,Nb3AgTe4
mp-3337016,NbAg3Te4,1.3855,-0.312406426874996,0.0,False,True,8,5.822820684747186,3,"['Ag', 'Nb', 'Te']",Ag-Nb-Te,NbAg3Te4
mp-1236,NdAg,0.0,-0.279320871249996,0.0,True,True,2,8.041946522751674,2,"['Ag', 'Nd']",Ag-Nd,NdAg
mp-567891,NdAg2,0.0,-0.275642392499998,0.014996433333333,True,False,3,8.553980631094154,2,"['Ag', 'Nd']",Ag-Nd,NdAg2
mp-1186294,NdAg3,0.0,-0.195882431874998,0.068837658967389,True,False,8,8.779998085563792,2,"['Ag', 'Nd']",Ag-Nd,NdAg3
mp-973965,Nd3Ag,0.0,0.005839113125002,0.145499548749999,True,False,8,7.532330474408394,2,"['Ag', 'Nd']",Ag-Nd,Nd3Ag
mp-1220721,Nd14Ag51,0.0,-0.253953847076921,0.0,True,True,65,9.240038801895253,2,"['Ag', 'Nd']",Ag-Nd,Nd14Ag51
mp-3245152,NdSmNi2Ag,0.0,-0.320248496500002,0.0,True,True,5,8.373589631856106,4,"['Ag', 'Nd', 'Ni', 'Sm']",Ag-Nd-Ni-Sm,NdSmNi2Ag
mp-3250687,Nd(AgO2)2,0.0,-1.489578745357141,0.0,True,True,14,7.554413096083969,3,"['Ag', 'Nd', 'O']",Ag-Nd-O,Nd(AgO2)2
mp-541041,NdAg(PO3)4,3.857,-2.711514133902115,0.0,False,True,72,3.8026090743840752,4,"['Ag', 'Nd', 'O', 'P']",Ag-Nd-O-P,NdAg(PO3)4
mp-3244283,NdSm2AgO6,1.427699999999999,-2.877481772499999,0.0,False,True,10,7.403649141173139,4,"['Ag', 'Nd', 'O', 'Sm']",Ag-Nd-O-Sm,NdSm2AgO6
mp-1210051,NdAg(WO4)2,3.143499999999999,-2.360732066180555,0.0,False,True,24,7.702163526269514,4,"['Ag', 'Nd', 'O', 'W']",Ag-Nd-O-W,NdAg(WO4)2
mp-3231797,Nd3PaAg2Rh3,0.0,-0.6490640024999961,0.0,True,True,9,9.725686900108087,4,"['Ag', 'Nd', 'Pa', 'Rh']",Ag-Nd-Pa-Rh,Nd3PaAg2Rh3
mp-3244259,Nd7PaAgRh6,0.0,-0.6933883458333291,0.0,True,True,15,8.798184520034189,4,"['Ag', 'Nd', 'Pa', 'Rh']",Ag-Nd-Pa-Rh,Nd7PaAgRh6
mp-20880,NdAgPb,0.0,-0.5761480291666641,0.0,True,True,6,9.66325043314858,3,"['Ag', 'Nd', 'Pb']",Ag-Nd-Pb,NdAgPb
mp-3294679,Nd5AgPb3,0.0,-0.6714788097222211,0.0,True,True,18,8.816305996822281,3,"['Ag', 'Nd', 'Pb']",Ag-Nd-Pb,Nd5AgPb3
mp-3343160,Nd2AgPd2,0.0,-0.6959994379999981,0.0,True,True,10,8.727381586467269,3,"['Ag', 'Nd', 'Pd']",Ag-Nd-Pd,Nd2AgPd2
mp-3249559,PmNdSi3Ag,0.0,-0.6924877925,0.0,True,True,6,6.280830763325253,4,"['Ag', 'Nd', 'Pm', 'Si']",Ag-Nd-Pm-Si,PmNdSi3Ag
mp-3244666,NdAgPt4,0.0,-0.796793347083337,0.0,True,True,6,15.650851958581256,3,"['Ag', 'Nd', 'Pt']",Ag-Nd-Pt,NdAgPt4
mp-3222594,Nd3Sc2AgPt3,0.0,-0.9789819663888892,0.0,True,True,9,9.791322310819044,4,"['Ag', 'Nd', 'Pt', 'Sc']",Ag-Nd-Pt-Sc,Nd3Sc2AgPt3
mp-3222474,Nd3Zn3AgPt2,0.0,-0.7624488691666671,0.0,True,True,9,9.748800773340475,4,"['Ag', 'Nd', 'Pt', 'Zn']",Ag-Nd-Pt-Zn,Nd3Zn3AgPt2
mp-3245142,NdZn2AgPt2,0.0,-0.727079520416666,0.0,True,True,6,12.128153177003975,4,"['Ag', 'Nd', 'Pt', 'Zn']",Ag-Nd-Pt-Zn,NdZn2AgPt2
mp-3222079,NdSiAgRh2,0.0,-0.8527379954999981,0.0,True,True,10,8.895749063137568,4,"['Ag', 'Nd', 'Rh', 'Si']",Ag-Nd-Rh-Si,NdSiAgRh2
mp-3250063,NdZn3AgRh,0.0,-0.444845517916668,0.0,True,True,6,8.880915429829725,4,"['Ag', 'Nd', 'Rh', 'Zn']",Ag-Nd-Rh-Zn,NdZn3AgRh
mp-1186235,Nd2AgRu,0.0,-0.220358747031252,0.023519266874998,True,False,4,8.680449399321306,3,"['Ag', 'Nd', 'Ru']",Ag-Nd-Ru,Nd2AgRu
mp-3293763,Nd10Ag3Ru,0.0,-0.183802469999997,0.0,True,True,28,7.471410796304649,3,"['Ag', 'Nd', 'Ru']",Ag-Nd-Ru,Nd10Ag3Ru
mp-37449,Nd5AgS8,1.732199999999999,-2.113159675446425,0.021471749196422,False,False,14,5.698778126953501,3,"['Ag', 'Nd', 'S']",Ag-Nd-S,Nd5AgS8
mp-864666,Nd3SiAgS7,1.770899999999999,-1.748846723515624,0.0,False,True,24,4.957879859865972,4,"['Ag', 'Nd', 'S', 'Si']",Ag-Nd-S-Si,Nd3SiAgS7
mp-1207311,Nd2AgSb3,0.066899999999999,2.042311249444438,2.9988254247222232,False,False,6,0.361020766931909,3,"['Ag', 'Nd', 'Sb']",Ag-Nd-Sb,Nd2AgSb3
mp-675678,Nd4Ag2Se7,1.668,-1.635485886626576,0.085740608421509,False,False,26,6.452591303707254,3,"['Ag', 'Nd', 'Se']",Ag-Nd-Se,Nd4Ag2Se7
mp-36592,Nd5AgSe8,1.592199999999999,-1.9635918832142831,0.009306078962058,False,False,14,6.8227701966715495,3,"['Ag', 'Nd', 'Se']",Ag-Nd-Se,Nd5AgSe8
mp-17827,Nd3SiAgSe7,1.4465,-1.6107653583810762,0.0,False,True,24,6.106341964553033,4,"['Ag', 'Nd', 'Se', 'Si']",Ag-Nd-Se-Si,Nd3SiAgSe7
mp-3291611,Nd10Si16Ag,0.0,-0.7107201996296271,0.0,True,True,27,5.531375011219706,3,"['Ag', 'Nd', 'Si']",Ag-Nd-Si,Nd10Si16Ag
mp-1206055,NdSi2Ag,0.0,-0.550971238125001,0.0,True,True,8,6.518510086799715,3,"['Ag', 'Nd', 'Si']",Ag-Nd-Si,NdSi2Ag
mp-31204,Nd(SiAg)2,0.0,-0.468645455499998,0.0,True,True,5,7.233348994208417,3,"['Ag', 'Nd', 'Si']",Ag-Nd-Si,Nd(SiAg)2
mp-37949,NdSiAg,0.0,-0.5992806058333331,0.0,True,True,6,6.926365372972828,3,"['Ag', 'Nd', 'Si']",Ag-Nd-Si,NdSiAg
mp-1220352,Nd2Si3Ag,0.0,-0.70025710583333,0.0,True,True,6,6.230931128464452,3,"['Ag', 'Nd', 'Si']",Ag-Nd-Si,Nd2Si3Ag
mp-1102578,Nd3(AgSn)4,0.0,-0.5495269326515141,0.0,True,True,11,8.29564263777282,3,"['Ag', 'Nd', 'Sn']",Ag-Nd-Sn,Nd3(AgSn)4
mp-4808,NdAgSn,0.0,-0.618603359722223,0.0,True,True,6,8.084426379357083,3,"['Ag', 'Nd', 'Sn']",Ag-Nd-Sn,NdAgSn
mp-1186256,Nd2TlAg,0.0,-0.319850047500001,0.0,True,True,4,8.910038762511974,3,"['Ag', 'Nd', 'Tl']",Ag-Nd-Tl,Nd2TlAg
mp-974782,NdTlAg2,0.0,-0.248954253541667,0.026972744399511,True,False,4,9.984075731714464,3,"['Ag', 'Nd', 'Tl']",Ag-Nd-Tl,NdTlAg2
mp-865426,YbNdAg2,0.0,-0.308505563124999,0.015435849999999,True,False,4,9.138799481071196,3,"['Ag', 'Nd', 'Yb']",Ag-Nd-Yb,YbNdAg2
mp-974744,NdZn2Ag,0.0,-0.290598542291665,0.024614050710785,True,False,4,7.907877715384122,3,"['Ag', 'Nd', 'Zn']",Ag-Nd-Zn,NdZn2Ag
mp-976341,Nd2ZnAg,0.0,-0.277327844166665,0.005125747499999,True,False,4,7.508618765566877,3,"['Ag', 'Nd', 'Zn']",Ag-Nd-Zn,Nd2ZnAg
mp-3323799,Nd2Zn3Ag4,0.0,-0.320696338333334,0.0,True,True,18,8.657665940772082,3,"['Ag', 'Nd', 'Zn']",Ag-Nd-Zn,Nd2Zn3Ag4
mp-3329089,NdZnAg4,0.0,-0.231824520416665,0.0,True,True,6,9.180516455253288,3,"['Ag', 'Nd', 'Zn']",Ag-Nd-Zn,NdZnAg4
mp-1100764,Ni3Ag,0.0,0.233211393333332,0.233211393333332,True,False,4,9.43403601969119,2,"['Ag', 'Ni']",Ag-Ni,Ni3Ag
mp-976762,NiAg3,0.0,0.1849671575,0.1849671575,True,False,4,9.831616730278608,2,"['Ag', 'Ni']",Ag-Ni,NiAg3
mp-1277880,NiAgO2,0.0,-0.788803314166665,0.0415252187499999,True,False,16,6.875118957613055,3,"['Ag', 'Ni', 'O']",Ag-Ni-O,NiAgO2
mp-557620,Ni2Ag3O4,0.0,-0.396161379444443,0.348770432222223,True,False,18,7.622423094557928,3,"['Ag', 'Ni', 'O']",Ag-Ni-O,Ni2Ag3O4
mp-19405,Ni(AgO)2,0.0,-0.610143178666665,0.066471256,True,False,5,8.221194800002008,3,"['Ag', 'Ni', 'O']",Ag-Ni-O,Ni(AgO)2
mp-3284910,Ni2Ag(PO4)2,0.045599999999999,-1.74234069430403,0.005568031778862,False,False,26,4.620822035540225,4,"['Ag', 'Ni', 'O', 'P']",Ag-Ni-O-P,Ni2Ag(PO4)2
mp-1203837,NiAg4(PO4)6,0.0,-1.504690717843536,0.233883773452383,True,False,35,3.564860741675764,4,"['Ag', 'Ni', 'O', 'P']",Ag-Ni-O-P,NiAg4(PO4)6
mp-3310087,NiAg2(PO3)4,2.6665,-1.9171835453634072,0.004564536052646,False,False,38,3.9975286622298,4,"['Ag', 'Ni', 'O', 'P']",Ag-Ni-O-P,NiAg2(PO3)4
mp-1210398,NiAg(PO3)3,3.207899999999999,-2.222616666560374,0.006963404910742,False,False,112,3.491363819330164,4,"['Ag', 'Ni', 'O', 'P']",Ag-Ni-O-P,NiAg(PO3)3
mp-3213049,Ni3Ag4SeO8,0.0,-0.727485021191407,0.0,True,False,16,7.064501603033305,4,"['Ag', 'Ni', 'O', 'Se']",Ag-Ni-O-Se,Ni3Ag4SeO8
mp-3213520,NiAg2SnO4,0.5838000000000001,-1.1035088275,0.0,False,True,16,7.211723940701376,4,"['Ag', 'Ni', 'O', 'Sn']",Ag-Ni-O-Sn,NiAg2SnO4
mp-3207382,Ni3Ag4TeO8,0.135499999999999,-0.8648099756250001,0.0,False,False,16,7.159862034986687,4,"['Ag', 'Ni', 'O', 'Te']",Ag-Ni-O-Te,Ni3Ag4TeO8
mp-3245551,SmNiAgPt3,0.0,-0.712058240833333,0.0,True,True,6,14.59593979301648,4,"['Ag', 'Ni', 'Pt', 'Sm']",Ag-Ni-Pt-Sm,SmNiAgPt3
mp-3210112,Y20NiAg6Rh,0.0,-0.264682942142854,0.0,True,True,28,5.658560319373693,4,"['Ag', 'Ni', 'Rh', 'Y']",Ag-Ni-Rh-Y,Y20NiAg6Rh
mp-1220114,NiAg2Sn3S8,0.255699999999999,-0.5970052913095161,0.002198831111116,False,False,14,4.943632494872166,4,"['Ag', 'Ni', 'S', 'Sn']",Ag-Ni-S-Sn,NiAg2Sn3S8
mp-3213019,Sc16Ni5Ag3,0.0,-0.293097271041664,0.0,True,True,24,4.687908054476775,3,"['Ag', 'Ni', 'Sc']",Ag-Ni-Sc,Sc16Ni5Ag3
mp-3202109,ScZn3NiAg,0.0,-0.339106190833334,0.0,True,True,6,7.6986914202737,4,"['Ag', 'Ni', 'Sc', 'Zn']",Ag-Ni-Sc-Zn,ScZn3NiAg
mp-1018020,NiAgSe2,0.0,-0.201861444218753,0.065308933437497,True,False,4,6.78062426791699,3,"['Ag', 'Ni', 'Se']",Ag-Ni-Se,NiAgSe2
mp-3252008,Th4Si6NiAg,0.0,-0.733315542916661,0.0,True,True,12,8.472814332917876,4,"['Ag', 'Ni', 'Si', 'Th']",Ag-Ni-Si-Th,Th4Si6NiAg
mp-3252546,Sm2Ni2Ag,0.0,-0.339465161000001,0.0,True,True,5,8.617826179956893,3,"['Ag', 'Ni', 'Sm']",Ag-Ni-Sm,Sm2Ni2Ag
mp-3248274,TbYNi2Ag,0.0,-0.380289737000001,0.0,True,True,5,8.079954378801617,4,"['Ag', 'Ni', 'Tb', 'Y']",Ag-Ni-Tb-Y,TbYNi2Ag
mp-976804,NiAgTe2,0.0,-0.057742946666664,0.111260730833336,True,False,4,7.162321618885929,3,"['Ag', 'Ni', 'Te']",Ag-Ni-Te,NiAgTe2
mp-3245969,TmZn3NiAg,0.0,-0.366233868333336,0.0,True,True,6,9.596075245849748,4,"['Ag', 'Ni', 'Tm', 'Zn']",Ag-Ni-Tm-Zn,TmZn3NiAg
mp-3247788,TmZnNi3Ag,0.0,-0.347924176666666,0.0,True,True,6,10.217199014523583,4,"['Ag', 'Ni', 'Tm', 'Zn']",Ag-Ni-Tm-Zn,TmZnNi3Ag
mp-3201282,Y2Ni2Ag,0.0,-0.365701547,0.0,True,True,5,6.881985236784741,3,"['Ag', 'Ni', 'Y']",Ag-Ni-Y,Y2Ni2Ag
mp-3201588,ZrNi4Ag,0.0,-0.318313611666667,0.0,True,True,6,9.255128111668371,3,"['Ag', 'Ni', 'Zr']",Ag-Ni-Zr,ZrNi4Ag
mp-1186130,NpAg3,0.0,0.337991995312499,0.337991995312499,True,False,4,10.682576969363948,2,"['Ag', 'Np']",Ag-Np,NpAg3
mp-3244750,NpAgO4,0.151399999999999,-2.069058428958328,0.0,False,True,12,7.817160585529205,3,"['Ag', 'Np', 'O']",Ag-Np-O,NpAgO4
mp-554763,NpAgSeO5,0.2723,-2.040924001282552,0.037719700104174,False,False,32,6.8280083032729815,4,"['Ag', 'Np', 'O', 'Se']",Ag-Np-O-Se,NpAgSeO5
mp-3248596,PrNp(AgSb2)2,0.0,-0.677656547552082,0.0,True,True,8,8.812756321210317,4,"['Ag', 'Np', 'Pr', 'Sb']",Ag-Np-Pr-Sb,PrNp(AgSb2)2
mp-754338,Ag2O,0.0,-0.296431336944442,0.019202520833331,True,False,12,7.781835604135266,2,"['Ag', 'O']",Ag-O,Ag2O
mp-1288,AgO,0.1826,-0.395391355208332,0.047180410624999,False,False,16,7.240353217422181,2,"['Ag', 'O']",Ag-O,AgO
mp-546190,Ag2O3,0.347,-0.355224625666665,0.019458467666665,False,False,10,7.019151848151168,2,"['Ag', 'O']",Ag-O,Ag2O3
mp-1605,Ag3O4,0.0,-0.40144617142857,0.0,True,True,14,7.049422627340591,2,"['Ag', 'O']",Ag-O,Ag3O4
mp-27819,Ag3O,0.0,-0.216563653749997,0.020161739583333,True,False,8,9.226616749406004,2,"['Ag', 'O']",Ag-O,Ag3O
mp-1214896,AgO2,0.0,0.391295589444444,0.703531500555555,True,False,6,4.7364199022474125,2,"['Ag', 'O']",Ag-O,AgO2
mp-510349,Ag13OsO6,0.0,-0.451559672833332,0.025428711249999,True,False,40,9.307364090902434,3,"['Ag', 'O', 'Os']",Ag-O-Os,Ag13OsO6
mp-1229205,Ag(OsO3)2,0.0,-1.2330770879629631,0.064274817037032,True,False,18,7.250121480867646,3,"['Ag', 'O', 'Os']",Ag-O-Os,Ag(OsO3)2
mp-3204477,Ag7Os(SO4)6,0.541399999999999,-1.081415606101972,0.0,False,True,38,5.013319899820778,4,"['Ag', 'O', 'Os', 'S']",Ag-O-Os-S,Ag7Os(SO4)6
mp-3271543,Ag5(P2O7)2,0.0,-1.55201855519151,0.0,True,True,23,4.941882072189504,3,"['Ag', 'O', 'P']",Ag-O-P,Ag5(P2O7)2
mp-1352343,AgPO4,0.0,-1.596965384176587,0.03899059909722,True,False,48,3.729103120093879,3,"['Ag', 'O', 'P']",Ag-O-P,AgPO4
mp-558154,Ag3PO4,0.0,-0.186099944955356,1.223252239999999,True,False,16,6.331813658222643,3,"['Ag', 'O', 'P']",Ag-O-P,Ag3PO4
mp-775762,AgPO3,2.287,-1.9126033292619031,0.045444828500007,False,False,20,4.6879325281271225,3,"['Ag', 'O', 'P']",Ag-O-P,AgPO3
mp-1199654,Ag3P3O10,0.0,-1.7782047102455352,0.06065232651043,True,False,32,4.096521134412124,3,"['Ag', 'O', 'P']",Ag-O-P,Ag3P3O10
mp-36383,Ag3(PO4)2,0.0,-1.605811363406592,0.0,True,True,13,4.522791078845507,3,"['Ag', 'O', 'P']",Ag-O-P,Ag3(PO4)2
mp-1229161,Ag6P6O19,0.4276,-1.814864740414746,0.0816654194086,False,False,31,4.348269776338285,3,"['Ag', 'O', 'P']",Ag-O-P,Ag6P6O19
mp-1215041,Ag2PO2,0.0,-0.5808117695952361,0.791737381133335,True,False,20,4.906761132301088,3,"['Ag', 'O', 'P']",Ag-O-P,Ag2PO2
mp-3285146,AgP2PbO7,0.2879,-1.889562466563854,0.0,False,True,22,5.730899021505433,4,"['Ag', 'O', 'P', 'Pb']",Ag-O-P-Pb,AgP2PbO7
mp-667579,Ag2P2PbO7,0.0,-0.202609319384919,1.784144105034726,True,False,24,5.585813345077805,4,"['Ag', 'O', 'P', 'Pb']",Ag-O-P-Pb,Ag2P2PbO7
mp-3283140,AgP4(PdO7)2,0.7151000000000001,-1.694381589495465,0.0,False,True,21,4.36197477558454,4,"['Ag', 'O', 'P', 'Pd']",Ag-O-P-Pd,AgP4(PdO7)2
mp-1190325,Ag2P2PdO7,1.166799999999999,-1.785766681051587,0.0,False,True,24,4.761192507145591,4,"['Ag', 'O', 'P', 'Pd']",Ag-O-P-Pd,Ag2P2PdO7
mp-3316392,RbAg(PO3)4,1.1622,-2.018922959064153,0.0,False,True,36,3.092837495527861,4,"['Ag', 'O', 'P', 'Rb']",Ag-O-P-Rb,RbAg(PO3)4
mp-1209385,RbAg(PO3)2,2.9292,-2.3290688688452392,0.0,False,True,40,3.792413523050605,4,"['Ag', 'O', 'P', 'Rb']",Ag-O-P-Rb,RbAg(PO3)2
mp-3204387,AgP4RhO12,2.3352,-1.933187020661377,0.0,False,True,36,3.450473637936494,4,"['Ag', 'O', 'P', 'Rh']",Ag-O-P-Rh,AgP4RhO12
mp-1191916,Ag5PSeO4,0.307599999999999,-1.136163740029084,0.0,False,True,22,6.59295935333068,4,"['Ag', 'O', 'P', 'Se']",Ag-O-P-Se,Ag5PSeO4
mp-3211431,AgSn2(PO4)3,2.9160999999999992,-2.082947106884922,0.0,False,True,36,4.350348488338206,4,"['Ag', 'O', 'P', 'Sn']",Ag-O-P-Sn,AgSn2(PO4)3
mp-3214076,SrAg(PO3)3,3.6124,-2.396908985905611,0.0,False,True,28,3.829230811819161,4,"['Ag', 'O', 'P', 'Sr']",Ag-O-P-Sr,SrAg(PO3)3
mp-3287471,TaAg(PO4)2,2.5975,-2.360028378190475,0.012139673437452,False,False,12,4.369073144853007,4,"['Ag', 'O', 'P', 'Ta']",Ag-O-P-Ta,TaAg(PO4)2
mp-15750,TaAgP4O13,2.143,-2.591102061977443,0.0,False,True,76,4.04009440311122,4,"['Ag', 'O', 'P', 'Ta']",Ag-O-P-Ta,TaAgP4O13
mp-1182984,Ag4Te(PO7)2,0.0807,-1.231052928458049,0.063184216031745,False,False,42,4.80588041656765,4,"['Ag', 'O', 'P', 'Te']",Ag-O-P-Te,Ag4Te(PO7)2
mp-1191803,Ag5TePO4,0.471299999999999,-1.141271934512986,0.008690267196969,False,False,22,6.698561799907903,4,"['Ag', 'O', 'P', 'Te']",Ag-O-P-Te,Ag5TePO4
mp-1215032,Ag3Te(PO7)2,0.0,-1.038184087797618,0.273929527249999,True,False,40,4.498540850525141,4,"['Ag', 'O', 'P', 'Te']",Ag-O-P-Te,Ag3Te(PO7)2
mp-1079993,ThAgPO,0.0,-2.045248737827379,0.012004604999999,True,False,8,9.144385861058684,4,"['Ag', 'O', 'P', 'Th']",Ag-O-P-Th,ThAgPO
mp-1208234,Th2AgP2O,0.0,-0.324261859325394,1.601834928055555,True,False,6,6.473422262195688,4,"['Ag', 'O', 'P', 'Th']",Ag-O-P-Th,Th2AgP2O
mp-3309380,Th2Ag(PO4)3,4.1903,-2.950005032162696,0.0,False,True,36,5.974493730597853,4,"['Ag', 'O', 'P', 'Th']",Ag-O-P-Th,Th2Ag(PO4)3
mp-1208280,TiAgPO5,2.4369,-2.583638071986606,0.0,False,True,64,4.285521230056063,4,"['Ag', 'O', 'P', 'Ti']",Ag-O-P-Ti,TiAgPO5
mp-3324771,Ti2Ag(PO4)3,2.2413,-2.597375351236773,0.0,False,True,36,3.505324613391636,4,"['Ag', 'O', 'P', 'Ti']",Ag-O-P-Ti,Ti2Ag(PO4)3
mp-1043771,TiZnAg(PO4)3,0.2983,-2.345600785496031,0.094868850682876,False,False,36,3.6153643644161,5,"['Ag', 'O', 'P', 'Ti', 'Zn']",Ag-O-P-Ti-Zn,TiZnAg(PO4)3
mp-1204480,Tl2Ag3(PO4)3,0.333899999999999,-1.7903666617797611,0.0084065755,False,False,40,6.212338678072725,4,"['Ag', 'O', 'P', 'Tl']",Ag-O-P-Tl,Tl2Ag3(PO4)3
mp-1208132,TlAg(PO3)2,3.4598,-2.121469591678572,0.0,False,True,40,4.836100947985827,4,"['Ag', 'O', 'P', 'Tl']",Ag-O-P-Tl,TlAg(PO3)2
mp-3266551,VAg6PO8,0.9771,-1.254258712373511,0.0,False,True,16,6.299355360008199,4,"['Ag', 'O', 'P', 'V']",Ag-O-P-V,VAg6PO8
mp-558255,VAg2PO6,1.835,-1.876219641797618,0.001881734625001,False,False,20,5.076936309043927,4,"['Ag', 'O', 'P', 'V']",Ag-O-P-V,VAg2PO6
mp-1201392,V2Ag(PO5)2,1.1175,-2.337035380396824,0.003497693250027,False,False,60,3.808087064202493,4,"['Ag', 'O', 'P', 'V']",Ag-O-P-V,V2Ag(PO5)2
mp-1201897,VAgP2O7,2.0397,-2.4013978359956702,0.0,False,True,44,4.006254109800491,4,"['Ag', 'O', 'P', 'V']",Ag-O-P-V,VAgP2O7
mp-19478,VAg2(PO4)2,2.038,-2.124902452316849,0.0,False,True,52,4.401980297509219,4,"['Ag', 'O', 'P', 'V']",Ag-O-P-V,VAg2(PO4)2
mp-1216770,V2AgP3O11,1.7981,-2.500062344446779,0.006969670294139,False,False,34,3.826703152722412,4,"['Ag', 'O', 'P', 'V']",Ag-O-P-V,V2AgP3O11
mp-1365006,ZnAg2P2O9,0.0,-1.628350476972788,0.114177712916679,True,False,56,4.773998576506419,4,"['Ag', 'O', 'P', 'Zn']",Ag-O-P-Zn,ZnAg2P2O9
mp-1041175,ZnAg3P3O13,0.0,-1.622993774446428,0.095246958250001,True,False,40,4.215214446662899,4,"['Ag', 'O', 'P', 'Zn']",Ag-O-P-Zn,ZnAg3P3O13
mp-1193999,ZnAgPO4,1.7382,-2.027847735187074,0.0,False,True,28,4.324535902210397,4,"['Ag', 'O', 'P', 'Zn']",Ag-O-P-Zn,ZnAgPO4
mp-14260,ZnAg(PO3)3,3.2081,-2.304116618435373,0.003899094464286,False,False,112,3.476298136990928,4,"['Ag', 'O', 'P', 'Zn']",Ag-O-P-Zn,ZnAg(PO3)3
mp-16102,ZnAg2P2O7,2.1142,-1.9803117193849191,0.019343731354171,False,False,48,4.559886944752296,4,"['Ag', 'O', 'P', 'Zn']",Ag-O-P-Zn,ZnAg2P2O7
mp-1208127,Zn2AgP3O19,0.3184,-1.096286568023809,0.377278167891679,False,False,50,2.469994026609558,4,"['Ag', 'O', 'P', 'Zn']",Ag-O-P-Zn,Zn2AgP3O19
mp-3207902,Zr2Ag(PO4)3,4.3772,-2.7862653985515893,0.0,False,True,36,3.697971929907025,4,"['Ag', 'O', 'P', 'Zr']",Ag-O-P-Zr,Zr2Ag(PO4)3
mp-977455,PaAgO3,0.915,-2.8303952513333472,0.0,False,True,5,7.996811026447928,3,"['Ag', 'O', 'Pa']",Ag-O-Pa,PaAgO3
mp-757612,Ag7(PbO3)3,0.0,-0.8129773408771921,0.002839655263156,True,False,38,8.192763869987525,3,"['Ag', 'O', 'Pb']",Ag-O-Pb,Ag7(PbO3)3
mp-674968,Ag33(PbO3)14,0.0,-0.810954092528088,0.002882567528089,True,False,89,8.2353507680394,3,"['Ag', 'O', 'Pb']",Ag-O-Pb,Ag33(PbO3)14
mp-675327,Ag9(PbO3)4,0.0,-0.8176260189999981,0.005240973599999,True,False,50,8.131973258365667,3,"['Ag', 'O', 'Pb']",Ag-O-Pb,Ag9(PbO3)4
mp-676840,Ag13(PbO3)6,0.0,-0.823027415585585,0.007080113918918,True,False,74,8.019274249177183,3,"['Ag', 'O', 'Pb']",Ag-O-Pb,Ag13(PbO3)6
mp-555565,Ag5(PbO3)2,0.0,-0.8021014560256401,0.000157854615384,True,False,13,8.378068551580496,3,"['Ag', 'O', 'Pb']",Ag-O-Pb,Ag5(PbO3)2
mp-997019,AgPbO2,0.0334,-0.994731772916665,0.033180182999998,False,False,8,7.721378428408064,3,"['Ag', 'O', 'Pb']",Ag-O-Pb,AgPbO2
mp-1178556,AgPbO3,0.0,-0.845433529333332,0.111383396000001,True,False,10,8.23510787178762,3,"['Ag', 'O', 'Pb']",Ag-O-Pb,AgPbO3
mp-20210,Ag2PbO2,1.3818,-0.817315429666662,0.005014135066669,False,False,10,8.574442803523121,3,"['Ag', 'O', 'Pb']",Ag-O-Pb,Ag2PbO2
mp-3213627,AgPt2PbO7,0.0,-0.7408151723863621,0.0,True,True,22,10.369930347249126,4,"['Ag', 'O', 'Pb', 'Pt']",Ag-O-Pb-Pt,AgPt2PbO7
mp-3206383,AgRh2PbO7,0.0,-0.8678765255681791,0.0,True,True,22,8.221333474619852,4,"['Ag', 'O', 'Pb', 'Rh']",Ag-O-Pb-Rh,AgRh2PbO7
mp-3203826,Ag3Ru4PbO14,0.0,-0.90236180625,0.0,True,True,22,7.407261468158722,4,"['Ag', 'O', 'Pb', 'Ru']",Ag-O-Pb-Ru,Ag3Ru4PbO14
mp-3204427,AgRu2PbO7,0.0,-1.023433397840909,0.0,True,True,22,7.895170983271007,4,"['Ag', 'O', 'Pb', 'Ru']",Ag-O-Pb-Ru,AgRu2PbO7
mp-3205914,AgRu4Pb3O14,0.0,-1.126872998977275,0.0,True,True,22,8.387146712802952,4,"['Ag', 'O', 'Pb', 'Ru']",Ag-O-Pb-Ru,AgRu4Pb3O14
mp-3208005,AgPb(S2O7)2,0.8879,-1.256810961437501,0.0,False,True,20,3.168454212882917,4,"['Ag', 'O', 'Pb', 'S']",Ag-O-Pb-S,AgPb(S2O7)2
mp-3251416,YbAg2PbO4,0.0,-1.511853684999998,0.190681122921887,True,False,8,8.63588689033257,4,"['Ag', 'O', 'Pb', 'Yb']",Ag-O-Pb-Yb,YbAg2PbO4
mp-5495,Ag2PdO2,0.0,-0.471315778666665,0.055673144666666,True,False,5,8.197237478842462,3,"['Ag', 'O', 'Pd']",Ag-O-Pd,Ag2PdO2
mp-776166,AgPdO3,0.0,-0.174272703333333,0.439272043999997,True,False,20,6.510355757051744,3,"['Ag', 'O', 'Pd']",Ag-O-Pd,AgPdO3
mp-997038,AgPdO2,0.0,-0.6587361541666651,0.0,True,True,8,7.7409913067987475,3,"['Ag', 'O', 'Pd']",Ag-O-Pd,AgPdO2
mp-3201135,Ag2PdPtO4,0.6188,-0.485286940624998,0.0,False,True,8,8.954031066859974,4,"['Ag', 'O', 'Pd', 'Pt']",Ag-O-Pd-Pt,Ag2PdPtO4
mp-3247435,Pr(AgO2)2,0.0,-1.475422209523807,0.0,True,True,14,7.391306575468173,3,"['Ag', 'O', 'Pr']",Ag-O-Pr,Pr(AgO2)2
mp-1209684,PrAg(WO4)2,3.096861398679526,-2.354619601111112,0.0,False,True,24,7.574543500406572,4,"['Ag', 'O', 'Pr', 'W']",Ag-O-Pr-W,PrAg(WO4)2
mp-1044484,PrZn(AgO3)2,0.0,-1.361313886499999,0.116525075020834,True,False,20,6.739067132663889,4,"['Ag', 'O', 'Pr', 'Zn']",Ag-O-Pr-Zn,PrZn(AgO3)2
mp-3282319,Ag2Pt2O7,0.0,-0.416560225113636,0.0,True,True,22,9.354279448348017,3,"['Ag', 'O', 'Pt']",Ag-O-Pt,Ag2Pt2O7
mp-997006,AgPtO2,0.387099999999999,-0.672532186666665,0.022420155833335,False,False,8,9.797313901605593,3,"['Ag', 'O', 'Pt']",Ag-O-Pt,AgPtO2
mp-3222958,Ag(PtO2)3,0.0,-0.582665410750001,0.0,True,True,10,11.16248455968252,3,"['Ag', 'O', 'Pt']",Ag-O-Pt,Ag(PtO2)3
mp-3208001,Ag4RuPt3O14,0.0,-0.505934393068181,0.0,True,True,22,8.775015127822584,4,"['Ag', 'O', 'Pt', 'Ru']",Ag-O-Pt-Ru,Ag4RuPt3O14
mp-3210811,Ag4Ru3PtO14,0.0,-0.6674517467045441,0.0,True,True,22,7.543525755515341,4,"['Ag', 'O', 'Pt', 'Ru']",Ag-O-Pt-Ru,Ag4Ru3PtO14
mp-3205514,Ag2RuPtO7,0.0,-0.589526491022729,0.0,True,True,22,8.147403684772408,4,"['Ag', 'O', 'Pt', 'Ru']",Ag-O-Pt-Ru,Ag2RuPtO7
mp-3206352,Ag4Te3PtO14,0.0,-0.7365648942045451,0.0,True,True,22,7.574078675884858,4,"['Ag', 'O', 'Pt', 'Te']",Ag-O-Pt-Te,Ag4Te3PtO14
mp-3205023,YAgPt2O7,0.038999999999999,-1.347348671931818,0.0,False,True,22,8.919279659425758,4,"['Ag', 'O', 'Pt', 'Y']",Ag-O-Pt-Y,YAgPt2O7
mp-3205081,Y3Ag(Pt2O7)2,0.292599999999999,-1.808086296704544,0.0,False,True,22,8.717096599735854,4,"['Ag', 'O', 'Pt', 'Y']",Ag-O-Pt-Y,Y3Ag(Pt2O7)2
mp-3215403,ZrAg3(Pt2O7)2,0.0,-0.9147338355681812,0.0,True,True,22,9.307603533976929,4,"['Ag', 'O', 'Pt', 'Zr']",Ag-O-Pt-Zr,ZrAg3(Pt2O7)2
mp-553907,Rb3AgO2,1.5162,-1.127836472881943,0.0,False,True,96,4.213513888100327,3,"['Ag', 'O', 'Rb']",Ag-O-Rb,Rb3AgO2
mp-8603,RbAgO,1.4174,-0.9997084205555552,0.0,False,True,12,4.749830446430842,3,"['Ag', 'O', 'Rb']",Ag-O-Rb,RbAgO
mp-975421,RbAgO3,0.0,-0.453735536833333,0.353712061000001,True,False,5,5.199083434449306,3,"['Ag', 'O', 'Rb']",Ag-O-Rb,RbAgO3
mp-997052,RbAgO2,1.0399,-1.009309497291665,0.0,False,True,8,4.436788514976738,3,"['Ag', 'O', 'Rb']",Ag-O-Rb,RbAgO2
mp-3313597,Rb3(AgO2)2,0.5251,-0.903522679305556,0.0,False,True,18,4.802257464311578,3,"['Ag', 'O', 'Rb']",Ag-O-Rb,Rb3(AgO2)2
mp-3203979,Rb2Ag(TeO4)3,0.497599999999999,-1.091596336805554,0.0,False,True,18,5.356774616723011,4,"['Ag', 'O', 'Rb', 'Te']",Ag-O-Rb-Te,Rb2Ag(TeO4)3
mp-7094,ReAgO4,2.3102,-1.707686205694444,0.0,False,True,12,7.150123286858055,3,"['Ag', 'O', 'Re']",Ag-O-Re,ReAgO4
mp-1209150,ReAgO2,0.0,-0.492275677916666,0.930716991666668,True,False,16,9.96771560106457,3,"['Ag', 'O', 'Re']",Ag-O-Re,ReAgO2
mp-1018033,AgRhO2,0.621799999999999,-0.8739557429166651,0.040260303333333,False,False,4,7.558340990326247,3,"['Ag', 'O', 'Rh']",Ag-O-Rh,AgRhO2
mp-3309393,Ag7Rh(SO4)6,0.0,-1.07142422768092,0.0,True,True,38,4.894664231551984,4,"['Ag', 'O', 'Rh', 'S']",Ag-O-Rh-S,Ag7Rh(SO4)6
mp-1214944,AgRh(SO4)2,1.1739,-1.462700816388887,0.0,False,True,12,4.246908140287553,4,"['Ag', 'O', 'Rh', 'S']",Ag-O-Rh-S,AgRh(SO4)2
mp-761035,AgRuO4,0.0,-1.012188526944443,0.0,True,True,12,5.92482493712031,3,"['Ag', 'O', 'Ru']",Ag-O-Ru,AgRuO4
mp-510453,Ag3RuO4,0.0,-0.7097687249999981,0.065860125000002,True,False,32,7.231418859075018,3,"['Ag', 'O', 'Ru']",Ag-O-Ru,Ag3RuO4
mp-776168,AgRuO3,0.0,-0.9938485823333332,0.057777263,True,False,20,6.427025653696133,3,"['Ag', 'O', 'Ru']",Ag-O-Ru,AgRuO3
mp-3211202,Sr3AgRuO6,0.704299999999999,-2.175196405681819,0.0,False,True,22,5.9902261423638015,4,"['Ag', 'O', 'Ru', 'Sr']",Ag-O-Ru-Sr,Sr3AgRuO6
mp-3216007,YAg3(Ru2O7)2,0.0,-1.203215338977271,0.0,True,True,22,6.6932719027068375,4,"['Ag', 'O', 'Ru', 'Y']",Ag-O-Ru-Y,YAg3(Ru2O7)2
mp-660503,Ag2SO4,1.321,-1.226019764404761,0.030593032857141,False,False,14,5.088285177881256,3,"['Ag', 'O', 'S']",Ag-O-S,Ag2SO4
mp-1006372,AgSO4,0.0,-1.3589313423611111,0.011683758124999,True,False,12,4.208178407169784,3,"['Ag', 'O', 'S']",Ag-O-S,AgSO4
mp-1192057,Ag2S2O7,2.301599999999999,-1.405542329848484,0.0,False,True,22,4.598442833041431,3,"['Ag', 'O', 'S']",Ag-O-S,Ag2S2O7
mp-30982,Ag2SO3,2.3467,-1.051903536388888,0.076836849374998,False,False,24,5.263335487388361,3,"['Ag', 'O', 'S']",Ag-O-S,Ag2SO3
mp-1215021,Ag2SO2,0.0,-0.119011131666665,0.830707877999998,True,False,20,4.812033958245735,3,"['Ag', 'O', 'S']",Ag-O-S,Ag2SO2
mp-555015,SiAg6SO8,0.0,-1.285976503593748,0.0,True,True,32,6.09093920501065,4,"['Ag', 'O', 'S', 'Si']",Ag-O-S-Si,SiAg6SO8
mp-559745,SiAg8(SO2)2,0.0,-0.5418326168888871,0.476033356166664,True,False,30,6.207738995562392,4,"['Ag', 'O', 'S', 'Si']",Ag-O-S-Si,SiAg8(SO2)2
mp-1198966,SiAg2(S2O7)3,3.529599999999999,-1.69300184611111,0.0,False,True,180,3.129228723564579,4,"['Ag', 'O', 'S', 'Si']",Ag-O-S-Si,SiAg2(S2O7)3
mp-1197599,Ag2Sn(S2O7)3,2.4602,-1.616673894666667,0.0,False,True,180,3.239771500006885,4,"['Ag', 'O', 'S', 'Sn']",Ag-O-S-Sn,Ag2Sn(S2O7)3
mp-1199607,Ag4TeSO4,0.6883,-0.967041778583332,0.0,False,True,40,6.023163941035384,4,"['Ag', 'O', 'S', 'Te']",Ag-O-S-Te,Ag4TeSO4
mp-3203807,TiAg7(SO4)6,0.0,-1.282107688119515,0.0,True,True,38,4.586925509057472,4,"['Ag', 'O', 'S', 'Ti']",Ag-O-S-Ti,TiAg7(SO4)6
mp-1207873,VAg(SO4)2,1.6570999999999991,-1.843689899722222,0.001714150520831,False,False,12,3.637833277470166,4,"['Ag', 'O', 'S', 'V']",Ag-O-S-V,VAg(SO4)2
mp-3309450,VAg7(SO4)6,0.387699999999999,-1.219732132417762,0.0,False,True,38,4.581908912710984,4,"['Ag', 'O', 'S', 'V']",Ag-O-S-V,VAg7(SO4)6
mp-766328,Ag7Sb9O25,0.398299999999999,-1.435631241382114,0.066579815670731,False,False,41,6.644158474971419,3,"['Ag', 'O', 'Sb']",Ag-O-Sb,Ag7Sb9O25
mp-677054,AgSbO3,0.0,-1.367956170999999,0.076518499333332,True,False,60,6.448360239734785,3,"['Ag', 'O', 'Sb']",Ag-O-Sb,AgSbO3
mp-1202934,Ag3SbO4,0.0,-0.9961129615624992,0.025046404062499,True,False,32,7.58613232291104,3,"['Ag', 'O', 'Sb']",Ag-O-Sb,Ag3SbO4
mp-3309417,AgSb5O13,0.8132,-1.415977429407894,0.0,False,True,38,6.297163497634179,3,"['Ag', 'O', 'Sb']",Ag-O-Sb,AgSb5O13
mp-1214924,AgSbO12,0.0,0.5600413391666661,1.075925150000002,True,False,28,4.811818282300362,3,"['Ag', 'O', 'Sb']",Ag-O-Sb,AgSbO12
mp-1229079,AgSbWO7,0.0,-1.508686119666665,0.089895458125,True,False,20,6.166234105804218,4,"['Ag', 'O', 'Sb', 'W']",Ag-O-Sb-W,AgSbWO7
mp-3271353,ZnAg5SbO6,0.0612,-0.824790623269233,0.0,False,True,26,7.853927725456157,4,"['Ag', 'O', 'Sb', 'Zn']",Ag-O-Sb-Zn,ZnAg5SbO6
mp-1344766,Zn2AgSbO6,0.037199999999999,-1.366911491166666,0.112152593666667,False,False,20,6.4270989727966,4,"['Ag', 'O', 'Sb', 'Zn']",Ag-O-Sb-Zn,Zn2AgSbO6
mp-776150,ScAgO3,0.361199999999999,-2.110980848333333,0.060727018708331,False,False,10,5.052178605566008,3,"['Ag', 'O', 'Sc']",Ag-O-Sc,ScAgO3
mp-1096798,ScAgO2,1.7866,-2.515877954166665,0.108271706249973,False,False,4,5.653929849802206,3,"['Ag', 'O', 'Sc']",Ag-O-Sc,ScAgO2
mp-3239938,Sc3AgO,0.0,-1.43064672975,0.0,True,True,5,5.051596894294475,3,"['Ag', 'O', 'Sc']",Ag-O-Sc,Sc3AgO
mp-3209857,ScV2AgO7,1.9805,-2.537573035568181,0.0,False,True,11,4.024739809731212,4,"['Ag', 'O', 'Sc', 'V']",Ag-O-Sc-V,ScV2AgO7
mp-663172,Ag2SeO4,0.4815,-0.8245452429538681,0.015562147142851,False,False,14,5.4150943992715295,3,"['Ag', 'O', 'Se']",Ag-O-Se,Ag2SeO4
mp-16913,Ag2SeO3,1.7022,-0.8250872030295131,0.0,False,True,24,6.00462026596979,3,"['Ag', 'O', 'Se']",Ag-O-Se,Ag2SeO3
mp-1215036,Ag2SeO2,0.154,-0.099599672135416,0.6044530208333321,False,False,20,3.987585618991947,3,"['Ag', 'O', 'Se']",Ag-O-Se,Ag2SeO2
mp-558289,UAg2(SeO4)2,1.4654,-1.771008178693908,0.0,False,True,52,5.772058924895493,4,"['Ag', 'O', 'Se', 'U']",Ag-O-Se-U,UAg2(SeO4)2
mp-557135,VAgSeO5,0.9513,-1.546204202688799,0.0,False,True,32,4.884291457419805,4,"['Ag', 'O', 'Se', 'V']",Ag-O-Se-V,VAgSeO5
mp-651688,Si4Ag10O13,0.273099999999999,-1.573383533395061,0.056560318209877,False,False,54,6.010221920033758,3,"['Ag', 'O', 'Si']",Ag-O-Si,Si4Ag10O13
mp-541728,Si2Ag6O7,0.33,-1.449326668166665,0.049186184055552,False,False,60,6.220687062223132,3,"['Ag', 'O', 'Si']",Ag-O-Si,Si2Ag6O7
mp-556164,Si(AgO)4,0.6733,-1.2817707551851831,0.019595597962959,False,False,18,6.668741908810977,3,"['Ag', 'O', 'Si']",Ag-O-Si,Si(AgO)4
mp-1186999,SiAgO3,0.0,-1.654687447333333,0.486040065333336,True,False,5,6.432114179278898,3,"['Ag', 'O', 'Si']",Ag-O-Si,SiAgO3
mp-1205049,SiAg5O4,0.7138000000000001,-1.124494541083332,0.046735176749999,False,False,40,7.070107203563979,3,"['Ag', 'O', 'Si']",Ag-O-Si,SiAg5O4
mp-28195,SiAg2O3,0.6373000000000001,-1.7507133280555551,0.043519272777777,False,False,24,5.748242855769614,3,"['Ag', 'O', 'Si']",Ag-O-Si,SiAg2O3
mp-1208960,Si2Ag2O5,1.2165,-2.225290058981481,0.061808789537037,False,False,36,4.389813565353269,3,"['Ag', 'O', 'Si']",Ag-O-Si,Si2Ag2O5
mp-1209067,Si(AgO)2,0.0,-0.793471649166665,1.170227157166669,True,False,20,4.682392130746327,3,"['Ag', 'O', 'Si']",Ag-O-Si,Si(AgO)2
mp-1094028,TiSiAg2O5,1.334,-2.303131396296296,0.062375488240737,False,False,18,5.190748696141693,4,"['Ag', 'O', 'Si', 'Ti']",Ag-O-Si-Ti,TiSiAg2O5
mp-1207721,YSi2Ag3O7,1.3627999999999991,-2.373460021282052,0.044191751762822,False,False,78,5.168644085322941,4,"['Ag', 'O', 'Si', 'Y']",Ag-O-Si-Y,YSi2Ag3O7
mp-1263117,Zn3Si4(AgO7)2,0.573599999999999,-2.164821830362317,0.101023676195652,False,False,46,4.27021312495979,4,"['Ag', 'O', 'Si', 'Zn']",Ag-O-Si-Zn,Zn3Si4(AgO7)2
mp-1324601,Zn3Si3(AgO6)2,0.0,-1.844965469666666,0.269832161291667,True,False,80,5.220910484310764,4,"['Ag', 'O', 'Si', 'Zn']",Ag-O-Si-Zn,Zn3Si3(AgO6)2
mp-9359,ZnSi(AgO2)2,0.607499999999999,-1.764212550416665,0.038422527604167,False,False,16,5.70457651359044,4,"['Ag', 'O', 'Si', 'Zn']",Ag-O-Si-Zn,ZnSi(AgO2)2
mp-753226,SmAgO2,2.5292,-2.539877864166665,0.0,False,True,4,6.793242957255617,3,"['Ag', 'O', 'Sm']",Ag-O-Sm,SmAgO2
mp-3263155,Sm(AgO2)2,0.0,-1.506024131428572,0.0,True,True,14,7.833758317799488,3,"['Ag', 'O', 'Sm']",Ag-O-Sm,Sm(AgO2)2
mp-1075933,SmAgO3,0.0,-1.694632306333333,0.423685473958332,True,False,5,7.548294383676719,3,"['Ag', 'O', 'Sm']",Ag-O-Sm,SmAgO3
mp-1076848,Sm2Ag2O5,0.0,-2.162701749259259,0.179525961805554,True,False,18,7.207784734445506,3,"['Ag', 'O', 'Sm']",Ag-O-Sm,Sm2Ag2O5
mp-1208979,SmAg(WO4)2,3.13904348047506,-2.368025070138888,0.0,False,True,24,7.926738464417057,4,"['Ag', 'O', 'Sm', 'W']",Ag-O-Sm-W,SmAg(WO4)2
mp-755834,AgSnO3,0.0,-1.349847933333332,0.091669975999994,True,False,10,6.775067906671611,3,"['Ag', 'O', 'Sn']",Ag-O-Sn,AgSnO3
mp-759209,Ag2SnO3,0.0,-1.199544141805554,0.01201378958333,True,False,24,7.189156422210929,3,"['Ag', 'O', 'Sn']",Ag-O-Sn,Ag2SnO3
mp-3202930,ZnAg2SnO4,0.631999999999999,-1.186680709999999,0.0,False,True,8,7.132619076418937,4,"['Ag', 'O', 'Sn', 'Zn']",Ag-O-Sn-Zn,ZnAg2SnO4
mp-3258710,SrAg3O4,0.0,-0.9920413206249992,0.0,True,True,16,7.085693792494059,3,"['Ag', 'O', 'Sr']",Ag-O-Sr,SrAg3O4
mp-979294,SrAgO3,0.0,-1.386157267333332,0.114335769999995,True,False,5,5.822637136845708,3,"['Ag', 'O', 'Sr']",Ag-O-Sr,SrAgO3
mp-997085,SrAgO2,0.0,-1.824237780416666,0.015618556249998,True,False,8,6.224173178264614,3,"['Ag', 'O', 'Sr']",Ag-O-Sr,SrAgO2
mp-27352,Sr(Ag3O2)2,1.029699999999999,-0.8542381654545431,0.0,False,True,44,7.320905973344463,3,"['Ag', 'O', 'Sr']",Ag-O-Sr,Sr(Ag3O2)2
mp-3304349,Sr(AgO2)2,1.2892,-1.126787715714284,0.0,False,True,14,6.328093136406949,3,"['Ag', 'O', 'Sr']",Ag-O-Sr,Sr(AgO2)2
mp-555885,SrV4(AgO6)2,2.0861,-2.211843805964912,0.0,False,True,38,3.9588339683970393,4,"['Ag', 'O', 'Sr', 'V']",Ag-O-Sr-V,SrV4(AgO6)2
mp-771241,Ta3AgO8,2.345299999999999,-2.944382028847221,0.023314943333335,False,False,48,8.35001291159406,3,"['Ag', 'O', 'Ta']",Ag-O-Ta,Ta3AgO8
mp-1187189,TaAgO3,1.7306,-2.392283956799998,0.045000392499996,False,False,5,8.743087804133681,3,"['Ag', 'O', 'Ta']",Ag-O-Ta,TaAgO3
mp-1203398,Ta4Ag2O11,2.3939999999999992,-2.794109930745097,0.017583328823533,False,False,34,8.969128613410852,3,"['Ag', 'O', 'Ta']",Ag-O-Ta,Ta4Ag2O11
mp-1208376,TbTa5Ag2O15,2.5293,-3.001481598550724,0.050013007608701,False,False,46,8.090039071831459,4,"['Ag', 'O', 'Ta', 'Tb']",Ag-O-Ta-Tb,TbTa5Ag2O15
mp-3210636,TaAg2TeO7,0.0,-1.456830057598484,0.0,True,True,22,7.569193889198378,4,"['Ag', 'O', 'Ta', 'Te']",Ag-O-Ta-Te,TaAg2TeO7
mp-3212242,TaAg4Te3O14,0.0,-1.151483551810604,0.0,True,True,22,7.232400410475316,4,"['Ag', 'O', 'Ta', 'Te']",Ag-O-Ta-Te,TaAg4Te3O14
mp-1207743,TmTa5Ag2O15,2.5128,-2.9875856015217392,0.068525081086962,False,False,46,8.184094650782384,4,"['Ag', 'O', 'Ta', 'Tm']",Ag-O-Ta-Tm,TmTa5Ag2O15
mp-1218048,TaAgWO7,0.0,-2.022998656399999,0.118313455541667,True,False,20,6.740910851282894,4,"['Ag', 'O', 'Ta', 'W']",Ag-O-Ta-W,TaAgWO7
mp-3295176,Yb2Ta(AgO2)3,0.0,-2.185305817624999,0.485519551944449,True,False,36,8.868206231579842,4,"['Ag', 'O', 'Ta', 'Yb']",Ag-O-Ta-Yb,Yb2Ta(AgO2)3
mp-1377924,TaZn2AgO6,0.183599999999999,-1.8639964069,0.119684275666665,False,False,20,7.301417279797965,4,"['Ag', 'O', 'Ta', 'Zn']",Ag-O-Ta-Zn,TaZn2AgO6
mp-3247940,Tb(AgO2)2,0.0,-1.53289819642857,0.0,True,True,14,8.246678676048376,3,"['Ag', 'O', 'Tb']",Ag-O-Tb,Tb(AgO2)2
mp-1208373,TbAg(WO4)2,3.111701486370692,-2.377185793194444,0.001961689114587,False,False,24,8.247213378741172,4,"['Ag', 'O', 'Tb', 'W']",Ag-O-Tb-W,TbAg(WO4)2
mp-7206,TcAgO4,1.6034,-1.52597048111111,0.0,False,True,12,5.565161109707231,3,"['Ag', 'O', 'Tc']",Ag-O-Tc,TcAgO4
mp-1208337,TcAgO2,0.0,-0.622026011041666,0.7904975133333341,True,False,16,7.245028526040164,3,"['Ag', 'O', 'Tc']",Ag-O-Tc,TcAgO2
mp-755598,Ag2TeO4,0.020399999999999,-0.8765712135714281,0.087907111428569,False,False,14,5.9550754868196965,3,"['Ag', 'O', 'Te']",Ag-O-Te,Ag2TeO4
mp-3282387,Ag6TeO6,0.0,-0.5068969232692291,0.0,True,True,26,7.714152626221663,3,"['Ag', 'O', 'Te']",Ag-O-Te,Ag6TeO6
mp-13211,Ag2Te2O7,0.0,-1.100079193787878,0.001563792727274,True,False,22,6.878980581320274,3,"['Ag', 'O', 'Te']",Ag-O-Te,Ag2Te2O7
mp-554357,Ag4TeO5,0.004199999999999,-0.771264614333333,0.0,False,True,40,7.757987894218503,3,"['Ag', 'O', 'Te']",Ag-O-Te,Ag4TeO5
mp-558637,AgTeO3,1.6662,-1.125950917416666,0.02047434975,False,False,40,6.550947813132411,3,"['Ag', 'O', 'Te']",Ag-O-Te,AgTeO3
mp-561380,Ag2Te4O11,1.1402,-1.243297442647058,0.014898403823534,False,False,34,6.707920927921428,3,"['Ag', 'O', 'Te']",Ag-O-Te,Ag2Te4O11
mp-1182991,Ag2TeO6,0.0,-0.538682968888888,0.265777035925927,True,False,18,5.313223654483256,3,"['Ag', 'O', 'Te']",Ag-O-Te,Ag2TeO6
mp-18068,Ag2TeO3,1.627299999999999,-0.906198577083332,0.049155812222223,False,False,24,6.658987119565562,3,"['Ag', 'O', 'Te']",Ag-O-Te,Ag2TeO3
mp-3207977,TiAg4Te3O14,0.0,-1.115588856780303,0.0,True,True,22,6.679634278934911,4,"['Ag', 'O', 'Te', 'Ti']",Ag-O-Te-Ti,TiAg4Te3O14
mp-3211989,TiAg2(TeO4)3,1.3366,-1.275888207870369,0.0,False,True,18,5.367939101276053,4,"['Ag', 'O', 'Te', 'Ti']",Ag-O-Te-Ti,TiAg2(TeO4)3
mp-1191720,TlAgTeO3,2.254299999999999,-1.085615026527778,0.044003400231478,False,False,24,7.092019790697758,4,"['Ag', 'O', 'Te', 'Tl']",Ag-O-Te-Tl,TlAgTeO3
mp-3276191,VAg4Te3O14,0.0,-1.032716876477275,0.0,True,True,22,6.690392129344699,4,"['Ag', 'O', 'Te', 'V']",Ag-O-Te-V,VAg4Te3O14
mp-645743,VAgTeO5,2.607999999999999,-1.641256086354165,0.021185271874991,False,False,32,5.265558960632551,4,"['Ag', 'O', 'Te', 'V']",Ag-O-Te-V,VAgTeO5
mp-1204185,Ag6Te4W3O20,2.4678,-1.408657404595959,0.045036119583333,False,False,66,6.718062906944417,4,"['Ag', 'O', 'Te', 'W']",Ag-O-Te-W,Ag6Te4W3O20
mp-3207114,ZnAg3(TeO4)4,0.250799999999999,-0.8820985670833321,0.0,False,True,24,6.707120066715491,4,"['Ag', 'O', 'Te', 'Zn']",Ag-O-Te-Zn,ZnAg3(TeO4)4
mp-3216004,ZrAg4Te3O14,0.0,-1.163056640795454,0.0,True,True,22,6.670234883752893,4,"['Ag', 'O', 'Te', 'Zr']",Ag-O-Te-Zr,ZrAg4Te3O14
mp-29160,TiAg2O3,1.2698,-1.872129730694444,0.039714924166665,False,False,24,6.202128190969825,3,"['Ag', 'O', 'Ti']",Ag-O-Ti,TiAg2O3
mp-3214037,Ti2V3AgO12,1.7822,-2.574930815462961,0.0,False,True,36,3.423251717094303,4,"['Ag', 'O', 'Ti', 'V']",Ag-O-Ti-V,Ti2V3AgO12
mp-997010,TlAgO2,0.0,-0.817037913750001,0.0,True,True,8,8.767590575771955,3,"['Ag', 'O', 'Tl']",Ag-O-Tl,TlAgO2
mp-18853,TlV2AgO6,2.153299999999999,-1.896817975,0.0,False,True,20,5.071139066639604,4,"['Ag', 'O', 'Tl', 'V']",Ag-O-Tl-V,TlV2AgO6
mp-1208042,TmAg(WO4)2,3.1444,-2.379088800555556,0.008676984322923,False,False,24,8.207523391570762,4,"['Ag', 'O', 'Tm', 'W']",Ag-O-Tm-W,TmAg(WO4)2
mp-622619,UVAgO6,1.6036,-2.566959402962963,0.013429419722223,False,False,36,6.055153373852065,4,"['Ag', 'O', 'U', 'V']",Ag-O-U-V,UVAgO6
mp-1217056,U7V5Ag3O35,1.0793,-2.8659245516,0.008436344749984,False,False,50,5.725387907224218,4,"['Ag', 'O', 'U', 'V']",Ag-O-U-V,U7V5Ag3O35
mp-705061,UAg2(WO5)2,1.0923,-2.179834346388887,0.014999232333334,False,False,60,7.568962044301435,4,"['Ag', 'O', 'U', 'W']",Ag-O-U-W,UAg2(WO5)2
mp-757033,V6AgO15,0.0,-2.174808889621211,0.02878973545455,True,False,44,3.958282344303172,3,"['Ag', 'O', 'V']",Ag-O-V,V6AgO15
mp-758198,V4(AgO4)3,0.0,-1.7922072797368431,0.026136835131559,True,False,38,4.69215871583695,3,"['Ag', 'O', 'V']",Ag-O-V,V4(AgO4)3
mp-624691,VAgO3,1.9188999999999992,-1.731810440833332,0.023145989000012,False,False,20,4.679945601066319,3,"['Ag', 'O', 'V']",Ag-O-V,VAgO3
mp-863411,V18Ag7O48,0.7470000000000001,-2.048039243995434,0.000728308561659,False,False,73,4.173018248967423,3,"['Ag', 'O', 'V']",Ag-O-V,V18Ag7O48
mp-1100952,V16Ag7O40,0.4256,-2.027801640820106,0.043771964047619,False,False,63,4.551978339187371,3,"['Ag', 'O', 'V']",Ag-O-V,V16Ag7O40
mp-1100976,V3AgO8,1.162,-2.074051041805555,0.0,False,True,24,4.338611760384768,3,"['Ag', 'O', 'V']",Ag-O-V,V3AgO8
mp-1197838,V2Ag4O7,1.206499999999999,-1.395725002099358,0.043596969759613,False,False,208,5.79528427860328,3,"['Ag', 'O', 'V']",Ag-O-V,V2Ag4O7
mp-1207863,V(AgO)4,0.0,-1.057459651851851,0.046585179814797,True,False,9,6.412175984398501,3,"['Ag', 'O', 'V']",Ag-O-V,V(AgO)4
mp-18889,VAg3O4,0.8996000000000001,-1.242050435624999,0.0,False,True,16,6.307370636295183,3,"['Ag', 'O', 'V']",Ag-O-V,VAg3O4
mp-19402,V4Ag2O11,1.0019,-1.969933968137255,0.010265717205911,False,False,17,4.865151399457248,3,"['Ag', 'O', 'V']",Ag-O-V,V4Ag2O11
mp-1216506,V4AgO10,0.0,-2.11993409211111,0.043800376666661,True,False,15,3.914537346991882,3,"['Ag', 'O', 'V']",Ag-O-V,V4AgO10
mp-1216989,V12Ag5O32,0.4155,-2.03131813547619,0.005065667244911,False,False,49,4.213669738032697,3,"['Ag', 'O', 'V']",Ag-O-V,V12Ag5O32
mp-3206449,Zr2V3AgO12,2.5237,-2.737030334444445,0.0,False,True,36,3.600699068867709,4,"['Ag', 'O', 'V', 'Zr']",Ag-O-V-Zr,Zr2V3AgO12
mp-32537,Ag2W2O7,1.9614,-1.646673068484848,0.032762061136363,False,False,22,7.061486275168498,3,"['Ag', 'O', 'W']",Ag-O-W,Ag2W2O7
mp-637188,Ag2WO4,1.7809,-1.345724475654761,0.041467524285714,False,False,56,7.533937545838218,3,"['Ag', 'O', 'W']",Ag-O-W,Ag2WO4
mp-1376266,YAg(WO4)2,2.1664,-2.356633354305555,0.008351727083333,False,False,24,7.07213823814331,4,"['Ag', 'O', 'W', 'Y']",Ag-O-W-Y,YAg(WO4)2
mp-1378705,Zn2AgWO6,0.0,-1.582837516666666,0.098380724125,True,False,20,7.186506200758625,4,"['Ag', 'O', 'W', 'Zn']",Ag-O-W-Zn,Zn2AgWO6
mp-3260317,Y(AgO2)2,0.0,-1.522247175714284,0.0,True,True,14,6.965273822557231,3,"['Ag', 'O', 'Y']",Ag-O-Y,Y(AgO2)2
mp-1369676,YAgO3,0.000999999999999,-2.153766481666667,0.010511026374999,False,False,30,5.936794741524685,3,"['Ag', 'O', 'Y']",Ag-O-Y,YAgO3
mp-1094026,Y3AgO5,1.2052,-2.998668174074074,0.353717976527763,False,False,27,5.256731712925696,3,"['Ag', 'O', 'Y']",Ag-O-Y,Y3AgO5
mp-30250,YAgO2,2.4154,-2.600528935416664,0.0,False,True,8,5.7628226352971215,3,"['Ag', 'O', 'Y']",Ag-O-Y,YAgO2
mp-13166,YbAgO2,0.0,-2.604032006874998,0.0,True,True,4,8.38490748402982,3,"['Ag', 'O', 'Yb']",Ag-O-Yb,YbAgO2
mp-3246398,Yb(AgO2)2,0.0,-1.477698696428571,0.071865433125008,True,False,14,8.85189178706192,3,"['Ag', 'O', 'Yb']",Ag-O-Yb,Yb(AgO2)2
mp-754444,Zn(AgO2)2,0.2388,-0.6901034161904751,0.089212825476189,False,False,14,5.85438645800989,3,"['Ag', 'O', 'Zn']",Ag-O-Zn,Zn(AgO2)2
mp-1337210,Zn2Ag2O5,0.0,-0.49468155537037,0.509430879814813,True,False,18,5.563905599153224,3,"['Ag', 'O', 'Zn']",Ag-O-Zn,Zn2Ag2O5
mp-1186439,Pm2AgOs,0.0,-0.191615904999999,0.0,True,True,4,10.709482176088349,3,"['Ag', 'Os', 'Pm']",Ag-Os-Pm,Pm2AgOs
mp-3214672,Y20Ag6OsRu,0.0,-0.241539123749995,0.0,True,True,28,5.927193352398894,4,"['Ag', 'Os', 'Ru', 'Y']",Ag-Os-Ru-Y,Y20Ag6OsRu
mp-3213540,Ag2Sn3OsS8,1.168,-0.448256016607142,0.0,False,True,14,5.620892191888084,4,"['Ag', 'Os', 'S', 'Sn']",Ag-Os-S-Sn,Ag2Sn3OsS8
mp-862431,Sc2AgOs,0.0,-0.374696962916667,0.0,True,True,4,9.022471088391644,3,"['Ag', 'Os', 'Sc']",Ag-Os-Sc,Sc2AgOs
mp-3315354,Sc11AgOs3,0.0,-0.353312403333332,0.0,True,True,30,6.31544099606192,3,"['Ag', 'Os', 'Sc']",Ag-Os-Sc,Sc11AgOs3
mp-3207677,Sc22Tc5Ag2Os,0.0,-0.203363565666668,0.0,True,True,30,5.01378671047034,4,"['Ag', 'Os', 'Sc', 'Tc']",Ag-Os-Sc-Tc,Sc22Tc5Ag2Os
mp-3212175,Sc22TcAg2Os5,0.0,-0.324135525,0.0,True,True,30,6.054260879310758,4,"['Ag', 'Os', 'Sc', 'Tc']",Ag-Os-Sc-Tc,Sc22TcAg2Os5
mp-3216155,Sc22Tc4Ag3Os,0.0,-0.205162250833332,0.0,True,True,30,4.962461647171625,4,"['Ag', 'Os', 'Sc', 'Tc']",Ag-Os-Sc-Tc,Sc22Tc4Ag3Os
mp-3222855,Th3Ag2Sn3Os,0.0,-0.454351026666662,0.0,True,True,9,10.956929754360226,4,"['Ag', 'Os', 'Sn', 'Th']",Ag-Os-Sn-Th,Th3Ag2Sn3Os
mp-865279,Tm2AgOs,0.0,-0.398710633749999,0.0,True,True,4,13.086699754874564,3,"['Ag', 'Os', 'Tm']",Ag-Os-Tm,Tm2AgOs
mp-1097683,Y2AgOs,0.0,2.285145984218751,2.611817697500001,True,False,4,0.694528102276994,3,"['Ag', 'Os', 'Y']",Ag-Os-Y,Y2AgOs
mp-8200,AgP2,0.6586999999999991,-0.038252180317459,0.000919511363637,False,False,12,4.98170620894439,2,"['Ag', 'P']",Ag-P,AgP2
mp-1195243,AgP15,1.2132,0.002923476897322,0.016388745912699,False,False,32,2.777913859471782,2,"['Ag', 'P']",Ag-P,AgP15
mp-985295,Ag3P,0.0,0.205422325846861,0.220111710227271,True,False,4,8.421605195423677,2,"['Ag', 'P']",Ag-P,Ag3P
mp-27821,Ag3P11,0.8305999999999991,-0.046166636624148,0.0,False,True,14,3.854411510979593,2,"['Ag', 'P']",Ag-P,Ag3P11
mp-1078079,AgPPd5,0.0,-0.297488465187073,0.006591457460317,True,False,7,10.097154607475742,3,"['Ag', 'P', 'Pd']",Ag-P-Pd,AgPPd5
mp-3294879,Ag3(P3Pd10)2,0.0,-0.435733552512311,0.0,True,True,29,10.025857975118278,3,"['Ag', 'P', 'Pd']",Ag-P-Pd,Ag3(P3Pd10)2
mp-1219728,PrZnAgP2,0.259199999999999,-0.659099192523808,0.032994737729167,False,False,5,5.976811003967612,4,"['Ag', 'P', 'Pr', 'Zn']",Ag-P-Pr-Zn,PrZnAgP2
mp-1025385,AgPPt5,0.0,-0.210575465068034,0.035366842857143,True,False,7,16.551072170711873,3,"['Ag', 'P', 'Pt']",Ag-P-Pt,AgPPt5
mp-1195102,RbAg5(PS4)2,1.162499999999999,-0.5652161298511891,0.00232837375,False,False,128,4.255776533341282,4,"['Ag', 'P', 'Rb', 'S']",Ag-P-Rb-S,RbAg5(PS4)2
mp-1105212,Rb2AgPS4,2.2636,-0.9908134589136892,0.0,False,True,16,3.175546332023303,4,"['Ag', 'P', 'Rb', 'S']",Ag-P-Rb-S,Rb2AgPS4
mp-3204472,RbAgP2Se5,2.1173,-0.450586513334987,0.0,False,True,36,4.049167595506701,4,"['Ag', 'P', 'Rb', 'Se']",Ag-P-Rb-Se,RbAgP2Se5
mp-3207045,Rb2AgPSe4,1.7532,-0.7672164189657731,0.0,False,True,16,4.15079353256835,4,"['Ag', 'P', 'Rb', 'Se']",Ag-P-Rb-Se,Rb2AgPSe4
mp-1199727,Rb2Ag2Sn(PSe3)3,1.5971,-0.677976867550332,0.0,False,True,68,4.354544149106854,5,"['Ag', 'P', 'Rb', 'Se', 'Sn']",Ag-P-Rb-Se-Sn,Rb2Ag2Sn(PSe3)3
mp-3223860,ThAgPRu2,0.0,-0.7389145595952351,0.0,True,True,10,10.702540845254228,4,"['Ag', 'P', 'Ru', 'Th']",Ag-P-Ru-Th,ThAgPRu2
mp-683910,Ag7P3S11,1.455899999999999,-0.232467901620617,0.019160843571428,False,False,84,4.356091101934834,3,"['Ag', 'P', 'S']",Ag-P-S,Ag7P3S11
mp-12459,Ag3PS4,0.9914,-0.256124809903273,0.0,False,True,16,4.664243421077399,3,"['Ag', 'P', 'S']",Ag-P-S,Ag3PS4
mp-5470,AgPS3,1.3228,-0.232501206282736,0.004740131833317,False,False,10,3.508777848132174,3,"['Ag', 'P', 'S']",Ag-P-S,AgPS3
mp-558469,Ag2PS3,1.9254,-0.245700197167034,0.001668869900175,False,False,72,4.314293549341161,3,"['Ag', 'P', 'S']",Ag-P-S,Ag2PS3
mp-1197032,Ag7PS6,0.9116,-0.193609917667942,0.003478773392854,False,False,56,5.564568604235669,3,"['Ag', 'P', 'S']",Ag-P-S,Ag7PS6
mp-27482,Ag4P2S7,1.6556,-0.242276504215866,0.006585431923079,False,False,26,4.118411402268162,3,"['Ag', 'P', 'S']",Ag-P-S,Ag4P2S7
mp-8616,ScAg(PS3)2,2.032499999999999,-0.954016906095236,0.0,False,True,20,2.766409561178501,4,"['Ag', 'P', 'S', 'Sc']",Ag-P-S-Sc,ScAg(PS3)2
mp-623058,Ti2Ag2P2S11,0.6643,-0.88437805392857,0.00293610526961,False,False,68,3.288496534085386,4,"['Ag', 'P', 'S', 'Ti']",Ag-P-S-Ti,Ti2Ag2P2S11
mp-1195546,Tl5Ag3(PS3)4,1.6724,-0.5833625858432541,0.0,False,True,48,5.019639753415953,4,"['Ag', 'P', 'S', 'Tl']",Ag-P-S-Tl,Tl5Ag3(PS3)4
mp-6462,VAg(PS3)2,0.0,-0.678684387095236,0.006869796291665,True,False,20,2.971616912070223,4,"['Ag', 'P', 'S', 'V']",Ag-P-S-V,VAg(PS3)2
mp-561467,YAg3(PS4)2,2.004099999999999,-0.8265402456632631,0.0,False,True,28,3.809086037520696,4,"['Ag', 'P', 'S', 'Y']",Ag-P-S-Y,YAg3(PS4)2
mp-558807,ZnAgPS4,2.193399999999999,-0.6447761691156451,0.0,False,True,28,3.662239614999156,4,"['Ag', 'P', 'S', 'Zn']",Ag-P-S-Zn,ZnAgPS4
mp-1207470,ZnAg2(PS3)2,1.7679999999999991,-0.5570410568290031,0.008861191439392,False,False,44,3.755947526497454,4,"['Ag', 'P', 'S', 'Zn']",Ag-P-S-Zn,ZnAg2(PS3)2
mp-13383,ScAg(PSe3)2,1.6441,-0.805521450501487,0.0,False,True,20,4.075887198057913,4,"['Ag', 'P', 'Sc', 'Se']",Ag-P-Sc-Se,ScAg(PSe3)2
mp-1247841,Ag7PSe6,0.094699999999999,2.429974005903495,2.595682611071437,False,False,14,0.113889083304239,3,"['Ag', 'P', 'Se']",Ag-P-Se,Ag7PSe6
mp-13956,Ag2PSe3,1.186599999999999,-0.169408026902281,0.0,False,True,48,5.793370047018977,3,"['Ag', 'P', 'Se']",Ag-P-Se,Ag2PSe3
mp-30908,Ag3PSe4,0.174399999999999,-0.153765170528274,0.00609484575893,False,False,16,5.609767867358235,3,"['Ag', 'P', 'Se']",Ag-P-Se,Ag3PSe4
mp-1195701,TlAgPSe3,1.299099999999999,-0.301304275443949,0.0,False,True,48,6.04890684633058,4,"['Ag', 'P', 'Se', 'Tl']",Ag-P-Se-Tl,TlAgPSe3
mp-13385,TmAg(PSe3)2,1.7789,-0.6726817135327391,0.0,False,True,20,5.04132431177547,4,"['Ag', 'P', 'Se', 'Tm']",Ag-P-Se-Tm,TmAg(PSe3)2
mp-6543,VAg(PSe3)2,0.0,-0.320763566120248,0.009035576149997,True,False,10,4.364013947088939,4,"['Ag', 'P', 'Se', 'V']",Ag-P-Se-V,VAg(PSe3)2
mp-3212414,ZnAgPSe4,1.7231,-0.335597392746598,0.0,False,True,28,5.131951345495178,4,"['Ag', 'P', 'Se', 'Zn']",Ag-P-Se-Zn,ZnAgPSe4
mp-1206152,Si(AgP)2,0.169999999999999,-0.109213733190475,0.0,False,True,10,5.551968550928216,3,"['Ag', 'P', 'Si']",Ag-P-Si,Si(AgP)2
mp-18310,Si3Ag3(SnP3)2,0.2673,-0.125195378775508,0.0,False,True,28,4.804503081356332,4,"['Ag', 'P', 'Si', 'Sn']",Ag-P-Si-Sn,Si3Ag3(SnP3)2
mp-3230929,Yb3SiAg3P2,0.0,-0.7297585467724851,0.003472737870374,True,False,9,8.948636810661444,4,"['Ag', 'P', 'Si', 'Yb']",Ag-P-Si-Yb,Yb3SiAg3P2
mp-1218979,SmZnAgP2,0.3868,-0.6715737851904741,0.045472828479167,False,False,5,6.372939703282901,4,"['Ag', 'P', 'Sm', 'Zn']",Ag-P-Sm-Zn,SmZnAgP2
mp-29849,Ag3SnP7,0.5034000000000001,-0.076524263257575,0.0,False,True,22,4.972162214217336,3,"['Ag', 'P', 'Sn']",Ag-P-Sn,Ag3SnP7
mp-3212905,Sr6AgSn8P,0.225399999999999,-0.680761009561013,0.0,False,True,16,5.432659863445422,4,"['Ag', 'P', 'Sn', 'Sr']",Ag-P-Sn-Sr,Sr6AgSn8P
mp-10667,SrAgP,0.112599999999999,-0.86540930765873,0.0,False,True,6,5.369184930181552,3,"['Ag', 'P', 'Sr']",Ag-P-Sr,SrAgP
mp-3207769,Zr6Zn22AgP,0.0,-0.395050063765872,0.0,True,True,30,7.610888509096094,4,"['Ag', 'P', 'Zn', 'Zr']",Ag-P-Zn-Zr,Zr6Zn22AgP
mp-3212843,Zr6Zn15Ag8P,0.0,-0.351318868765874,0.0,True,True,30,8.294724225875608,4,"['Ag', 'P', 'Zn', 'Zr']",Ag-P-Zn-Zr,Zr6Zn15Ag8P
mp-3204533,Zr6Zn17Ag6P,0.0,-0.364121149099205,0.0,True,True,30,8.09531596039958,4,"['Ag', 'P', 'Zn', 'Zr']",Ag-P-Zn-Zr,Zr6Zn17Ag6P
mp-3222808,Pa2AgPt2,0.0,-0.765745976000005,0.0,True,True,10,14.684462783133732,3,"['Ag', 'Pa', 'Pt']",Ag-Pa-Pt,Pa2AgPt2
mp-3244929,PaAgPt4,0.0,-0.7974773741666561,0.0,True,True,6,17.426665326308346,3,"['Ag', 'Pa', 'Pt']",Ag-Pa-Pt,PaAgPt4
mp-3230737,Sm3PaAg2Rh3,0.0,-0.675174486666662,0.0,True,True,9,10.138624155032916,4,"['Ag', 'Pa', 'Rh', 'Sm']",Ag-Pa-Rh-Sm,Sm3PaAg2Rh3
mp-3252620,PaAgSnS4,0.7208000000000001,-1.020954463035711,0.0,False,True,14,5.314180346851915,4,"['Ag', 'Pa', 'S', 'Sn']",Ag-Pa-S-Sn,PaAgSnS4
mp-3247994,PaAgSnSe4,0.6593,-0.912001774464284,0.0,False,True,14,6.223320031996021,4,"['Ag', 'Pa', 'Se', 'Sn']",Ag-Pa-Se-Sn,PaAgSnSe4
mp-864791,PaAgTe2,0.0,-0.444656681250002,0.0,True,True,4,9.386468178637571,3,"['Ag', 'Pa', 'Te']",Ag-Pa-Te,PaAgTe2
mp-1183256,AgPb3,0.0,0.085092758333338,0.085092758333338,True,False,4,10.637230010847396,2,"['Ag', 'Pb']",Ag-Pb,AgPb3
mp-1229123,Ag3Pb,0.0,0.142147600000001,0.142147600000001,True,False,4,10.17271022464034,2,"['Ag', 'Pb']",Ag-Pb,Ag3Pb
mp-1097539,AgPd2Pb,0.6372,1.55034147841145,1.768662886536457,False,False,4,0.8649713132822021,3,"['Ag', 'Pb', 'Pd']",Ag-Pb-Pd,AgPd2Pb
mp-1215074,Ag3Pd13Pb6,0.0,-0.202428498868371,0.051156477608905,True,False,66,11.901627520589358,3,"['Ag', 'Pb', 'Pd']",Ag-Pb-Pd,Ag3Pd13Pb6
mp-862876,PmAg2Pb,0.0,-0.324458334375002,0.0,True,True,4,10.207591598068682,3,"['Ag', 'Pb', 'Pm']",Ag-Pb-Pm,PmAg2Pb
mp-3251447,YbPmAgPb,0.0,-0.449265846875,0.0,True,True,4,9.82689788871475,4,"['Ag', 'Pb', 'Pm', 'Yb']",Ag-Pb-Pm-Yb,YbPmAgPb
mp-19712,PrAgPb,0.0,-0.453045102777772,0.0,True,True,6,9.434924000963552,3,"['Ag', 'Pb', 'Pr']",Ag-Pb-Pr,PrAgPb
mp-3316667,Pr5AgPb3,0.0,-0.660665587037038,0.0,True,True,18,8.501749201657553,3,"['Ag', 'Pb', 'Pr']",Ag-Pb-Pr,Pr5AgPb3
mp-3215071,Rb3AgPb4,0.6675999999999991,-0.294220975468753,0.0,False,True,16,5.887333628655982,3,"['Ag', 'Pb', 'Rb']",Ag-Pb-Rb,Rb3AgPb4
mp-605863,AgSbPbS3,0.5552,-0.505611512361109,0.048208204999999,False,False,24,6.05646147885682,4,"['Ag', 'Pb', 'S', 'Sb']",Ag-Pb-S-Sb,AgSbPbS3
mp-1236920,AgSb3PbS6,1.2338,-0.443890066060604,0.111509706136364,False,False,22,4.416532852230934,4,"['Ag', 'Pb', 'S', 'Sb']",Ag-Pb-S-Sb,AgSb3PbS6
mp-1229081,AgSb(PbS2)2,0.098099999999999,-0.534248575208331,0.077128788749999,False,False,8,6.430269642082305,4,"['Ag', 'Pb', 'S', 'Sb']",Ag-Pb-S-Sb,AgSb(PbS2)2
mp-1229311,Ag5Sb23(PbS4)12,0.0,-0.567398341571968,0.022902252518935,True,False,88,5.39052782763443,4,"['Ag', 'Pb', 'S', 'Sb']",Ag-Pb-S-Sb,Ag5Sb23(PbS4)12
mp-1229036,AgSbTe3Pb,0.0,-0.368296730277776,0.045850867500001,True,False,6,7.312595981344026,4,"['Ag', 'Pb', 'Sb', 'Te']",Ag-Pb-Sb-Te,AgSbTe3Pb
mp-1229237,AgSb(Te8Pb7)2,0.731399999999999,-0.559763038697914,0.018993472343752,False,False,32,7.799288669260609,4,"['Ag', 'Pb', 'Sb', 'Te']",Ag-Pb-Sb-Te,AgSb(Te8Pb7)2
mp-1096672,Sc2AgPb,0.0,1.794070969732139,2.263823074553574,True,False,4,0.5124161198424381,3,"['Ag', 'Pb', 'Sc']",Ag-Pb-Sc,Sc2AgPb
mp-570855,SmAgPb,0.0,-0.562348181666664,0.0,True,True,6,10.044702501409644,3,"['Ag', 'Pb', 'Sm']",Ag-Pb-Sm,SmAgPb
mp-3248828,Yb3Ag3Sn2Pb,0.0,-0.443890536666666,0.016541767804231,True,False,9,9.950151654560807,4,"['Ag', 'Pb', 'Sn', 'Yb']",Ag-Pb-Sn-Yb,Yb3Ag3Sn2Pb
mp-1093664,Sr2AgPb,0.0,0.935672948437499,1.474099265625,True,False,4,0.467653665986018,3,"['Ag', 'Pb', 'Sr']",Ag-Pb-Sr,Sr2AgPb
mp-31447,TbAgPb,0.0,-0.412660744444443,0.0,True,True,6,10.58295066834478,3,"['Ag', 'Pb', 'Tb']",Ag-Pb-Tb,TbAgPb
mp-20522,TmAgPb,0.0,-0.328322975000002,0.0,True,True,9,11.232554610465233,3,"['Ag', 'Pb', 'Tm']",Ag-Pb-Tm,TmAgPb
mp-1217505,Tm3(AgPb2)2,0.0,-0.120204215925926,0.193331559755893,True,False,18,10.375574387819675,3,"['Ag', 'Pb', 'Tm']",Ag-Pb-Tm,Tm3(AgPb2)2
mp-1093543,YAg2Pb,0.032399999999999,1.612467190416701,1.988256951666667,False,False,4,0.689896464341728,3,"['Ag', 'Pb', 'Y']",Ag-Pb-Y,YAg2Pb
mp-1096653,Y2AgPb,0.0,1.7425039976242152,2.325893802261905,True,False,4,0.570205580780862,3,"['Ag', 'Pb', 'Y']",Ag-Pb-Y,Y2AgPb
mp-21505,YAgPb,0.0,-0.501053014999999,0.0,True,True,9,9.079501670755173,3,"['Ag', 'Pb', 'Y']",Ag-Pb-Y,YAgPb
mp-1187818,YbAg2Pb,0.0,-0.216399963749999,0.054360314166665,True,False,4,11.452017467061465,3,"['Ag', 'Pb', 'Yb']",Ag-Pb-Yb,YbAg2Pb
mp-865662,Yb2AgPb,0.0,-0.419141123749994,0.0,True,True,4,11.331393146164302,3,"['Ag', 'Pb', 'Yb']",Ag-Pb-Yb,Yb2AgPb
mp-3248715,YbAg4Pb,0.0,-0.151296749166666,0.029210102777774,True,False,6,10.908687824976004,3,"['Ag', 'Pb', 'Yb']",Ag-Pb-Yb,YbAg4Pb
mp-1215789,YbAgPb,0.0,-0.196255393333331,0.141723492380968,True,False,6,10.680213725161146,3,"['Ag', 'Pb', 'Yb']",Ag-Pb-Yb,YbAgPb
mp-1205473,Zr5AgPb3,0.0,-0.344672179444444,0.0,True,True,18,9.744059529325886,3,"['Ag', 'Pb', 'Zr']",Ag-Pb-Zr,Zr5AgPb3
mp-1183206,Ag3Pd,0.0,-0.061750134999996,0.0050261562499999,True,False,8,10.708736006456256,2,"['Ag', 'Pd']",Ag-Pd,Ag3Pd
mp-1183222,AgPd,0.0,-0.065638167499997,0.006955855000001,True,False,2,11.088973890324937,2,"['Ag', 'Pd']",Ag-Pd,AgPd
mp-3248727,PrAg3Pd2,0.0,-0.424009666111103,0.0,True,True,6,9.793031356975929,3,"['Ag', 'Pd', 'Pr']",Ag-Pd-Pr,PrAg3Pd2
mp-1095943,AgSbPd2,0.0,1.640343308958336,1.974079439583334,True,False,4,0.8686486555017761,3,"['Ag', 'Pd', 'Sb']",Ag-Pd-Sb,AgSbPd2
mp-3232019,U2AgSb4Pd,0.0,-0.518422448125001,0.023566844375004,True,False,8,10.108646019682858,4,"['Ag', 'Pd', 'Sb', 'U']",Ag-Pd-Sb-U,U2AgSb4Pd
mp-3288546,Sc4AgPd,0.0,-0.433313849166668,0.0,True,True,24,5.186812101522757,3,"['Ag', 'Pd', 'Sc']",Ag-Pd-Sc,Sc4AgPd
mp-1095787,ScAgPd2,0.191899999999999,1.356266241583334,2.01977487958333,False,False,4,0.706602229907315,3,"['Ag', 'Pd', 'Sc']",Ag-Pd-Sc,ScAgPd2
mp-1095857,Sc2AgPd,0.0,1.7514407237499972,2.337438192499998,True,False,4,0.498528605110341,3,"['Ag', 'Pd', 'Sc']",Ag-Pd-Sc,Sc2AgPd
mp-1200271,AgPd3Se,0.0,-0.193956883590274,0.000731596666668,True,False,40,9.94805670551939,3,"['Ag', 'Pd', 'Se']",Ag-Pd-Se,AgPd3Se
mp-1096381,AgSnPd2,0.8147000000000001,1.524319605208333,1.914213629583333,False,False,4,0.835065372792212,3,"['Ag', 'Pd', 'Sn']",Ag-Pd-Sn,AgSnPd2
mp-3260688,Sr4AgPd3,0.0,-0.509778591249997,0.0,True,True,16,5.704334844656425,3,"['Ag', 'Pd', 'Sr']",Ag-Pd-Sr,Sr4AgPd3
mp-1093561,Sr2AgPd,0.0,0.866641442083334,1.325985762312498,True,False,4,0.449751862099063,3,"['Ag', 'Pd', 'Sr']",Ag-Pd-Sr,Sr2AgPd
mp-3295822,Sr9AgPd5,0.0,-0.465372858333338,0.0,True,True,15,4.9656765681384885,3,"['Ag', 'Pd', 'Sr']",Ag-Pd-Sr,Sr9AgPd5
mp-3337683,SrAg4Pd,0.0,-0.268098643333331,0.0,True,True,6,8.297221832103775,3,"['Ag', 'Pd', 'Sr']",Ag-Pd-Sr,SrAg4Pd
mp-3343104,Sr2AgPd2,0.0,-0.521924153999998,0.0,True,True,10,6.721257767837224,3,"['Ag', 'Pd', 'Sr']",Ag-Pd-Sr,Sr2AgPd2
mp-1218349,SrAg3Pd2,0.0,-0.322186554166666,0.0,True,True,6,8.530734466059133,3,"['Ag', 'Pd', 'Sr']",Ag-Pd-Sr,SrAg3Pd2
mp-3221981,Tb2AgPd2,0.0,-0.7776381549999991,0.0,True,True,10,9.877318104701764,3,"['Ag', 'Pd', 'Tb']",Ag-Pd-Tb,Tb2AgPd2
mp-3278491,Tb4AgPd,0.0,-0.455251382083332,0.0,True,True,24,9.088911484694153,3,"['Ag', 'Pd', 'Tb']",Ag-Pd-Tb,Tb4AgPd
mp-1217680,Tb2AgPd,0.0,-0.582621848749998,0.026517872499999,True,False,4,9.457530844360583,3,"['Ag', 'Pd', 'Tb']",Ag-Pd-Tb,Tb2AgPd
mp-3230669,Tb3Zn3AgPd2,0.0,-0.6435567655555551,0.001633802777782,True,False,9,9.20674185273404,4,"['Ag', 'Pd', 'Tb', 'Zn']",Ag-Pd-Tb-Zn,Tb3Zn3AgPd2
mp-3230750,Tb3Zn2AgPd3,0.0,-0.7433682183333331,0.0,True,True,9,9.585031101791197,4,"['Ag', 'Pd', 'Tb', 'Zn']",Ag-Pd-Tb-Zn,Tb3Zn2AgPd3
mp-3342956,Th2AgPd2,0.0,-0.659818956999998,0.0,True,True,10,11.1579043011537,3,"['Ag', 'Pd', 'Th']",Ag-Pd-Th,Th2AgPd2
mp-1217282,Th4AgPd,0.0,-0.278094785277774,0.019375295833334,True,False,6,11.45244679948245,3,"['Ag', 'Pd', 'Th']",Ag-Pd-Th,Th4AgPd
mp-1187527,TlAgPd2,0.0,-0.171764640892853,0.007857433869041,True,False,4,12.157026788961623,3,"['Ag', 'Pd', 'Tl']",Ag-Pd-Tl,TlAgPd2
mp-1096233,YAgPd2,0.090599999999999,1.54556108625,2.230981915312501,False,False,4,0.691346867313677,3,"['Ag', 'Pd', 'Y']",Ag-Pd-Y,YAgPd2
mp-1096339,Y2AgPd,0.0,1.751054106250002,2.377176653750002,True,False,4,0.572021768123389,3,"['Ag', 'Pd', 'Y']",Ag-Pd-Y,Y2AgPd
mp-3296234,Y10Ag3Pd,0.0,-0.280829869999999,0.0,True,True,28,5.681953825112088,3,"['Ag', 'Pd', 'Y']",Ag-Pd-Y,Y10Ag3Pd
mp-3292538,Yb2Ag4Pd3,0.0,-0.488456709444446,0.065309789166686,True,False,18,10.964467265811196,3,"['Ag', 'Pd', 'Yb']",Ag-Pd-Yb,Yb2Ag4Pd3
mp-866177,YbAgPd2,0.0,-0.6966689650000001,0.041067780312495,True,False,4,11.54905727392082,3,"['Ag', 'Pd', 'Yb']",Ag-Pd-Yb,YbAgPd2
mp-979989,Yb2AgPd,0.0,-0.6740214587499971,0.016753002499999,True,False,4,11.060573757400707,3,"['Ag', 'Pd', 'Yb']",Ag-Pd-Yb,Yb2AgPd
mp-3248050,Yb2AgPd3,0.0,-0.701711900833331,0.128937847083349,True,False,6,11.472155173060886,3,"['Ag', 'Pd', 'Yb']",Ag-Pd-Yb,Yb2AgPd3
mp-3297480,Yb4Ag13Pd,0.0,-0.25105205527778,0.041044479722216,True,False,18,10.365072024420376,3,"['Ag', 'Pd', 'Yb']",Ag-Pd-Yb,Yb4Ag13Pd
mp-3308330,Yb4Ag9Pd5,0.0,-0.436614534166665,0.065376930138885,True,False,18,10.842391694929043,3,"['Ag', 'Pd', 'Yb']",Ag-Pd-Yb,Yb4Ag9Pd5
mp-3278423,Zn20(AgPd)3,0.0,-0.192856052884615,0.0,True,True,26,8.54894195070452,3,"['Ag', 'Pd', 'Zn']",Ag-Pd-Zn,Zn20(AgPd)3
mp-3282881,Zn10AgPd2,0.0,-0.248907562307692,0.0,True,True,26,8.609034018901442,3,"['Ag', 'Pd', 'Zn']",Ag-Pd-Zn,Zn10AgPd2
mp-1187926,ZnAgPd2,0.0,-0.304421807916665,0.042226297708335,True,False,4,10.227912380466384,3,"['Ag', 'Pd', 'Zn']",Ag-Pd-Zn,ZnAgPd2
mp-1095964,Zn2AgPd,0.0968,1.107133849583334,1.435286529270832,False,False,4,0.7004222826527711,3,"['Ag', 'Pd', 'Zn']",Ag-Pd-Zn,Zn2AgPd
mp-3240219,Zr4AgPd,0.0,-0.308380809166664,0.0,True,True,6,7.755401255209254,3,"['Ag', 'Pd', 'Zr']",Ag-Pd-Zr,Zr4AgPd
mp-1215344,Zr8AgPd3,0.0,-0.407003997083336,0.0,True,True,12,7.867535307508974,3,"['Ag', 'Pd', 'Zr']",Ag-Pd-Zr,Zr8AgPd3
mp-862878,PmAg3,0.0,-0.196298743124994,0.007833941250002,True,False,4,9.122383273577942,2,"['Ag', 'Pm']",Ag-Pm,PmAg3
mp-1186488,Pm3Ag,0.0,0.014181133541665,0.082225361666669,True,False,4,7.681297012934772,2,"['Ag', 'Pm']",Ag-Pm,Pm3Ag
mp-862989,Pm2AgPt,0.0,-0.7502617999999971,0.0,True,True,4,10.330931671676252,3,"['Ag', 'Pm', 'Pt']",Ag-Pm-Pt,Pm2AgPt
mp-3248038,YbPmAgPt,0.0,-0.819296101874996,0.026297624583328,True,False,4,11.554635157012529,4,"['Ag', 'Pm', 'Pt', 'Yb']",Ag-Pm-Pt-Yb,YbPmAgPt
mp-982929,Pm2AgRh,0.0,-0.515014192499997,0.0,True,True,4,8.935670907597391,3,"['Ag', 'Pm', 'Rh']",Ag-Pm-Rh,Pm2AgRh
mp-862991,Pm2AgRu,0.0,-0.259739213749998,0.0,True,True,4,9.048124287084685,3,"['Ag', 'Pm', 'Ru']",Ag-Pm-Ru,Pm2AgRu
mp-863743,Pm2SiAg,0.0,-0.477061936249999,0.0,True,True,4,7.264860583172506,3,"['Ag', 'Pm', 'Si']",Ag-Pm-Si,Pm2SiAg
mp-3328592,Pm(SiAg)2,0.0,-0.468312693499999,0.0,True,True,5,7.3254397716625395,3,"['Ag', 'Pm', 'Si']",Ag-Pm-Si,Pm(SiAg)2
mp-862877,PmAg2Sn,0.0,-0.405615751875004,0.0,True,True,4,9.008293229005467,3,"['Ag', 'Pm', 'Sn']",Ag-Pm-Sn,PmAg2Sn
mp-862990,Pm2AgSn,0.0,-0.597936879999998,0.0,True,True,4,7.9311129471128785,3,"['Ag', 'Pm', 'Sn']",Ag-Pm-Sn,Pm2AgSn
mp-3249745,YbPmAgSn,0.0,-0.538377846875,0.051824438095234,True,False,4,8.658347841952612,4,"['Ag', 'Pm', 'Sn', 'Yb']",Ag-Pm-Sn-Yb,YbPmAgSn
mp-862966,PmTlAg2,0.0,-0.291267431874999,0.0,True,True,4,10.491980861656836,3,"['Ag', 'Pm', 'Tl']",Ag-Pm-Tl,PmTlAg2
mp-1100762,Pm2TlAg,0.0,-0.408993537500002,0.0,True,True,4,9.133127158047229,3,"['Ag', 'Pm', 'Tl']",Ag-Pm-Tl,Pm2TlAg
mp-865896,YbPmAg2,0.0,-0.322389368124998,0.0,True,True,4,9.270407481824328,3,"['Ag', 'Pm', 'Yb']",Ag-Pm-Yb,YbPmAg2
mp-862973,PmZn2Ag,0.0,-0.295873313125003,0.009873838500002,True,False,4,8.281519216320127,3,"['Ag', 'Pm', 'Zn']",Ag-Pm-Zn,PmZn2Ag
mp-1186673,PmZnAg2,0.0,-0.22587639544643,0.0318305875,True,False,4,8.305450336713898,3,"['Ag', 'Pm', 'Zn']",Ag-Pm-Zn,PmZnAg2
mp-982393,Pm2ZnAg,0.0,-0.308341131250003,0.0,True,True,4,7.707361217234635,3,"['Ag', 'Pm', 'Zn']",Ag-Pm-Zn,Pm2ZnAg
mp-3328043,PmZn2Ag3,0.0,-0.246412402083331,0.0,True,True,6,8.662577125102874,3,"['Ag', 'Pm', 'Zn']",Ag-Pm-Zn,PmZn2Ag3
mp-3336989,PmZn3Ag2,0.0,-0.294403232083335,0.0,True,True,6,8.381689578685652,3,"['Ag', 'Pm', 'Zn']",Ag-Pm-Zn,PmZn3Ag2
mp-568654,PrAg2,0.0,-0.249886739999999,0.015833836666667,True,False,3,8.282693238224418,2,"['Ag', 'Pr']",Ag-Pr,PrAg2
mp-1186704,Pr3Ag,0.0,0.033149765833334,0.149047486666667,True,False,8,7.162285183147007,2,"['Ag', 'Pr']",Ag-Pr,Pr3Ag
mp-2525,PrAg,0.0,-0.231795441666664,0.0,True,True,2,7.751454343445322,2,"['Ag', 'Pr']",Ag-Pr,PrAg
mp-1220249,Pr14Ag51,0.0,-0.23547985782051,0.0,True,True,65,9.217957883255565,2,"['Ag', 'Pr']",Ag-Pr,Pr14Ag51
mp-3222627,Pr3Ag5Pt,0.0,-0.487265291111109,0.0,True,True,9,9.17683434258621,3,"['Ag', 'Pr', 'Pt']",Ag-Pr-Pt,Pr3Ag5Pt
mp-3250054,PrAgPt4,0.0,-0.783260414444441,0.0,True,True,6,15.488157737266652,3,"['Ag', 'Pr', 'Pt']",Ag-Pr-Pt,PrAgPt4
mp-3223493,PrAgSn2Pt,0.0,-0.7251591663333321,0.0,True,True,10,9.737555633601556,4,"['Ag', 'Pr', 'Pt', 'Sn']",Ag-Pr-Pt-Sn,PrAgSn2Pt
mp-3247659,PrZnAgPt3,0.0,-0.820489755277776,0.0,True,True,6,13.781741595677625,4,"['Ag', 'Pr', 'Pt', 'Zn']",Ag-Pr-Pt-Zn,PrZnAgPt3
mp-3252281,Pr3Ag3Rh,0.0,-0.416798021428568,0.0,True,True,14,8.111391744703935,3,"['Ag', 'Pr', 'Rh']",Ag-Pr-Rh,Pr3Ag3Rh
mp-3248210,PrZn3AgRh,0.0,-0.427542466944442,0.0,True,True,6,8.722108049362898,4,"['Ag', 'Pr', 'Rh', 'Zn']",Ag-Pr-Rh-Zn,PrZn3AgRh
mp-861481,Pr2AgRu,0.0,-0.165707053749999,0.032508926249999,True,False,4,8.375466994847994,3,"['Ag', 'Pr', 'Ru']",Ag-Pr-Ru,Pr2AgRu
mp-34486,Pr5AgS8,1.371799999999999,-2.099722959999998,0.022918237142852,False,False,14,5.496572053175813,3,"['Ag', 'Pr', 'S']",Ag-Pr-S,Pr5AgS8
mp-863751,Pr3SiAgS7,1.7613,-1.7942819311805551,0.0,False,True,24,4.8085383154329655,4,"['Ag', 'Pr', 'S', 'Si']",Ag-Pr-S-Si,Pr3SiAgS7
mp-1079478,PrAgSb2,0.0,-0.778551152083333,0.0,True,True,8,7.79444237365336,3,"['Ag', 'Pr', 'Sb']",Ag-Pr-Sb,PrAgSb2
mp-1206426,Pr2AgSb3,0.101399999999999,2.096712925833334,3.040397437500002,False,False,6,0.356818701140952,3,"['Ag', 'Pr', 'Sb']",Ag-Pr-Sb,Pr2AgSb3
mp-675420,Pr4Ag2Se7,1.498099999999999,-1.643578149723556,0.089347547940709,False,False,26,6.328821928634879,3,"['Ag', 'Pr', 'Se']",Ag-Pr-Se,Pr4Ag2Se7
mp-35264,Pr5AgSe8,1.453699999999999,-1.946710067053574,0.016656512124257,False,False,14,6.609196385925279,3,"['Ag', 'Pr', 'Se']",Ag-Pr-Se,Pr5AgSe8
mp-17389,Pr3SiAgSe7,1.4423,-1.615457535256076,0.0,False,True,24,5.9575521110260174,4,"['Ag', 'Pr', 'Se', 'Si']",Ag-Pr-Se-Si,Pr3SiAgSe7
mp-1025028,PrSiAg,0.0,-0.441876382777776,0.047739625602565,True,False,6,6.572028760143456,3,"['Ag', 'Pr', 'Si']",Ag-Pr-Si,PrSiAg
mp-1025554,PrSi2Ag,0.0,-0.508420734583332,0.0,True,True,8,6.355675614111812,3,"['Ag', 'Pr', 'Si']",Ag-Pr-Si,PrSi2Ag
mp-31203,Pr(SiAg)2,0.0,-0.403947065,0.002789522666665,True,False,5,7.098814311097759,3,"['Ag', 'Pr', 'Si']",Ag-Pr-Si,Pr(SiAg)2
mp-3251601,Pr2Si2Ag2Sn,0.0,-0.630914645476191,0.0,True,True,14,7.158788469121196,4,"['Ag', 'Pr', 'Si', 'Sn']",Ag-Pr-Si-Sn,Pr2Si2Ag2Sn
mp-567241,Pr3(AgSn)4,0.0,-0.154433213787877,0.39768773,True,False,11,7.259773871376105,3,"['Ag', 'Pr', 'Sn']",Ag-Pr-Sn,Pr3(AgSn)4
mp-31421,PrAgSn,0.0,-0.613051211111108,0.0,True,True,6,7.860340189031969,3,"['Ag', 'Pr', 'Sn']",Ag-Pr-Sn,PrAgSn
mp-1209345,Pr5AgSn3,0.0,-0.632313126111112,0.0,True,True,18,7.061243473085523,3,"['Ag', 'Pr', 'Sn']",Ag-Pr-Sn,Pr5AgSn3
mp-975801,PrTlAg2,0.0,-0.244498237083333,0.031586428529411,True,False,4,9.782353804434528,3,"['Ag', 'Pr', 'Tl']",Ag-Pr-Tl,PrTlAg2
mp-978085,Pr2TlAg,0.0,-0.307970379583333,0.0,True,True,4,8.621840594010326,3,"['Ag', 'Pr', 'Tl']",Ag-Pr-Tl,Pr2TlAg
mp-865947,YbPrAg2,0.0,-0.292062156666666,0.020584299999999,True,False,4,8.961903176519238,3,"['Ag', 'Pr', 'Yb']",Ag-Pr-Yb,YbPrAg2
mp-3304123,Yb3(Pr2Ag5)2,0.0,-0.308812888333333,0.002105427058808,True,False,34,9.002331627226233,3,"['Ag', 'Pr', 'Yb']",Ag-Pr-Yb,Yb3(Pr2Ag5)2
mp-978083,Pr2ZnAg,0.0,-0.260080206249999,0.005324622499999,True,False,4,7.230866036392442,3,"['Ag', 'Pr', 'Zn']",Ag-Pr-Zn,Pr2ZnAg
mp-3321592,Pr2Zn3Ag4,0.0,-0.307953661481478,0.0,True,True,18,8.479563850563299,3,"['Ag', 'Pr', 'Zn']",Ag-Pr-Zn,Pr2Zn3Ag4
mp-3328654,PrZnAg4,0.0,-0.224904772777776,0.0,True,True,6,9.039691626034577,3,"['Ag', 'Pr', 'Zn']",Ag-Pr-Zn,PrZnAg4
mp-3329238,PrZn3Ag2,0.0,-0.288181327777778,0.0,True,True,6,8.149078135629662,3,"['Ag', 'Pr', 'Zn']",Ag-Pr-Zn,PrZn3Ag2
mp-1183209,AgPt,0.0,-0.0823932825,0.0,True,True,2,15.640596936006563,2,"['Ag', 'Pt']",Ag-Pt,AgPt
mp-12065,Ag3Pt,0.0,-0.020391218749995,0.0208054225,True,False,4,12.906863305766077,2,"['Ag', 'Pt']",Ag-Pt,Ag3Pt
mp-30353,AgPt3,0.0,0.030191862916659,0.071388504166662,True,False,4,17.89164822597189,2,"['Ag', 'Pt']",Ag-Pt,AgPt3
mp-1229032,AgPt4,0.0,-0.024214919000002,0.008742394000002,True,False,5,18.889324557971843,2,"['Ag', 'Pt']",Ag-Pt,AgPt4
mp-3205682,Zn22AgPtRh2,0.0,-0.220814700961538,0.0,True,True,26,8.74673969616928,4,"['Ag', 'Pt', 'Rh', 'Zn']",Ag-Pt-Rh-Zn,Zn22AgPtRh2
mp-1186932,Sc2AgPt,0.0,-0.7794751104166641,0.006450313125,True,False,4,8.751015805736756,3,"['Ag', 'Pt', 'Sc']",Ag-Pt-Sc,Sc2AgPt
mp-3312041,Sc6AgPt7,0.0,-1.199167086785715,0.0,True,True,14,11.761847548941224,3,"['Ag', 'Pt', 'Sc']",Ag-Pt-Sc,Sc6AgPt7
mp-1025220,SiAgPt5,0.0,-0.309349164761913,0.048140315238093,True,False,7,16.452091075875916,3,"['Ag', 'Pt', 'Si']",Ag-Pt-Si,SiAgPt5
mp-3250757,SmAgPt4,0.0,-0.8072204675000021,0.0,True,True,6,15.924922510419476,3,"['Ag', 'Pt', 'Sm']",Ag-Pt-Sm,SmAgPt4
mp-3231744,Sm3Zn3AgPt2,0.0,-0.792837723333333,0.0,True,True,9,10.223078319187158,4,"['Ag', 'Pt', 'Sm', 'Zn']",Ag-Pt-Sm-Zn,Sm3Zn3AgPt2
mp-3248313,SmZn2AgPt2,0.0,-0.747449912500002,0.0,True,True,6,12.422267082921069,4,"['Ag', 'Pt', 'Sm', 'Zn']",Ag-Pt-Sm-Zn,SmZn2AgPt2
mp-867163,Sr2AgPt,0.0,-0.53065463979167,0.066738841249996,True,False,4,7.226844705704507,3,"['Ag', 'Pt', 'Sr']",Ag-Pt-Sr,Sr2AgPt
mp-3253000,TbAgPt4,0.0,-0.814848650833331,0.0,True,True,6,16.28756943897247,3,"['Ag', 'Pt', 'Tb']",Ag-Pt-Tb,TbAgPt4
mp-3250362,TbZn2AgPt2,0.0,-0.7725102891666701,0.0,True,True,6,12.790704708301313,4,"['Ag', 'Pt', 'Tb', 'Zn']",Ag-Pt-Tb-Zn,TbZn2AgPt2
mp-3248149,TbZn3AgPt,0.0,-0.583191324999996,0.0,True,True,6,10.868511352973854,4,"['Ag', 'Pt', 'Tb', 'Zn']",Ag-Pt-Tb-Zn,TbZn3AgPt
mp-865281,Tm2AgPt,0.0,-0.8966955737499941,0.012716216249991,True,False,4,12.65860718441382,3,"['Ag', 'Pt', 'Tm']",Ag-Pt-Tm,Tm2AgPt
mp-3333538,Tm4AgPt3,0.0,-1.184237643125008,0.0,True,True,8,13.23715214199886,3,"['Ag', 'Pt', 'Tm']",Ag-Pt-Tm,Tm4AgPt3
mp-3244970,TmZn2AgPt2,0.0,-0.777203860833338,0.0,True,True,6,13.191657754946608,4,"['Ag', 'Pt', 'Tm', 'Zn']",Ag-Pt-Tm-Zn,TmZn2AgPt2
mp-3280615,Yb6Ag16Pt,0.0,-0.297256434782604,0.064244993369566,True,False,23,10.363789304399845,3,"['Ag', 'Pt', 'Yb']",Ag-Pt-Yb,Yb6Ag16Pt
mp-865660,Yb2AgPt,0.0,-0.9154792662499952,0.000866716875002,True,False,4,12.980208366809984,3,"['Ag', 'Pt', 'Yb']",Ag-Pt-Yb,Yb2AgPt
mp-3246808,Yb6Ag7Pt,0.0,-0.46933029964286,0.051679763392861,True,False,14,10.658848270434287,3,"['Ag', 'Pt', 'Yb']",Ag-Pt-Yb,Yb6Ag7Pt
mp-3246997,YbAgPt4,0.0,-0.786818331666665,0.030081918333344,True,False,6,16.715642999214417,3,"['Ag', 'Pt', 'Yb']",Ag-Pt-Yb,YbAgPt4
mp-1093900,Zn2AgPt,0.0,1.258729457083334,1.606190723991228,True,False,4,0.88513679215463,3,"['Ag', 'Pt', 'Zn']",Ag-Pt-Zn,Zn2AgPt
mp-1186802,PuAg3,0.0,0.08222843,0.08222843,True,False,4,10.596449601314664,2,"['Ag', 'Pu']",Ag-Pu,PuAg3
mp-975051,Rb3Ag,0.0,0.138861561458333,0.138861561458333,True,False,4,2.618104232935321,2,"['Ag', 'Rb']",Ag-Rb,Rb3Ag
mp-510240,Rb2Ag4S3,0.1922,-0.630635717685179,0.0,False,True,18,5.302634136583595,3,"['Ag', 'Rb', 'S']",Ag-Rb-S,Rb2Ag4S3
mp-1205335,RbAg3S2,0.2734,-0.536817761249999,0.01371758435185,False,False,12,5.4717627394836095,3,"['Ag', 'Rb', 'S']",Ag-Rb-S,RbAg3S2
mp-28703,RbAg5S3,0.7669,-0.470434973518518,0.0,False,True,54,5.655640604550201,3,"['Ag', 'Rb', 'S']",Ag-Rb-S,RbAg5S3
mp-30543,RbAg7S4,0.719599999999999,-0.376826864097221,0.034407742361111,False,False,48,6.00192049052954,3,"['Ag', 'Rb', 'S']",Ag-Rb-S,RbAg7S4
mp-557540,Rb2AgSbS4,1.519,-0.8879440811458321,0.0,False,True,32,3.585399647752496,4,"['Ag', 'Rb', 'S', 'Sb']",Ag-Rb-S-Sb,Rb2AgSbS4
mp-17756,RbAg2SbS4,0.617799999999999,-0.63330489927083,0.0,False,True,24,4.257535546262503,4,"['Ag', 'Rb', 'S', 'Sb']",Ag-Rb-S-Sb,RbAg2SbS4
mp-1219697,Rb3Ag9(SbS3)4,1.6418,-0.58056713455357,0.002567341904761,False,False,28,4.737493367464797,4,"['Ag', 'Rb', 'S', 'Sb']",Ag-Rb-S-Sb,Rb3Ag9(SbS3)4
mp-3256160,RbTa(AgS2)2,2.4865,-0.8915224837291681,0.0,False,True,16,4.402717573065597,4,"['Ag', 'Rb', 'S', 'Ta']",Ag-Rb-S-Ta,RbTa(AgS2)2
mp-15217,Rb2TaAgS4,2.5449,-1.299841390499999,0.0,False,True,16,3.8641467532742633,4,"['Ag', 'Rb', 'S', 'Ta']",Ag-Rb-S-Ta,Rb2TaAgS4
mp-1210520,Rb2TaAgS2,0.3124,-0.405460483583331,0.641362185572222,False,False,24,4.132515978438307,4,"['Ag', 'Rb', 'S', 'Ta']",Ag-Rb-S-Ta,Rb2TaAgS2
mp-1209320,RbAgTeS3,1.8309,-0.650835910555554,0.023224304935893,False,False,24,3.856985099540199,4,"['Ag', 'Rb', 'S', 'Te']",Ag-Rb-S-Te,RbAgTeS3
mp-3250278,RbThAgS3,2.9052,-1.62865114828125,0.0,False,True,12,5.234633218877402,4,"['Ag', 'Rb', 'S', 'Th']",Ag-Rb-S-Th,RbThAgS3
mp-1209316,Rb2Ti(AgS2)2,1.5994000000000002,-1.207925935740739,0.0,False,True,18,3.79319057484976,4,"['Ag', 'Rb', 'S', 'Ti']",Ag-Rb-S-Ti,Rb2Ti(AgS2)2
mp-13350,RbUAgS3,0.0,-1.368965539444442,0.0,True,True,12,5.422101997953277,4,"['Ag', 'Rb', 'S', 'U']",Ag-Rb-S-U,RbUAgS3
mp-8901,Rb2VAgS4,1.3323,-1.206550812083332,0.0,False,True,16,3.189092121661404,4,"['Ag', 'Rb', 'S', 'V']",Ag-Rb-S-V,Rb2VAgS4
mp-10477,RbAg3Se2,0.0612,-0.573175774531248,0.0,False,True,12,6.245922257787749,3,"['Ag', 'Rb', 'Se']",Ag-Rb-Se,RbAg3Se2
mp-29685,RbAg5Se3,0.0,-0.454481200318288,0.000940866944439,True,False,18,6.938375322210973,3,"['Ag', 'Rb', 'Se']",Ag-Rb-Se,RbAg5Se3
mp-18585,RbAgSe4,1.1614,-0.6960230001736081,0.0,False,True,24,4.750191142601567,3,"['Ag', 'Rb', 'Se']",Ag-Rb-Se,RbAgSe4
mp-18710,RbSm2Ag3Se5,1.049599999999999,-1.33576371947443,0.0,False,True,22,6.257386194843589,4,"['Ag', 'Rb', 'Se', 'Sm']",Ag-Rb-Se-Sm,RbSm2Ag3Se5
mp-571164,Rb3AgSn3Se8,1.3666,-0.917866301527776,0.0,False,True,30,4.590647634698186,4,"['Ag', 'Rb', 'Se', 'Sn']",Ag-Rb-Se-Sn,Rb3AgSn3Se8
mp-3317569,Rb2Ag2SnSe4,1.3828999999999991,-0.773109038750002,0.0,False,True,18,5.093940546375858,4,"['Ag', 'Rb', 'Se', 'Sn']",Ag-Rb-Se-Sn,Rb2Ag2SnSe4
mp-569378,Rb3Ta2AgSe12,1.423499999999999,-1.019109294275463,0.0,False,True,72,4.853781052485299,4,"['Ag', 'Rb', 'Se', 'Ta']",Ag-Rb-Se-Ta,Rb3Ta2AgSe12
mp-16001,Rb5Ti6AgSe27,0.5503,-1.157896253524305,0.0,False,True,78,4.432445989117935,4,"['Ag', 'Rb', 'Se', 'Ti']",Ag-Rb-Se-Ti,Rb5Ti6AgSe27
mp-3315815,Rb2Ti(AgSe2)2,1.6583,-1.080507443935185,0.0,False,True,18,4.744160652937277,4,"['Ag', 'Rb', 'Se', 'Ti']",Ag-Rb-Se-Ti,Rb2Ti(AgSe2)2
mp-13351,RbUAgSe3,0.0,-1.260095683532984,0.0,True,True,12,6.16016211424674,4,"['Ag', 'Rb', 'Se', 'U']",Ag-Rb-Se-U,RbUAgSe3
mp-683308,Rb2VAgSe4,1.0663,-1.094502807005207,0.008565866875,False,False,16,4.081238611206736,4,"['Ag', 'Rb', 'Se', 'V']",Ag-Rb-Se-V,Rb2VAgSe4
mp-1211022,Rb2VAgSe2,0.0,-0.403608653975693,0.516416989662702,True,False,24,3.10154068808032,4,"['Ag', 'Rb', 'Se', 'V']",Ag-Rb-Se-V,Rb2VAgSe2
mp-1190504,RbSm2Ag3Te5,1.241699999999999,-1.088667172803036,0.0,False,True,22,6.448539631658122,4,"['Ag', 'Rb', 'Sm', 'Te']",Ag-Rb-Sm-Te,RbSm2Ag3Te5
mp-3207448,Rb3AgSn4,0.968399999999999,-0.318744910468748,0.0,False,True,16,4.321950293294701,3,"['Ag', 'Rb', 'Sn']",Ag-Rb-Sn,Rb3AgSn4
mp-3214249,Rb2Ag2SnTe4,1.0541,-0.616471784166669,0.0,False,True,18,5.246529904075529,4,"['Ag', 'Rb', 'Sn', 'Te']",Ag-Rb-Sn-Te,Rb2Ag2SnTe4
mp-3210756,Rb2TaAgTe4,1.7644,-0.785561529354165,0.0,False,True,16,5.101656466282379,4,"['Ag', 'Rb', 'Ta', 'Te']",Ag-Rb-Ta-Te,Rb2TaAgTe4
mp-1190149,RbTb2Ag3Te5,1.0504,-1.072103448106059,0.0,False,True,22,6.530491133140416,4,"['Ag', 'Rb', 'Tb', 'Te']",Ag-Rb-Tb-Te,RbTb2Ag3Te5
mp-10481,RbAg3Te2,0.2827,-0.526338080972218,0.0,False,True,12,6.333844874322422,3,"['Ag', 'Rb', 'Te']",Ag-Rb-Te,RbAg3Te2
mp-3250281,RbThAgTe3,1.1791,-1.185938317708334,0.0,False,True,12,5.941068694868631,4,"['Ag', 'Rb', 'Te', 'Th']",Ag-Rb-Te-Th,RbThAgTe3
mp-3209808,Rb2Ti(AgTe2)2,1.180399999999999,-0.846677490462964,0.0,False,True,18,5.044322852780195,4,"['Ag', 'Rb', 'Te', 'Ti']",Ag-Rb-Te-Ti,Rb2Ti(AgTe2)2
mp-3209001,Rb2VAgTe4,0.8740999999999991,-0.7329685909374991,0.0,False,True,16,4.661522944782596,4,"['Ag', 'Rb', 'Te', 'V']",Ag-Rb-Te-V,Rb2VAgTe4
mp-1186896,ReAg3,0.0,0.8957887237499981,0.8957887237499981,True,False,4,12.256858376843354,2,"['Ag', 'Re']",Ag-Re,ReAg3
mp-1183156,Ag3Rh,0.0,0.228924862500001,0.228924862500001,True,False,4,10.335685136954602,2,"['Ag', 'Rh']",Ag-Rh,Ag3Rh
mp-1183233,AgRh,0.0,0.263305416666668,0.263305416666668,True,False,2,10.893824043721382,2,"['Ag', 'Rh']",Ag-Rh,AgRh
mp-1201221,Ag2(RhS)15,0.0,-0.462495538718727,0.063735405975997,True,False,64,7.083189685641985,3,"['Ag', 'Rh', 'S']",Ag-Rh-S,Ag2(RhS)15
mp-3213516,AgSnRhS4,1.0404,-0.528753985892856,0.0,False,True,14,5.356106311146738,4,"['Ag', 'Rh', 'S', 'Sn']",Ag-Rh-S-Sn,AgSnRhS4
mp-3287058,Sc4AgRh,0.0,-0.4785633125,0.0,True,True,24,5.223097542897512,3,"['Ag', 'Rh', 'Sc']",Ag-Rh-Sc,Sc4AgRh
mp-1096322,Sc2AgRh,0.0,1.754206132083334,2.410722872499999,True,False,4,0.512106071753433,3,"['Ag', 'Rh', 'Sc']",Ag-Rh-Sc,Sc2AgRh
mp-3212665,Sc4Zn4AgRh7,0.0,-0.7605748384374991,0.0,True,True,16,8.758633199731877,4,"['Ag', 'Rh', 'Sc', 'Zn']",Ag-Rh-Sc-Zn,Sc4Zn4AgRh7
mp-3207211,AgSnRhSe4,0.6698000000000001,-0.461911837321427,0.0,False,True,14,6.516469835995158,4,"['Ag', 'Rh', 'Se', 'Sn']",Ag-Rh-Se-Sn,AgSnRhSe4
mp-3245279,Th4Si6AgRh,0.0,-0.8034792379166611,0.0,True,True,12,8.606422371404433,4,"['Ag', 'Rh', 'Si', 'Th']",Ag-Rh-Si-Th,Th4Si6AgRh
mp-972530,Sm2AgRh,0.0,-0.489275250416666,0.024012994560808,True,False,4,9.124827759117276,3,"['Ag', 'Rh', 'Sm']",Ag-Rh-Sm,Sm2AgRh
mp-3333183,Sm3Ag5Rh,0.0,-0.418219622777778,0.0,True,True,9,9.168603480721226,3,"['Ag', 'Rh', 'Sm']",Ag-Rh-Sm,Sm3Ag5Rh
mp-3247852,SmZn3AgRh,0.0,-0.464422288333336,0.0,True,True,6,9.1380734655012,4,"['Ag', 'Rh', 'Sm', 'Zn']",Ag-Rh-Sm-Zn,SmZn3AgRh
mp-1097284,AgSnRh2,0.0,2.282270010833334,2.554250910833333,True,False,4,0.8585207697468721,3,"['Ag', 'Rh', 'Sn']",Ag-Rh-Sn,AgSnRh2
mp-1097092,Y2AgRh,0.0,1.783080582083334,2.350103442500001,True,False,4,0.5556879334636631,3,"['Ag', 'Rh', 'Y']",Ag-Rh-Y,Y2AgRh
mp-3296190,Y10Ag3Rh,0.0,-0.308635049642853,0.0,True,True,28,5.721201026857683,3,"['Ag', 'Rh', 'Y']",Ag-Rh-Y,Y10Ag3Rh
mp-866206,Yb2AgRh,0.0,-0.688496306249998,0.040936869999999,True,False,4,11.377927826407882,3,"['Ag', 'Rh', 'Yb']",Ag-Rh-Yb,Yb2AgRh
mp-1097554,Zn2AgRh,0.2042,1.463958335833336,1.762247514583332,False,False,4,0.686948612098199,3,"['Ag', 'Rh', 'Zn']",Ag-Rh-Zn,Zn2AgRh
mp-3329166,Zn3AgRh2,0.0,-0.361566273333333,0.0,True,True,6,10.117656830037678,3,"['Ag', 'Rh', 'Zn']",Ag-Rh-Zn,Zn3AgRh2
mp-1183261,Ag3Ru,0.0,0.5244341787499991,0.5244341787499991,True,False,8,10.235891254320787,2,"['Ag', 'Ru']",Ag-Ru,Ag3Ru
mp-3211803,Ag2Sn3RuS8,1.2043,-0.49064323767857,0.0,False,True,14,5.157254566893465,4,"['Ag', 'Ru', 'S', 'Sn']",Ag-Ru-S-Sn,Ag2Sn3RuS8
mp-3256947,Sc4AgRu3,0.0,-0.550383474374999,0.0,True,True,16,7.14475282305315,3,"['Ag', 'Ru', 'Sc']",Ag-Ru-Sc,Sc4AgRu3
mp-862473,Sc2AgRu,0.0,-0.439213590416665,0.0,True,True,4,6.929997067338367,3,"['Ag', 'Ru', 'Sc']",Ag-Ru-Sc,Sc2AgRu
mp-3303429,Sc10Ag3Ru,0.0,-0.26803044642857,0.0,True,True,28,4.795383845141218,3,"['Ag', 'Ru', 'Sc']",Ag-Ru-Sc,Sc10Ag3Ru
mp-3206850,Ag2Sn3RuSe8,0.827399999999999,-0.41834398267857,0.0,False,True,14,6.251863559893721,4,"['Ag', 'Ru', 'Se', 'Sn']",Ag-Ru-Se-Sn,Ag2Sn3RuSe8
mp-867869,Sm2AgRu,0.0,-0.2817299925,0.0,True,True,4,9.381362144198777,3,"['Ag', 'Ru', 'Sm']",Ag-Ru-Sm,Sm2AgRu
mp-3332523,Sm3Ag5Ru,0.0,-0.283548215555558,0.0,True,True,9,9.1571721386463,3,"['Ag', 'Ru', 'Sm']",Ag-Ru-Sm,Sm3Ag5Ru
mp-3195606,Tb9YAg3Ru,0.0,-0.268079739999998,0.0,True,True,28,8.555041704734727,4,"['Ag', 'Ru', 'Tb', 'Y']",Ag-Ru-Tb-Y,Tb9YAg3Ru
mp-865282,Tm2AgRu,0.0,-0.40883406291667,0.0,True,True,4,11.209977642276588,3,"['Ag', 'Ru', 'Tm']",Ag-Ru-Tm,Tm2AgRu
mp-3311904,Tm10Ag3Ru,0.0,-0.301953947500002,0.0,True,True,28,9.943697997981031,3,"['Ag', 'Ru', 'Tm']",Ag-Ru-Tm,Tm10Ag3Ru
mp-3328437,Tm3AgRu2,0.0,-0.507754582500003,0.0,True,True,6,11.343415515701038,3,"['Ag', 'Ru', 'Tm']",Ag-Ru-Tm,Tm3AgRu2
mp-865561,Y2AgRu,0.0,-0.321750000416666,0.0,True,True,4,7.504637706962823,3,"['Ag', 'Ru', 'Y']",Ag-Ru-Y,Y2AgRu
mp-3312659,Y10Ag3Ru,0.0,-0.246357856071426,0.0,True,True,28,5.746387405657598,3,"['Ag', 'Ru', 'Y']",Ag-Ru-Y,Y10Ag3Ru
mp-3214571,Zn11AgRu,0.0,-0.080744461153845,0.003775997431624,True,False,26,8.220808408896438,3,"['Ag', 'Ru', 'Zn']",Ag-Ru-Zn,Zn11AgRu
mp-32669,Ag2S,1.3001,-0.108455252604166,0.009918613333333,False,False,6,6.422762894340639,2,"['Ag', 'S']",Ag-S,Ag2S
mp-1183254,Ag3S,0.0,0.061218283880212,0.149998683333333,True,False,8,8.177007044993303,2,"['Ag', 'S']",Ag-S,Ag3S
mp-28963,Ag8S,0.0,0.229205100798607,0.268663056111108,True,False,9,7.81870529998439,2,"['Ag', 'S']",Ag-S,Ag8S
mp-627601,AgSbS2,1.6047,-0.153785503906249,0.096325894999999,False,False,16,3.6371785214890062,3,"['Ag', 'S', 'Sb']",Ag-S-Sb,AgSbS2
mp-555269,Ag3SbS3,1.5142,-0.206789332633925,0.0,False,True,28,5.802740886522704,3,"['Ag', 'S', 'Sb']",Ag-S-Sb,Ag3SbS3
mp-4004,Ag5SbS4,0.5945,-0.164979653625002,0.015285038999998,False,False,20,5.893921663282094,3,"['Ag', 'S', 'Sb']",Ag-S-Sb,Ag5SbS4
mp-1228993,AgSbSeS,0.0,-0.143536025156247,0.095630497187499,True,False,4,6.259735506212973,4,"['Ag', 'S', 'Sb', 'Se']",Ag-S-Sb-Se,AgSbSeS
mp-581376,Tl3Ag3(SbS3)2,1.3068,-0.463188391785714,0.0,False,True,56,6.123761567387831,4,"['Ag', 'S', 'Sb', 'Tl']",Ag-S-Sb-Tl,Tl3Ag3(SbS3)2
mp-1094066,ScAgS2,1.2377999999999991,-1.407028206406249,0.0,False,True,4,4.306987351412815,3,"['Ag', 'S', 'Sc']",Ag-S-Sc,ScAgS2
mp-3215269,Sc3Ta(AgS4)2,0.6267,-1.481565542130951,0.0,False,True,28,4.342319808840782,4,"['Ag', 'S', 'Sc', 'Ta']",Ag-S-Sc-Ta,Sc3Ta(AgS4)2
mp-7614,Si(Ag4S3)2,1.1051,-0.285906270458332,0.0,False,True,60,6.046393682787592,3,"['Ag', 'S', 'Si']",Ag-S-Si,Si(Ag4S3)2
mp-1190974,SiAg2S3,1.3317,-0.453803688593744,0.006062687395841,False,False,24,4.226396107666479,3,"['Ag', 'S', 'Si']",Ag-S-Si,SiAg2S3
mp-1219303,Si3Ag10S11,1.2759,-0.380522120898464,0.006860877786431,False,False,48,5.015972348171531,3,"['Ag', 'S', 'Si']",Ag-S-Si,Si3Ag10S11
mp-863032,Sm3SiAgS7,1.793599999999999,-1.7817815928472212,0.0,False,True,24,5.205836866043843,4,"['Ag', 'S', 'Si', 'Sm']",Ag-S-Si-Sm,Sm3SiAgS7
mp-1189914,ZnSi(AgS2)2,1.6859,-0.601970757031249,0.0,False,True,16,4.364531119583839,4,"['Ag', 'S', 'Si', 'Zn']",Ag-S-Si-Zn,ZnSi(AgS2)2
mp-1205094,SmAgS2,1.9791999999999992,-1.557635990104165,0.009182552499987,False,False,32,5.4117996225580765,3,"['Ag', 'S', 'Sm']",Ag-S-Sm,SmAgS2
mp-37923,Sm5AgS8,1.7542,-2.114166379761904,0.024017178839282,False,False,14,6.050666353300868,3,"['Ag', 'S', 'Sm']",Ag-S-Sm,Sm5AgS8
mp-3250352,Sr2SmAg5S6,1.6073,-1.193626622991071,0.0,False,True,14,5.598989439436079,4,"['Ag', 'S', 'Sm', 'Sr']",Ag-S-Sm-Sr,Sr2SmAg5S6
mp-530464,Ag5(Sn3S8)2,0.0,-0.327982911545141,0.026250193622685,True,False,54,4.738482724984103,3,"['Ag', 'S', 'Sn']",Ag-S-Sn,Ag5(Sn3S8)2
mp-15645,Ag8SnS6,0.535099999999999,-0.204963409791666,0.0,False,True,60,6.232772680959803,3,"['Ag', 'S', 'Sn']",Ag-S-Sn,Ag8SnS6
mp-1195808,Ag4Sn3S8,0.2293,-0.331556197333336,0.007910371833334,False,False,60,5.344248886654139,3,"['Ag', 'S', 'Sn']",Ag-S-Sn,Ag4Sn3S8
mp-1229005,AgSnS2,0.0,-0.273756720572913,0.081720575833333,True,False,4,5.731764175555679,3,"['Ag', 'S', 'Sn']",Ag-S-Sn,AgSnS2
mp-1079889,ZnAg2SnS4,0.218199999999999,-0.621001458541664,0.0,False,True,8,4.633644483182918,4,"['Ag', 'S', 'Sn', 'Zn']",Ag-S-Sn-Zn,ZnAg2SnS4
mp-5821,TaAgS3,0.0,-0.9555403932999992,0.0,True,True,10,6.870790228678843,3,"['Ag', 'S', 'Ta']",Ag-S-Ta,TaAgS3
mp-620369,TaAg7S6,0.5141,-0.472913208857141,0.018544185000001,False,False,28,6.123193874274424,3,"['Ag', 'S', 'Ta']",Ag-S-Ta,TaAg7S6
mp-677597,Ta4AgS8,0.0,-1.276828668923074,0.0,True,True,26,6.900234767995343,3,"['Ag', 'S', 'Ta']",Ag-S-Ta,Ta4AgS8
mp-1217770,Ta2AgS4,0.0,-1.118980538047617,0.066646083095235,True,False,7,7.160791761729355,3,"['Ag', 'S', 'Ta']",Ag-S-Ta,Ta2AgS4
mp-558241,TaTl2AgS4,2.0324,-0.8669619891458351,0.0,False,True,32,6.173935576220624,4,"['Ag', 'S', 'Ta', 'Tl']",Ag-S-Ta-Tl,TaTl2AgS4
mp-1208370,TbAgS2,1.5681,-1.565494165833331,0.005835215937497,False,False,32,5.893246543524841,3,"['Ag', 'S', 'Tb']",Ag-S-Tb,TbAgS2
mp-33449,Tb5AgS8,1.817,-2.11290062392857,0.031726990624997,False,False,14,6.582949857629312,3,"['Ag', 'S', 'Tb']",Ag-S-Tb,Tb5AgS8
mp-29163,Ag2TeS3,1.2999,-0.078949780572917,0.0,False,True,12,5.146247485897094,3,"['Ag', 'S', 'Te']",Ag-S-Te,Ag2TeS3
mp-1102112,V3Ag2TeS6,0.0,-0.999176045416667,0.0,True,True,12,5.360644186692866,4,"['Ag', 'S', 'Te', 'V']",Ag-S-Te-V,V3Ag2TeS6
mp-3272144,Ti8AgS16,0.0,-1.418589550133333,0.0,True,True,25,3.315384196838202,3,"['Ag', 'S', 'Ti']",Ag-S-Ti,Ti8AgS16
mp-675920,Ti6AgS12,0.0,-1.529113665350882,0.0,True,True,19,3.369561031187579,3,"['Ag', 'S', 'Ti']",Ag-S-Ti,Ti6AgS12
mp-557833,Ti(Ag4S3)2,0.6463000000000001,-0.474772406277776,0.034044078910254,False,False,60,5.871015591304139,3,"['Ag', 'S', 'Ti']",Ag-S-Ti,Ti(Ag4S3)2
mp-1217143,Ti3AgS6,0.0,-1.449190208666665,0.00346777341669,True,False,10,3.768814876343222,3,"['Ag', 'S', 'Ti']",Ag-S-Ti,Ti3AgS6
mp-1095594,TlAgS,0.724499999999999,-0.345621662500001,0.023753276203701,False,False,12,8.062351217323005,3,"['Ag', 'S', 'Tl']",Ag-S-Tl,TlAgS
mp-4762,TlAg3S2,0.9032999999999992,-0.284645771805555,0.016858450185181,False,False,24,7.123522400354351,3,"['Ag', 'S', 'Tl']",Ag-S-Tl,TlAg3S2
mp-1079656,TmAgS2,0.8188999999999991,-1.528403502656253,0.008785750312497,False,False,8,6.667306951444015,3,"['Ag', 'S', 'Tm']",Ag-S-Tm,TmAgS2
mp-990091,Ag2WS4,1.098999999999999,-0.3365074984375,0.092901304910714,False,False,28,5.014355634701696,3,"['Ag', 'S', 'W']",Ag-S-W,Ag2WS4
mp-1096795,YAgS2,1.7042000000000002,-1.542876661666666,0.018750553749996,False,False,4,4.576429956168475,3,"['Ag', 'S', 'Y']",Ag-S-Y,YAgS2
mp-7962,YbAgS2,0.0,-1.524217567656251,0.0,True,True,8,6.785303928621003,3,"['Ag', 'S', 'Yb']",Ag-S-Yb,YbAgS2
mp-16240,Ag3Sb,0.0,0.041008395000002,0.041008395000002,True,False,8,9.488630316469116,2,"['Ag', 'Sb']",Ag-Sb,Ag3Sb
mp-33683,AgSbSe2,0.0,-0.207029625781252,0.020781245624998,True,False,8,6.639287966234777,3,"['Ag', 'Sb', 'Se']",Ag-Sb-Se,AgSbSe2
mp-1229007,AgSbTeSe,0.0,-0.298649990169269,0.0860719687499999,True,False,4,6.878996782445512,4,"['Ag', 'Sb', 'Se', 'Te']",Ag-Sb-Se-Te,AgSbTeSe
mp-1206390,Sm2AgSb3,0.109899999999999,2.077063528749998,3.022558382083335,False,False,6,0.368895159339173,3,"['Ag', 'Sb', 'Sm']",Ag-Sb-Sm,Sm2AgSb3
mp-1229118,Ag6SnSb,0.0,0.029359320000001,0.029359320000001,True,False,8,9.601897020221978,3,"['Ag', 'Sb', 'Sn']",Ag-Sb-Sn,Ag6SnSb
mp-1077980,Sr(Ag2Sb)2,0.0,-0.356080660952379,0.0,True,True,7,7.675761584072092,3,"['Ag', 'Sb', 'Sr']",Ag-Sb-Sr,Sr(Ag2Sb)2
mp-1095891,Sr2AgSb,0.3261,0.6835075270833341,1.475491648194444,False,False,4,0.460089525503542,3,"['Ag', 'Sb', 'Sr']",Ag-Sb-Sr,Sr2AgSb
mp-11217,SrAgSb,0.0,-0.474327903888887,0.216964829412393,True,False,6,6.053568607927178,3,"['Ag', 'Sb', 'Sr']",Ag-Sb-Sr,SrAgSb
mp-1206726,Tb2AgSb3,0.118199999999999,2.180301509166667,3.035229044444447,False,False,6,0.323499315605804,3,"['Ag', 'Sb', 'Tb']",Ag-Sb-Tb,Tb2AgSb3
mp-12359,AgSbTe2,0.0,-0.251622658749998,0.061227146250002,True,False,4,7.023188025778236,3,"['Ag', 'Sb', 'Te']",Ag-Sb-Te,AgSbTe2
mp-1214902,Ag3SbTe4,0.0,-0.193561908958332,0.089137168593749,True,False,8,7.401268060763414,3,"['Ag', 'Sb', 'Te']",Ag-Sb-Te,Ag3SbTe4
mp-1215084,Ag3SbTe6,0.1705,0.854847681500001,1.160505323187496,False,False,10,0.334313887706855,3,"['Ag', 'Sb', 'Te']",Ag-Sb-Te,Ag3SbTe6
mp-1207047,Tm2AgSb3,0.144699999999999,2.135832439444442,2.997380329444446,False,False,6,0.420405644983412,3,"['Ag', 'Sb', 'Tm']",Ag-Sb-Tm,Tm2AgSb3
mp-1078739,YAgSb2,0.0,-0.6974421150000011,0.0,True,True,8,7.418463101802549,3,"['Ag', 'Sb', 'Y']",Ag-Sb-Y,YAgSb2
mp-1206111,Y2AgSb3,0.160899999999999,2.153722007499991,3.080801712500005,False,False,6,0.326402222828332,3,"['Ag', 'Sb', 'Y']",Ag-Sb-Y,Y2AgSb3
mp-1187877,Yb2AgSb,0.0,-0.512832003749998,0.307434777499999,True,False,4,10.0961026188072,3,"['Ag', 'Sb', 'Yb']",Ag-Sb-Yb,Yb2AgSb
mp-3302157,Yb5AgSb3,0.0,-0.764076934444448,0.173963286111106,True,False,18,9.010075905708218,3,"['Ag', 'Sb', 'Yb']",Ag-Sb-Yb,Yb5AgSb3
mp-1190110,Zr5AgSb3,0.0,-0.693028715185184,0.0,True,True,18,7.8785259228465,3,"['Ag', 'Sb', 'Zr']",Ag-Sb-Zr,Zr5AgSb3
mp-1018128,ScAg2,0.0,-0.290682248333332,0.0,True,True,3,7.747311387233375,2,"['Ag', 'Sc']",Ag-Sc,ScAg2
mp-1186973,ScAg3,0.0,-0.156942072499997,0.068511942500002,True,False,4,8.362995683048666,2,"['Ag', 'Sc']",Ag-Sc,ScAg3
mp-11237,ScAg,0.0,-0.263373245,0.0,True,True,2,6.337860969153973,2,"['Ag', 'Sc']",Ag-Sc,ScAg
mp-30354,ScAg4,0.0,-0.186317074999999,0.0,True,True,5,8.892463508788001,2,"['Ag', 'Sc']",Ag-Sc,ScAg4
mp-12908,ScAgSe2,0.6794,-1.2746940445312511,0.002320386875002,False,False,4,5.909098787862515,3,"['Ag', 'Sc', 'Se']",Ag-Sc-Se,ScAgSe2
mp-1100432,ScSiAg,0.0,0.075430832777776,0.6476954327777781,True,False,3,4.622102918496754,3,"['Ag', 'Sc', 'Si']",Ag-Sc-Si,ScSiAg
mp-3212939,Sc6Zn22SiAg,0.0,-0.341985209333334,0.0,True,True,30,6.486427108151252,4,"['Ag', 'Sc', 'Si', 'Zn']",Ag-Sc-Si-Zn,Sc6Zn22SiAg
mp-1093744,ScAg2Sn,0.0,1.67568435208333,2.043753724583332,True,False,4,0.60990036619038,3,"['Ag', 'Sc', 'Sn']",Ag-Sc-Sn,ScAg2Sn
mp-1097206,Sc2AgSn,0.0,1.8137331300892927,2.386813782589286,True,False,4,0.5183944968845791,3,"['Ag', 'Sc', 'Sn']",Ag-Sc-Sn,Sc2AgSn
mp-1208964,ScAgSn,0.0,-0.490498976111107,0.000260187222224,True,False,9,6.870498875780204,3,"['Ag', 'Sc', 'Sn']",Ag-Sc-Sn,ScAgSn
mp-862379,Sc2TcAg,0.0,-0.240928231666664,0.014370795312501,True,False,4,6.805264873449335,3,"['Ag', 'Sc', 'Tc']",Ag-Sc-Tc,Sc2TcAg
mp-30203,Sc6AgTe2,0.0,-0.692707156388888,0.012151069203703,True,False,36,4.921318466827358,3,"['Ag', 'Sc', 'Te']",Ag-Sc-Te,Sc6AgTe2
mp-862366,Sc2TlAg,0.0,-0.337744108749998,0.0,True,True,4,7.759728606079974,3,"['Ag', 'Sc', 'Tl']",Ag-Sc-Tl,Sc2TlAg
mp-1093619,ScTlAg2,0.0,1.517092730416664,1.7351044166666691,True,False,4,0.615783357216522,3,"['Ag', 'Sc', 'Tl']",Ag-Sc-Tl,ScTlAg2
mp-1097110,YScAg2,0.076699999999999,2.059703301250003,2.35509614,False,False,4,0.49738892965817,3,"['Ag', 'Sc', 'Y']",Ag-Sc-Y,YScAg2
mp-1186953,Sc2ZnAg,0.0,-0.319205352916665,0.012488584999999,True,False,4,5.645955529438359,3,"['Ag', 'Sc', 'Zn']",Ag-Sc-Zn,Sc2ZnAg
mp-1097467,ScZnAg2,0.1718,1.496792015416667,1.7570339545833331,False,False,4,0.5097402326553521,3,"['Ag', 'Sc', 'Zn']",Ag-Sc-Zn,ScZnAg2
mp-867109,ScZn2Ag,0.0,-0.281867579166665,0.004820286666665,True,False,4,7.167309174906999,3,"['Ag', 'Sc', 'Zn']",Ag-Sc-Zn,ScZn2Ag
mp-3315652,Sc2Zn3Ag4,0.0,-0.275830522777776,0.0,True,True,18,7.754756203964501,3,"['Ag', 'Sc', 'Zn']",Ag-Sc-Zn,Sc2Zn3Ag4
mp-754954,Ag2Se,0.138399999999999,-0.128311240520834,0.00502677,False,False,12,7.259399584691568,2,"['Ag', 'Se']",Ag-Se,Ag2Se
mp-3270003,AgSe2,0.0,-0.088925245208334,0.0,True,True,12,6.368143967322125,2,"['Ag', 'Se']",Ag-Se,AgSe2
mp-1183249,Ag3Se,0.0,-0.029397497057289,0.070606010833333,True,False,8,8.76189601499747,2,"['Ag', 'Se']",Ag-Se,Ag3Se
mp-1101086,AgSe5,0.0,0.102818451471352,0.14728107407552,True,False,12,2.616306428249072,2,"['Ag', 'Se']",Ag-Se,AgSe5
mp-379,AgSe,0.0,-0.090979823450521,0.020151804414062,True,False,2,5.811062404994472,2,"['Ag', 'Se']",Ag-Se,AgSe
mp-675430,Sm4Ag2Se7,1.6287,-1.638286233453523,0.083290105464726,False,False,26,6.703010700329265,3,"['Ag', 'Se', 'Sm']",Ag-Se-Sm,Sm4Ag2Se7
mp-38805,Sm5AgSe8,1.472199999999999,-1.9496743074627871,0.027154619947918,False,False,14,7.131160275754582,3,"['Ag', 'Se', 'Sm']",Ag-Se-Sm,Sm5AgSe8
mp-1096812,Ag2SnSe3,0.0586,-0.286441516406249,0.00408839020833,False,False,48,5.688196752084279,3,"['Ag', 'Se', 'Sn']",Ag-Se-Sn,Ag2SnSe3
mp-17984,Ag8SnSe6,0.000999999999999,-0.210509788958332,0.0,False,True,30,6.919829560988783,3,"['Ag', 'Se', 'Sn']",Ag-Se-Sn,Ag8SnSe6
mp-1229011,AgSnSe2,0.0,-0.333949168281247,0.0,True,True,4,6.916983722754844,3,"['Ag', 'Se', 'Sn']",Ag-Se-Sn,AgSnSe2
mp-1093995,ZnAg2SnSe4,0.0,-0.5823426184635411,0.010297994687505,True,False,8,5.415000277997176,4,"['Ag', 'Se', 'Sn', 'Zn']",Ag-Se-Sn-Zn,ZnAg2SnSe4
mp-3204194,TaAg3Se4,1.8822,-0.492581643572915,0.0,False,True,16,5.633191984180861,3,"['Ag', 'Se', 'Ta']",Ag-Se-Ta,TaAg3Se4
mp-3215450,TaV(Ag3Se4)2,0.884599999999999,-0.441987449364578,0.0,False,True,16,5.280289376723788,4,"['Ag', 'Se', 'Ta', 'V']",Ag-Se-Ta-V,TaV(Ag3Se4)2
mp-979271,TbAgSe2,0.468099999999999,-1.400293207005207,0.03255524622396,False,False,8,7.078983917711793,3,"['Ag', 'Se', 'Tb']",Ag-Se-Tb,TbAgSe2
mp-1021670,TiAgSe2,0.0,-0.943584602421874,0.126174119583335,True,False,4,5.983677568121115,3,"['Ag', 'Se', 'Ti']",Ag-Se-Ti,TiAgSe2
mp-570021,Ti6Tl5AgSe27,0.6789000000000001,-0.955324131836272,0.0,False,True,78,5.410150542316151,4,"['Ag', 'Se', 'Ti', 'Tl']",Ag-Se-Ti-Tl,Ti6Tl5AgSe27
mp-685442,Tl18Ag59Se39,0.0,-0.195146629494439,0.021170939816794,True,False,116,7.711939892805075,3,"['Ag', 'Se', 'Tl']",Ag-Se-Tl,Tl18Ag59Se39
mp-27944,TlAgSe2,0.0,-0.014843113489575,0.228946952916668,True,False,24,6.61997970174712,3,"['Ag', 'Se', 'Tl']",Ag-Se-Tl,TlAgSe2
mp-29238,TlAgSe,0.6000999999999991,-0.312412854687498,0.0,False,True,12,8.726613593089015,3,"['Ag', 'Se', 'Tl']",Ag-Se-Tl,TlAgSe
mp-1188652,TmAgSe2,1.724699999999999,-1.404578352031251,0.003551257187499,False,False,16,7.472579408161906,3,"['Ag', 'Se', 'Tm']",Ag-Se-Tm,TmAgSe2
mp-676284,YAgSe2,0.515899999999999,-1.38369469453125,0.041220112499999,False,False,8,5.933962384916759,3,"['Ag', 'Se', 'Y']",Ag-Se-Y,YAgSe2
mp-1106005,YbAgSe2,0.0,-1.399850340781249,0.0056257240625,True,False,16,7.592898476092291,3,"['Ag', 'Se', 'Yb']",Ag-Se-Yb,YbAgSe2
mp-1248087,Si3Ag,0.0,0.446244300833333,0.446244300833333,True,False,8,4.765314340794717,2,"['Ag', 'Si']",Ag-Si,Si3Ag
mp-1187005,SiAg3,0.0,0.192992066249999,0.192992066249999,True,False,8,8.412727985054694,2,"['Ag', 'Si']",Ag-Si,SiAg3
mp-1095654,SiAg2,0.0,0.536599599722222,0.536599599722219,True,False,12,6.864882528316698,2,"['Ag', 'Si']",Ag-Si,SiAg2
mp-567600,Sm(SiAg)2,0.0,-0.459132385999998,0.0,True,True,5,7.468245541743599,3,"['Ag', 'Si', 'Sm']",Ag-Si-Sm,Sm(SiAg)2
mp-972524,SmSiAg,0.0,-0.6166301522222191,0.0,True,True,9,7.5667777042379,3,"['Ag', 'Si', 'Sm']",Ag-Si-Sm,SmSiAg
mp-3231405,Tm3Si2Ag3Sn,0.0,-0.631766301666668,0.0,True,True,9,9.093344617019811,4,"['Ag', 'Si', 'Sn', 'Tm']",Ag-Si-Sn-Tm,Tm3Si2Ag3Sn
mp-7880,Sr(SiAg)2,0.0,-0.3030315,0.0,True,True,5,5.910988575247062,3,"['Ag', 'Si', 'Sr']",Ag-Si-Sr,Sr(SiAg)2
mp-3231627,Tb3(SiAg2)2,0.0,-0.546373488888889,0.0,True,True,9,8.613106177894801,3,"['Ag', 'Si', 'Tb']",Ag-Si-Tb,Tb3(SiAg2)2
mp-4614,Tb(SiAg)2,0.0,-0.366298262,0.0,True,True,5,7.783069810092456,3,"['Ag', 'Si', 'Tb']",Ag-Si-Tb,Tb(SiAg)2
mp-3273008,Tb8Zn3Si12Ag,0.0,-0.7011607524999991,0.0,True,True,24,6.862822315511817,4,"['Ag', 'Si', 'Tb', 'Zn']",Ag-Si-Tb-Zn,Tb8Zn3Si12Ag
mp-3336391,Tb3ZnSi2Ag3,0.0,-0.590407802222222,0.0,True,True,9,8.423281689350265,4,"['Ag', 'Si', 'Tb', 'Zn']",Ag-Si-Tb-Zn,Tb3ZnSi2Ag3
mp-3344972,Tb2Zn5Si3Ag,0.0,-0.419787511363637,0.0,True,True,11,7.199030744079316,4,"['Ag', 'Si', 'Tb', 'Zn']",Ag-Si-Tb-Zn,Tb2Zn5Si3Ag
mp-3204316,Si(Ag4Te3)2,0.6386000000000001,-0.116197390333331,0.0,False,True,30,6.947955332219165,3,"['Ag', 'Si', 'Te']",Ag-Si-Te,Si(Ag4Te3)2
mp-3223313,Th2Si2Ag,0.0,-0.567640377999998,0.008174106999994,True,False,10,8.986611682930915,3,"['Ag', 'Si', 'Th']",Ag-Si-Th,Th2Si2Ag
mp-3241055,Th2Si3Ag,0.0,-0.609829814999997,0.0,True,True,6,8.464893742691187,3,"['Ag', 'Si', 'Th']",Ag-Si-Th,Th2Si3Ag
mp-3222961,TmTh4Si4Ag,0.0,-0.6791313654999951,0.0,True,True,10,9.067936139098132,4,"['Ag', 'Si', 'Th', 'Tm']",Ag-Si-Th-Tm,TmTh4Si4Ag
mp-3240512,YThSi3Ag,0.0,-0.6542806549999981,0.0,True,True,6,6.856343865471931,4,"['Ag', 'Si', 'Th', 'Y']",Ag-Si-Th-Y,YThSi3Ag
mp-1079093,TmSiAg,0.0,-0.6339032611111131,0.0,True,True,9,8.785094356984526,3,"['Ag', 'Si', 'Tm']",Ag-Si-Tm,TmSiAg
mp-1091398,YSiAg,0.0,-0.643740774444441,0.0,True,True,9,6.227226348686101,3,"['Ag', 'Si', 'Y']",Ag-Si-Y,YSiAg
mp-3230863,Y3Zn3Si2Ag,0.0,-0.617996450000002,0.0,True,True,9,5.953254224431976,4,"['Ag', 'Si', 'Y', 'Zn']",Ag-Si-Y-Zn,Y3Zn3Si2Ag
mp-3249349,Yb4Si3Ag5,0.0,-0.429501277499999,0.133809104166669,True,False,12,8.948292903694176,3,"['Ag', 'Si', 'Yb']",Ag-Si-Yb,Yb4Si3Ag5
mp-10668,Yb(SiAg)2,0.0,-0.354466358999999,0.024364975333323,True,False,5,8.231686088970346,3,"['Ag', 'Si', 'Yb']",Ag-Si-Yb,Yb(SiAg)2
mp-16241,YbSiAg,0.0,-0.631385557222223,0.0,True,True,9,8.9855448376029,3,"['Ag', 'Si', 'Yb']",Ag-Si-Yb,YbSiAg
mp-3247711,Yb4ZnSi3Ag4,0.0,-0.458660949999999,0.115781295208329,True,False,12,8.806893206450075,4,"['Ag', 'Si', 'Yb', 'Zn']",Ag-Si-Yb-Zn,Yb4ZnSi3Ag4
mp-3212841,Zr6Zn22SiAg,0.0,-0.343887049666667,0.0,True,True,30,7.573363776537388,4,"['Ag', 'Si', 'Zn', 'Zr']",Ag-Si-Zn-Zr,Zr6Zn22SiAg
mp-862736,SmAg3,0.0,-0.197804233749998,0.062381017635136,True,False,4,9.327057665198556,2,"['Ag', 'Sm']",Ag-Sm,SmAg3
mp-978790,Sm3Ag,0.0,0.00505720625,0.156278,True,False,4,8.069943261145738,2,"['Ag', 'Sm']",Ag-Sm,Sm3Ag
mp-2475,SmAg,0.0,-0.302441587499998,0.0,True,True,2,8.564230048328586,2,"['Ag', 'Sm']",Ag-Sm,SmAg
mp-1219378,Sm14Ag51,0.0,-0.254334374076923,0.0,True,True,65,9.524554993040084,2,"['Ag', 'Sm']",Ag-Sm,Sm14Ag51
mp-862735,SmAg2Sn,0.0,-0.387455830833332,0.047325034471727,True,False,4,8.93765208932433,3,"['Ag', 'Sm', 'Sn']",Ag-Sm-Sn,SmAg2Sn
mp-972511,Sm2AgSn,0.0,-0.525067704166666,0.027690606497749,True,False,4,8.114007267665757,3,"['Ag', 'Sm', 'Sn']",Ag-Sm-Sn,Sm2AgSn
mp-1205500,Sm3(AgSn)4,0.0,-0.5318864356060601,0.0,True,True,11,8.588385683235094,3,"['Ag', 'Sm', 'Sn']",Ag-Sm-Sn,Sm3(AgSn)4
mp-1219082,SmAgSn,0.0,-0.333941788888888,0.21215743302721,True,False,6,7.991965190370624,3,"['Ag', 'Sm', 'Sn']",Ag-Sm-Sn,SmAgSn
mp-867876,SmTlAg2,0.0,-0.246433632916667,0.015820380723042,True,False,4,10.689412527714673,3,"['Ag', 'Sm', 'Tl']",Ag-Sm-Tl,SmTlAg2
mp-972536,Sm2TlAg,0.0,-0.327108961250003,0.0,True,True,4,9.440253350162289,3,"['Ag', 'Sm', 'Tl']",Ag-Sm-Tl,Sm2TlAg
mp-972528,SmYAg2,0.0,-0.311242124999999,0.003684885000001,True,False,4,7.711799465689574,3,"['Ag', 'Sm', 'Y']",Ag-Sm-Y,SmYAg2
mp-1187520,YbSmAg2,0.0,-0.3267308412499999,0.008770929999997,True,False,4,9.448566701899166,3,"['Ag', 'Sm', 'Yb']",Ag-Sm-Yb,YbSmAg2
mp-3270175,SmZn10Ag,0.0,-0.258279112916667,0.0,True,True,24,8.09184102633906,3,"['Ag', 'Sm', 'Zn']",Ag-Sm-Zn,SmZn10Ag
mp-867140,SmZn2Ag,0.0,-0.296511144166666,0.025751989264706,True,False,4,8.49333379508621,3,"['Ag', 'Sm', 'Zn']",Ag-Sm-Zn,SmZn2Ag
mp-978560,SmZnAg2,0.0,-0.218598347083332,0.068371791029413,True,False,4,8.491454938062411,3,"['Ag', 'Sm', 'Zn']",Ag-Sm-Zn,SmZnAg2
mp-979057,Sm2ZnAg,0.0,-0.295225897916665,0.005592954999999,True,False,4,8.015989387970683,3,"['Ag', 'Sm', 'Zn']",Ag-Sm-Zn,Sm2ZnAg
mp-3308519,Sm2Zn3Ag4,0.0,-0.331817558333335,0.0,True,True,18,8.97130693016768,3,"['Ag', 'Sm', 'Zn']",Ag-Sm-Zn,Sm2Zn3Ag4
mp-611,Ag3Sn,0.0,0.01317748125,0.01317748125,True,False,8,9.740192817095668,2,"['Ag', 'Sn']",Ag-Sn,Ag3Sn
mp-1183248,AgSn3,0.0,0.111491117500001,0.111491117500001,True,False,8,7.522514060079257,2,"['Ag', 'Sn']",Ag-Sn,AgSn3
mp-7366,Sr(AgSn)2,0.0,-0.372733112,0.0,True,True,5,6.975139754914888,3,"['Ag', 'Sn', 'Sr']",Ag-Sn-Sr,Sr(AgSn)2
mp-1097189,Sr2AgSn,0.0,0.9737184953125,1.545990747187502,True,False,4,0.427953788976904,3,"['Ag', 'Sn', 'Sr']",Ag-Sn-Sr,Sr2AgSn
mp-31422,TbAgSn,0.0,-0.599214716111108,0.0,True,True,6,8.959964268974586,3,"['Ag', 'Sn', 'Tb']",Ag-Sn-Tb,TbAgSn
mp-1217615,TbAgSn2,0.0,-0.448921397083331,0.009000271500001,True,False,4,8.907160120633824,3,"['Ag', 'Sn', 'Tb']",Ag-Sn-Tb,TbAgSn2
mp-3245138,TbTh(AgSn)2,0.0,-0.560534146666663,0.0,True,True,6,9.49623144160996,4,"['Ag', 'Sn', 'Tb', 'Th']",Ag-Sn-Tb-Th,TbTh(AgSn)2
mp-3336842,Ag3SnTe4,0.0,-0.136415625624998,0.0,True,True,8,6.053160404523608,3,"['Ag', 'Sn', 'Te']",Ag-Sn-Te,Ag3SnTe4
mp-1229006,AgSnTe2,0.0,-0.142879760729165,0.036413949687499,True,False,4,6.977893003537542,3,"['Ag', 'Sn', 'Te']",Ag-Sn-Te,AgSnTe2
mp-3245241,TmTh(AgSn)2,0.0,-0.530568089999997,0.0,True,True,6,9.769209084398586,4,"['Ag', 'Sn', 'Th', 'Tm']",Ag-Sn-Th-Tm,TmTh(AgSn)2
mp-3273599,Ti12AgSn9,0.0,-0.387025132045455,0.0,True,True,22,6.936221599504518,3,"['Ag', 'Sn', 'Ti']",Ag-Sn-Ti,Ti12AgSn9
mp-1208279,Ti5AgSn3,0.0,-0.32785338444445,0.012991985925914,True,False,18,6.9358204553813945,3,"['Ag', 'Sn', 'Ti']",Ag-Sn-Ti,Ti5AgSn3
mp-6917,TmAgSn,0.0,-0.5470716238888871,0.0,True,True,6,9.499479901553997,3,"['Ag', 'Sn', 'Tm']",Ag-Sn-Tm,TmAgSn
mp-5729,YAgSn,0.0,-0.5947807188888861,0.0,True,True,6,7.331142573515571,3,"['Ag', 'Sn', 'Y']",Ag-Sn-Y,YAgSn
mp-1216005,YAgSn2,0.0,-0.438700250416665,0.010862619687499,True,False,4,7.665732059101998,3,"['Ag', 'Sn', 'Y']",Ag-Sn-Y,YAgSn2
mp-1187820,YbAg2Sn,0.0,-0.326006256250003,0.062913779583333,True,False,4,10.261635467746435,3,"['Ag', 'Sn', 'Yb']",Ag-Sn-Yb,YbAg2Sn
mp-866212,Yb2AgSn,0.0,-0.517775671249999,0.064692018690482,True,False,4,10.091438733384075,3,"['Ag', 'Sn', 'Yb']",Ag-Sn-Yb,Yb2AgSn
mp-11069,YbAgSn,0.0,-0.5185600477777791,0.0,True,True,9,9.842847965549067,3,"['Ag', 'Sn', 'Yb']",Ag-Sn-Yb,YbAgSn
mp-568716,SrAg,0.0,-0.273446333999999,0.0,True,True,40,5.123866882793398,2,"['Ag', 'Sr']",Ag-Sr,SrAg
mp-1187102,Sr3Ag,0.0,0.064100476055553,0.200823643055553,True,False,4,3.718604998625251,2,"['Ag', 'Sr']",Ag-Sr,Sr3Ag
mp-1106092,Sr7Ag3,0.0,-0.150554536499998,0.013513263899998,True,False,20,3.817101380026945,2,"['Ag', 'Sr']",Ag-Sr,Sr7Ag3
mp-2410,SrAg5,0.0,-0.174919125833334,0.0,True,True,6,8.005697189220452,2,"['Ag', 'Sr']",Ag-Sr,SrAg5
mp-30356,SrAg2,0.0,-0.279196581666665,0.0,True,True,6,6.555096917066688,2,"['Ag', 'Sr']",Ag-Sr,SrAg2
mp-30357,Sr3Ag2,0.0,-0.215496192,0.003260875199998,True,False,15,4.438097531147944,2,"['Ag', 'Sr']",Ag-Sr,Sr3Ag2
mp-3251530,SrTbAgTe3,1.132299999999999,-1.416199583333333,0.0,False,True,12,6.513282791784061,4,"['Ag', 'Sr', 'Tb', 'Te']",Ag-Sr-Tb-Te,SrTbAgTe3
mp-3252623,SrTmAgTe3,1.1686,-1.379930552499999,0.0,False,True,12,6.731775077949402,4,"['Ag', 'Sr', 'Te', 'Tm']",Ag-Sr-Te-Tm,SrTmAgTe3
mp-3210062,SrYAgTe3,1.1768,-1.414714769999998,0.0,False,True,12,5.899988011899606,4,"['Ag', 'Sr', 'Te', 'Y']",Ag-Sr-Te-Y,SrYAgTe3
mp-3276189,Sr2(ZnAg2)3,0.0,-0.21915473681818,0.0,True,True,22,7.367154805201071,3,"['Ag', 'Sr', 'Zn']",Ag-Sr-Zn,Sr2(ZnAg2)3
mp-1093771,Sr2ZnAg,0.0,1.092212538312502,1.3214034953125,True,False,4,0.356359533781154,3,"['Ag', 'Sr', 'Zn']",Ag-Sr-Zn,Sr2ZnAg
mp-3214117,TaAg3Te4,1.475,-0.278345542166665,0.0,False,True,16,6.314211666027355,3,"['Ag', 'Ta', 'Te']",Ag-Ta-Te,TaAg3Te4
mp-1187267,Tb3Ag,0.0,0.015671212083335,0.167559841666666,True,False,4,8.7769806325359,2,"['Ag', 'Tb']",Ag-Tb,Tb3Ag
mp-980060,TbAg3,0.0,-0.218349787916666,0.041903996630434,True,False,4,9.922233299721594,2,"['Ag', 'Tb']",Ag-Tb,TbAg3
mp-2268,TbAg,0.0,-0.303777259166663,0.0,True,True,2,9.31061540643764,2,"['Ag', 'Tb']",Ag-Tb,TbAg
mp-30358,TbAg2,0.0,-0.313665986666666,0.0,True,True,3,9.74604567199628,2,"['Ag', 'Tb']",Ag-Tb,TbAg2
mp-1217874,Tb14Ag51,0.0,-0.238067177512818,0.0,True,True,65,10.137232903473375,2,"['Ag', 'Tb']",Ag-Tb,Tb14Ag51
mp-3551,TbAgTe2,0.8994000000000001,-1.128376059166666,0.0,False,True,8,7.214331077053024,3,"['Ag', 'Tb', 'Te']",Ag-Tb-Te,TbAgTe2
mp-978907,TbTlAg2,0.0,-0.235158228333333,0.019298539420291,True,False,4,11.190269513420535,3,"['Ag', 'Tb', 'Tl']",Ag-Tb-Tl,TbTlAg2
mp-3241196,TbZn2Ag3,0.0,-0.274394287499996,0.0,True,True,6,9.475510113365024,3,"['Ag', 'Tb', 'Zn']",Ag-Tb-Zn,TbZn2Ag3
mp-3323015,Tb2Zn2Ag5,0.0,-0.309275689444446,0.0,True,True,18,9.57598431790132,3,"['Ag', 'Tb', 'Zn']",Ag-Tb-Zn,Tb2Zn2Ag5
mp-1217670,Tb2ZnAg,0.0,-0.336379846249997,0.0,True,True,4,8.805384317462256,3,"['Ag', 'Tb', 'Zn']",Ag-Tb-Zn,Tb2ZnAg
mp-981749,TcAg3,0.0,0.594415053750001,0.594415053750001,True,False,4,9.954897122786814,2,"['Ag', 'Tc']",Ag-Tc,TcAg3
mp-1187589,Tm2TcAg,0.0,-0.202943497576754,0.086070841041667,True,False,4,10.78335959344135,3,"['Ag', 'Tc', 'Tm']",Ag-Tc-Tm,Tm2TcAg
mp-3305260,Tm12Tc3Ag,0.0,-0.162073607812509,0.0,True,True,16,9.781594486909786,3,"['Ag', 'Tc', 'Tm']",Ag-Tc-Tm,Tm12Tc3Ag
mp-1096319,Zr2TcAg,0.0,3.006397017187502,3.215399220312502,True,False,4,0.6563684560000941,3,"['Ag', 'Tc', 'Zr']",Ag-Tc-Zr,Zr2TcAg
mp-32811,Ag2Te,0.0,-0.053214175000003,0.041975696666664,True,False,6,7.95531965479629,2,"['Ag', 'Te']",Ag-Te,Ag2Te
mp-568761,AgTe,0.2411,-0.070750933749998,0.000641469999997,False,False,32,7.276716900919564,2,"['Ag', 'Te']",Ag-Te,AgTe
mp-28228,Ag7Te4,0.0,0.141600593113637,0.232463652431818,True,False,55,7.333233137867104,2,"['Ag', 'Te']",Ag-Te,Ag7Te4
mp-28246,AgTe3,0.0,-0.017118973749997,0.018577228125,True,False,4,7.154520158830463,2,"['Ag', 'Te']",Ag-Te,AgTe3
mp-5874,TlAgTe,0.6385000000000001,-0.352728518055561,0.0,False,True,12,8.537398175362997,3,"['Ag', 'Te', 'Tl']",Ag-Te-Tl,TlAgTe
mp-650442,Tl3AgTe2,0.5357000000000001,-0.395670876250001,0.0,False,True,24,8.481621502179273,3,"['Ag', 'Te', 'Tl']",Ag-Te-Tl,Tl3AgTe2
mp-685196,Tl2Ag16Te11,0.0,-0.202275416264366,0.048865004827585,True,False,58,7.414981662548986,3,"['Ag', 'Te', 'Tl']",Ag-Te-Tl,Tl2Ag16Te11
mp-531980,Tl4Ag18Te11,0.0,-0.266013636868689,0.0,True,True,66,8.308885115340072,3,"['Ag', 'Te', 'Tl']",Ag-Te-Tl,Tl4Ag18Te11
mp-569932,Tl7(Ag18Te11)2,0.0,-0.259457757076922,0.000428369750001,True,False,65,7.9533432641711395,3,"['Ag', 'Te', 'Tl']",Ag-Te-Tl,Tl7(Ag18Te11)2
mp-10006,TlAgTe2,0.0,-0.262565704583334,0.098984286678857,True,False,4,7.781764325671806,3,"['Ag', 'Te', 'Tl']",Ag-Te-Tl,TlAgTe2
mp-8925,TlAg3Te2,0.0,-0.035323195277777,0.249272201845239,True,False,6,8.714897083825196,3,"['Ag', 'Te', 'Tl']",Ag-Te-Tl,TlAg3Te2
mp-12953,TmAgTe2,0.6658000000000001,-1.043152141250004,0.014082824999999,False,False,4,7.811146231877076,3,"['Ag', 'Te', 'Tm']",Ag-Te-Tm,TmAgTe2
mp-642238,Y6AgTe2,0.0,-0.7489502063888861,0.0,True,True,36,5.690509703458336,3,"['Ag', 'Te', 'Y']",Ag-Te-Y,Y6AgTe2
mp-12903,YAgTe2,0.8975000000000001,-1.125885941249998,0.0,False,True,8,6.267982639739634,3,"['Ag', 'Te', 'Y']",Ag-Te-Y,YAgTe2
mp-1187413,ThAg3,0.0,-0.047415933749997,0.100336384130434,True,False,8,10.144390270784209,2,"['Ag', 'Th']",Ag-Th,ThAg3
mp-2233,Th2Ag,0.0,-0.064177550555548,0.018752311666671,True,False,6,11.264763790966509,2,"['Ag', 'Th']",Ag-Th,Th2Ag
mp-309,ThAg2,0.0,-0.16585972444444,0.0,True,True,3,10.814879772173972,2,"['Ag', 'Th']",Ag-Th,ThAg2
mp-1217575,Th14Ag51,0.0,-0.140230779769228,0.0,True,True,65,10.422723268114808,2,"['Ag', 'Th']",Ag-Th,Th14Ag51
mp-621131,Ti3Ag,0.0,0.110806144583335,0.144638084166667,True,False,4,6.064032077326992,2,"['Ag', 'Ti']",Ag-Ti,Ti3Ag
mp-1017985,TiAg,0.0,-0.054529908333332,0.0,True,True,4,7.542128391079458,2,"['Ag', 'Ti']",Ag-Ti,TiAg
mp-979115,Ti2Ag,0.0,-0.045109252777775,0.0,True,True,3,6.592237273060735,2,"['Ag', 'Ti']",Ag-Ti,Ti2Ag
mp-1187490,Tl3Ag,0.0,0.107439083333339,0.107439083333339,True,False,4,10.758014769446673,2,"['Ag', 'Tl']",Ag-Tl,Tl3Ag
mp-866120,Tm2TlAg,0.0,-0.405420333750001,0.0,True,True,4,11.148437568225734,3,"['Ag', 'Tl', 'Tm']",Ag-Tl-Tm,Tm2TlAg
mp-865654,Y2TlAg,0.0,-0.430661103749997,0.0,True,True,4,7.9730025236618625,3,"['Ag', 'Tl', 'Y']",Ag-Tl-Y,Y2TlAg
mp-980661,YTlAg2,0.0,-0.262278455,0.021391662634822,True,False,4,9.837201797986184,3,"['Ag', 'Tl', 'Y']",Ag-Tl-Y,YTlAg2
mp-2796,TmAg,0.0,-0.355400102499999,0.0,True,True,2,10.176996187703168,2,"['Ag', 'Tm']",Ag-Tm,TmAg
mp-30359,TmAg2,0.0,-0.350056193333334,0.0,True,True,3,10.454478825698772,2,"['Ag', 'Tm']",Ag-Tm,TmAg2
mp-30360,TmAg3,0.0,-0.135910759166662,0.126631385833334,True,False,4,9.829190249039945,2,"['Ag', 'Tm']",Ag-Tm,TmAg3
mp-1187871,YTmAg2,0.0,-0.33780385,0.003602417499998,True,False,4,8.495845419652523,3,"['Ag', 'Tm', 'Y']",Ag-Tm-Y,YTmAg2
mp-971979,Tm2ZnAg,0.0,-0.374587262500003,0.005480029999997,True,False,4,9.669562063523982,3,"['Ag', 'Tm', 'Zn']",Ag-Tm-Zn,Tm2ZnAg
mp-3316722,Tm2Zn3Ag4,0.0,-0.336054253888887,0.0,True,True,18,9.885580522348151,3,"['Ag', 'Tm', 'Zn']",Ag-Tm-Zn,Tm2Zn3Ag4
mp-979274,UAg3,0.0,0.367224669999998,0.367224669999998,True,False,4,10.772332087805884,2,"['Ag', 'U']",Ag-U,UAg3
mp-1187719,V3Ag,0.0,0.372452500833333,0.372452500833333,True,False,4,7.305979860157588,2,"['Ag', 'V']",Ag-V,V3Ag
mp-1183177,Ag3W,0.0,0.867660342500002,0.867660342500002,True,False,4,12.21069069958338,2,"['Ag', 'W']",Ag-W,Ag3W
mp-1187811,YAg3,0.0,-0.206751426249997,0.059440931413043,True,False,4,8.427336868231006,2,"['Ag', 'Y']",Ag-Y,YAg3
mp-999544,YAg2,0.0,-0.320843629999998,0.0,True,True,3,7.932803950766604,2,"['Ag', 'Y']",Ag-Y,YAg2
mp-2474,YAg,0.0,-0.3274124325,0.0,True,True,2,6.859219814632301,2,"['Ag', 'Y']",Ag-Y,YAg
mp-1216365,Y14Ag51,0.0,-0.243491059923077,0.0,True,True,65,8.651345959442326,2,"['Ag', 'Y']",Ag-Y,Y14Ag51
mp-3278268,YZn10Ag,0.0,-0.238976573333334,0.0,True,True,24,7.617827294377391,3,"['Ag', 'Y', 'Zn']",Ag-Y-Zn,YZn10Ag
mp-1187704,Y2ZnAg,0.0,-0.344864812499999,0.012420437499997,True,False,4,6.232611159260623,3,"['Ag', 'Y', 'Zn']",Ag-Y-Zn,Y2ZnAg
mp-1093557,YZnAg2,0.07,1.477276085271736,1.812082924855072,False,False,4,0.498521030666271,3,"['Ag', 'Y', 'Zn']",Ag-Y-Zn,YZnAg2
mp-1097424,YZn2Ag,0.3673,1.517540789510871,1.885381762427538,False,False,4,0.490814844913847,3,"['Ag', 'Y', 'Zn']",Ag-Y-Zn,YZn2Ag
mp-3312990,Y2Zn3Ag4,0.0,-0.339461242777777,0.0,True,True,18,8.016581861922427,3,"['Ag', 'Y', 'Zn']",Ag-Y-Zn,Y2Zn3Ag4
mp-568559,YbAg2,0.0,-0.26388218,0.095202675000003,True,False,6,10.242682963247908,2,"['Ag', 'Yb']",Ag-Yb,YbAg2
mp-568629,YbAg,0.0,-0.326113273749999,0.0424486812499999,True,False,8,10.08652241793793,2,"['Ag', 'Yb']",Ag-Yb,YbAg
mp-571212,Yb5Ag3,0.0,-0.230674216249997,0.045747249999998,True,False,16,9.91727576279833,2,"['Ag', 'Yb']",Ag-Yb,Yb5Ag3
mp-571608,Yb3Ag2,0.0,-0.249414447999998,0.045435116,True,False,10,10.001862560820708,2,"['Ag', 'Yb']",Ag-Yb,Yb3Ag2
mp-1187821,YbAg3,0.0,-0.220815807499995,0.048497833749998,True,False,4,10.593088327637725,2,"['Ag', 'Yb']",Ag-Yb,YbAg3
mp-1187915,Yb3Ag,0.0,0.010579202499997,0.194860179999999,True,False,4,10.287469909660306,2,"['Ag', 'Yb']",Ag-Yb,Yb3Ag
mp-3320666,Yb7Ag3,0.0,-0.085281960999998,0.135855212000002,True,False,20,8.46049963573657,2,"['Ag', 'Yb']",Ag-Yb,Yb7Ag3
mp-3251300,Yb(ZnAg)6,0.0,-0.155868508076921,0.0,True,True,13,9.353334500719916,3,"['Ag', 'Yb', 'Zn']",Ag-Yb-Zn,Yb(ZnAg)6
mp-3291669,Yb2Zn3Ag4,0.0,-0.320365734999998,0.0,True,True,18,9.776399869749008,3,"['Ag', 'Yb', 'Zn']",Ag-Yb-Zn,Yb2Zn3Ag4
mp-1187928,Yb2ZnAg,0.0,-0.386462157500002,0.0,True,True,4,9.9520207424436,3,"['Ag', 'Yb', 'Zn']",Ag-Yb-Zn,Yb2ZnAg
mp-3240905,YbZn3Ag2,0.0,-0.248456176666669,0.009554113787885,True,False,6,9.017264996234022,3,"['Ag', 'Yb', 'Zn']",Ag-Yb-Zn,YbZn3Ag2
mp-3306711,Yb4Zn5Ag9,0.0,-0.300973107777777,0.005896655277783,True,False,18,9.853038755738735,3,"['Ag', 'Yb', 'Zn']",Ag-Yb-Zn,Yb4Zn5Ag9
mp-3281300,Zn17Ag9,0.0,-0.025043033461538,0.002138182735043,True,False,26,8.702993623709533,2,"['Ag', 'Zn']",Ag-Zn,Zn17Ag9
mp-864794,ZnAg3,0.0,-0.009709552499998,0.008081862777778,True,False,4,9.786931544202831,2,"['Ag', 'Zn']",Ag-Zn,ZnAg3
mp-1187969,Zn3Ag,0.0,-0.00927513375,0.010585677500001,True,False,8,8.478387604684704,2,"['Ag', 'Zn']",Ag-Zn,Zn3Ag
mp-1187974,ZnAg,0.0,-0.010179864999999,0.025402965555555,True,False,2,9.115697700672794,2,"['Ag', 'Zn']",Ag-Zn,ZnAg
mp-1093999,Zn2Ag,0.0,-0.026481081666669,0.0,True,True,12,8.762994958258375,2,"['Ag', 'Zn']",Ag-Zn,Zn2Ag
mp-30361,Zn8Ag5,0.0,-0.023234960769229,0.006046659017094,True,False,26,8.791316266088694,2,"['Ag', 'Zn']",Ag-Zn,Zn8Ag5
mp-1215383,Zr4ZnAg,0.0,-0.056660183333337,0.106610464166667,True,False,24,7.036332648343078,3,"['Ag', 'Zn', 'Zr']",Ag-Zn-Zr,Zr4ZnAg
mp-1008601,ZrAg2,0.0013,-0.045560235000001,0.040338308333328,False,False,3,9.01194804739883,2,"['Ag', 'Zr']",Ag-Zr,ZrAg2
mp-11239,ZrAg,0.0,-0.128847814999996,0.0,True,True,4,8.25859208312672,2,"['Ag', 'Zr']",Ag-Zr,ZrAg
mp-30362,Zr3Ag,0.0,0.021902941250001,0.103781989999998,True,False,4,7.354551123047299,2,"['Ag', 'Zr']",Ag-Zr,Zr3Ag
mp-2221,Zr2Ag,0.0,-0.109172065,0.0,True,True,3,7.54300559155713,2,"['Ag', 'Zr']",Ag-Zr,Zr2Ag
mp-1239196,Al,0.0,0.302125532499999,0.302125532499999,True,False,4,1.905698781135378,1,['Al'],Al,Al
mp-1182888,AlAs2,0.0,-0.058441664583331,0.359586852916667,True,False,24,4.446616546123786,2,"['Al', 'As']",Al-As,AlAs2
mp-1183129,Al3As,0.0,0.050127136875001,0.363648525,True,False,4,3.685398622209837,2,"['Al', 'As']",Al-As,Al3As
mp-8881,AlAs,1.686999999999999,-0.619637686249999,0.00740509,False,False,4,3.708645605340462,2,"['Al', 'As']",Al-As,AlAs
mp-556195,Na2AlB(As2O7)2,2.903299999999999,-2.108265367587513,0.00562824122183,False,False,88,3.664811864938847,5,"['Al', 'As', 'B', 'Na', 'O']",Al-As-B-Na-O,Na2AlB(As2O7)2
mp-1192376,Ba3AlAs3,0.6837999999999991,-1.04244424357143,0.0,False,True,28,4.732754922554564,3,"['Al', 'As', 'Ba']",Al-As-Ba,Ba3AlAs3
mp-1202519,Ba3(AlAs2)2,1.0493,-0.950413470833332,0.0,False,True,36,4.745296093723967,3,"['Al', 'As', 'Ba']",Al-As-Ba,Ba3(AlAs2)2
mp-1203016,Ba3Al3As5,1.293599999999999,-0.882498852348484,0.0,False,True,66,4.383534836289307,3,"['Al', 'As', 'Ba']",Al-As-Ba,Ba3Al3As5
mp-3214033,Ba2Ca(AlAs2)2,1.7597,-1.150012724444445,0.0,False,True,36,4.539287543810731,4,"['Al', 'As', 'Ba', 'Ca']",Al-As-Ba-Ca,Ba2Ca(AlAs2)2
mp-3209330,Ba2NaAlAs3,0.1901,-1.043208552142857,0.0,False,True,28,4.461553490981267,4,"['Al', 'As', 'Ba', 'Na']",Al-As-Ba-Na,Ba2NaAlAs3
mp-3208390,Rb3Ba3AlAs4,0.8640999999999991,-0.957823038977272,0.0,False,True,22,4.205423276818031,4,"['Al', 'As', 'Ba', 'Rb']",Al-As-Ba-Rb,Rb3Ba3AlAs4
mp-3213211,Ba2AlAsS5,2.8497,-1.556127856840277,0.0,False,True,36,3.62510549348498,4,"['Al', 'As', 'Ba', 'S']",Al-As-Ba-S,Ba2AlAsS5
mp-3205083,Ba2Sr(AlAs2)2,1.2824,-1.154801507777777,0.0,False,True,18,4.537595602707805,4,"['Al', 'As', 'Ba', 'Sr']",Al-As-Ba-Sr,Ba2Sr(AlAs2)2
mp-3213446,Ba2AlTe5As,1.82,-1.116065695833337,0.0,False,True,36,5.123474858971994,4,"['Al', 'As', 'Ba', 'Te']",Al-As-Ba-Te,Ba2AlTe5As
mp-3208050,Cs2Be3AlAs4,0.0,-0.500084291749999,0.0,True,True,10,4.432233124238011,4,"['Al', 'As', 'Be', 'Cs']",Al-As-Be-Cs,Cs2Be3AlAs4
mp-3202572,KBeAlAs2,1.7114,-0.6054837142499999,0.0,False,True,5,3.381076643904546,4,"['Al', 'As', 'Be', 'K']",Al-As-Be-K,KBeAlAs2
mp-3201564,RbBeAlAs2,1.628,-0.6071546237500001,0.0,False,True,5,3.893310806978859,4,"['Al', 'As', 'Be', 'Rb']",Al-As-Be-Rb,RbBeAlAs2
mp-3207467,Sr3Al2(BiAs)2,1.2575,-0.9426901722222252,0.0,False,True,18,5.292868275322696,4,"['Al', 'As', 'Bi', 'Sr']",Al-As-Bi-Sr,Sr3Al2(BiAs)2
mp-3212837,AlAs3Se5Br4,2.1474,-0.527432561754807,0.0,False,True,26,3.769583415073218,4,"['Al', 'As', 'Br', 'Se']",Al-As-Br-Se,AlAs3Se5Br4
mp-3206730,Nb6AlAsC2,0.0,-0.574909499249997,0.0,True,True,10,7.527475684077749,4,"['Al', 'As', 'C', 'Nb']",Al-As-C-Nb,Nb6AlAsC2
mp-3206022,Zr6AlAsC2,0.0,-0.8986559812499991,0.0,True,True,10,6.308936327271863,4,"['Al', 'As', 'C', 'Zr']",Al-As-C-Zr,Zr6AlAsC2
mp-1205338,Ca3(AlAs2)2,1.1101,-1.143821291666667,0.0,False,True,18,3.605650457798824,3,"['Al', 'As', 'Ca']",Al-As-Ca,Ca3(AlAs2)2
mp-17186,Ca3AlAs3,0.7300999999999991,-1.260281226785713,0.0,False,True,28,3.576554398601644,3,"['Al', 'As', 'Ca']",Al-As-Ca,Ca3AlAs3
mp-1199353,Ca2AlCuAs3O19,0.0135,-1.247711020480768,0.468563986826933,False,False,52,3.345090913049262,5,"['Al', 'As', 'Ca', 'Cu', 'O']",Al-As-Ca-Cu-O,Ca2AlCuAs3O19
mp-1180232,NaCa2Al2As2O11F4,0.0,-2.420130023017241,0.236536215000002,True,False,44,3.224971324015381,6,"['Al', 'As', 'Ca', 'F', 'Na', 'O']",Al-As-Ca-F-Na-O,NaCa2Al2As2O11F4
mp-15572,Na3Ca3AlAs4,0.9426,-0.8518214808307201,0.0,False,True,22,3.04661727561699,4,"['Al', 'As', 'Ca', 'Na']",Al-As-Ca-Na,Na3Ca3AlAs4
mp-3212354,Ca3Al2(SbAs)2,1.1684,-1.012541385000001,0.0,False,True,18,3.890432581471314,4,"['Al', 'As', 'Ca', 'Sb']",Al-As-Ca-Sb,Ca3Al2(SbAs)2
mp-3210394,Sr3Ca9(AlAs3)4,1.0198,-1.262332454285714,0.0,False,True,28,3.794932385171431,4,"['Al', 'As', 'Ca', 'Sr']",Al-As-Ca-Sr,Sr3Ca9(AlAs3)4
mp-3209213,Al4Hg11(AsCl4)4,1.5734,-0.988701408071428,0.0,False,True,35,4.643938081187289,4,"['Al', 'As', 'Cl', 'Hg']",Al-As-Cl-Hg,Al4Hg11(AsCl4)4
mp-558360,AlAs3S5Cl4,2.2534,-1.003615093461538,0.0,False,True,26,2.349964386581123,4,"['Al', 'As', 'Cl', 'S']",Al-As-Cl-S,AlAs3S5Cl4
mp-567734,AlAs3(SeCl)4,2.1167,-1.03045002140625,0.0,False,True,48,2.895895612638831,4,"['Al', 'As', 'Cl', 'Se']",Al-As-Cl-Se,AlAs3(SeCl)4
mp-3201015,Mn2AlCo4As,0.0,-0.375527613933186,0.0,True,True,8,8.06558834766568,4,"['Al', 'As', 'Co', 'Mn']",Al-As-Co-Mn,Mn2AlCo4As
mp-3212590,Ti8Al14Co7As,0.0089,-0.603416712194443,0.0,False,True,30,5.028991924799753,4,"['Al', 'As', 'Co', 'Ti']",Al-As-Co-Ti,Ti8Al14Co7As
mp-3262198,Cs3Al2As3,1.5777,-0.7212953721874981,0.0,False,True,16,4.338439917719748,3,"['Al', 'As', 'Cs']",Al-As-Cs,Cs3Al2As3
mp-582723,Cs3AlAs2,0.969,-0.476871602119253,0.0,False,True,48,3.851307215617212,3,"['Al', 'As', 'Cs']",Al-As-Cs,Cs3AlAs2
mp-3201491,CsAl2GeAs,0.238399999999999,-0.452734356499999,0.0,False,True,5,4.142024050765221,4,"['Al', 'As', 'Cs', 'Ge']",Al-As-Cs-Ge,CsAl2GeAs
mp-3201542,CsAlAsH,2.453699999999999,-0.561815107812499,0.0,False,True,4,3.942312879972687,4,"['Al', 'As', 'Cs', 'H']",Al-As-Cs-H,CsAlAsH
mp-1201174,CsAlAs3H5O12,3.4114,-1.80489019174569,0.008011203636369,False,False,44,3.529793384237905,5,"['Al', 'As', 'Cs', 'H', 'O']",Al-As-Cs-H-O,CsAlAs3H5O12
mp-3205179,Cs6K3AlAs4,1.0316,-0.563687916517856,0.0,False,True,28,3.876932401965228,4,"['Al', 'As', 'Cs', 'K']",Al-As-Cs-K,Cs6K3AlAs4
mp-3201139,CsMgAlAs2,1.6368,-0.780268806,0.0,False,True,5,3.965469908954535,4,"['Al', 'As', 'Cs', 'Mg']",Al-As-Cs-Mg,CsMgAlAs2
mp-3290098,CsAlAs2O7,4.070200000000001,-1.970840336931818,0.0,False,True,22,4.328186193975113,4,"['Al', 'As', 'Cs', 'O']",Al-As-Cs-O,CsAlAs2O7
mp-554206,Cs2Al2As2O7,3.662199999999999,-2.500848698408488,0.0,False,True,13,3.778160549775922,4,"['Al', 'As', 'Cs', 'O']",Al-As-Cs-O,Cs2Al2As2O7
mp-3208488,Cs5Rb(Al2As3)2,1.677699999999999,-0.720127884140623,0.0,False,True,16,4.21550520611871,4,"['Al', 'As', 'Cs', 'Rb']",Al-As-Cs-Rb,Cs5Rb(Al2As3)2
mp-3208621,CsRb5(AlAs2)2,0.6808000000000001,-0.6257315388541661,0.0,False,True,12,3.60084069127887,4,"['Al', 'As', 'Cs', 'Rb']",Al-As-Cs-Rb,CsRb5(AlAs2)2
mp-3209335,Cs12Al(AsSe4)3,1.7869000000000002,-1.160031622723214,0.0,False,True,28,4.121072303840893,4,"['Al', 'As', 'Cs', 'Se']",Al-As-Cs-Se,Cs12Al(AsSe4)3
mp-3203061,CsAlZnAs2,0.8315,-0.6341836039999971,0.0,False,True,5,4.749956871066858,4,"['Al', 'As', 'Cs', 'Zn']",Al-As-Cs-Zn,CsAlZnAs2
mp-1234148,MgAl2Ga2Cu4(AsO5)4,0.012,-1.87324843909091,0.103415967098764,False,False,33,4.111231628494852,6,"['Al', 'As', 'Cu', 'Ga', 'Mg', 'O']",Al-As-Cu-Ga-Mg-O,MgAl2Ga2Cu4(AsO5)4
mp-1229072,AlGaCu2(AsO5)2,1.053,-1.86513066015625,0.018838612708332,False,False,32,4.028634281885486,5,"['Al', 'As', 'Cu', 'Ga', 'O']",Al-As-Cu-Ga-O,AlGaCu2(AsO5)2
mp-3204726,Na2AlCuAs2,1.139999999999999,-0.557925147499999,0.0,False,True,24,4.082178001974418,4,"['Al', 'As', 'Cu', 'Na']",Al-As-Cu-Na,Na2AlCuAs2
mp-560271,AlCuAsO5,0.4476,-2.0388126803125,0.038951001249998,False,False,32,3.756137082061043,4,"['Al', 'As', 'Cu', 'O']",Al-As-Cu-O,AlCuAsO5
mp-1182967,AlCu2AsO12,0.0,-0.77649535953125,0.410748831640623,True,False,32,2.961204727961069,4,"['Al', 'As', 'Cu', 'O']",Al-As-Cu-O,AlCu2AsO12
mp-3201493,RbAlCuAs2,0.0,-0.50368758125,0.0,True,True,5,4.626711959087405,4,"['Al', 'As', 'Cu', 'Rb']",Al-As-Cu-Rb,RbAlCuAs2
mp-3246040,K6ErAlAs4,0.9996,-0.7882713346527781,0.0,False,True,12,2.996254889756856,4,"['Al', 'As', 'Er', 'K']",Al-As-Er-K,K6ErAlAs4
mp-1189098,Eu3(AlAs2)2,0.0059,-0.953284135555557,0.0,False,True,18,5.788112473775599,3,"['Al', 'As', 'Eu']",Al-As-Eu,Eu3(AlAs2)2
mp-14395,NaAlAsO4F,3.4772,-2.606811734234914,0.0,False,True,16,3.722267457743168,5,"['Al', 'As', 'F', 'Na', 'O']",Al-As-F-Na-O,NaAlAsO4F
mp-1223440,La6Al3Fe10As,0.0,-0.280981802875001,0.006589498199999,True,False,40,6.676851959468769,4,"['Al', 'As', 'Fe', 'La']",Al-As-Fe-La,La6Al3Fe10As
mp-1211503,La6Al4Fe9As,0.0,-0.325255536374999,0.006233422849999,True,False,40,6.360080853953162,4,"['Al', 'As', 'Fe', 'La']",Al-As-Fe-La,La6Al4Fe9As
mp-1351504,Al3Tl4Fe(As2O7)4,0.0,-1.216415691666667,0.713555622500047,True,False,44,5.117145453355163,5,"['Al', 'As', 'Fe', 'O', 'Tl']",Al-As-Fe-O-Tl,Al3Tl4Fe(As2O7)4
mp-3209418,Ti8Al14Fe7As,0.0,-0.444614915194443,0.0,True,True,30,4.784503281757299,4,"['Al', 'As', 'Fe', 'Ti']",Al-As-Fe-Ti,Ti8Al14Fe7As
mp-1228891,AlGaAs2,0.700499999999999,-0.5373326012499999,0.0,False,True,4,4.488243147095224,3,"['Al', 'As', 'Ga']",Al-As-Ga,AlGaAs2
mp-3212984,AlGa(AsI6)2,2.2065,-0.4487069709375,0.0,False,True,16,4.132254594641719,4,"['Al', 'As', 'Ga', 'I']",Al-As-Ga-I,AlGa(AsI6)2
mp-3207837,Rb12AlGaAs6,0.6276,-0.5474745710000001,0.0,False,True,20,3.734075744983515,4,"['Al', 'As', 'Ga', 'Rb']",Al-As-Ga-Rb,Rb12AlGaAs6
mp-3211979,Sc10AlGaAs4,0.0,-0.9980383068749992,0.0,True,True,16,4.361776611944615,4,"['Al', 'As', 'Ga', 'Sc']",Al-As-Ga-Sc,Sc10AlGaAs4
mp-3202938,Hf4AlAsH2,0.0,-0.682210976249997,0.0,True,True,8,11.408589590295373,4,"['Al', 'As', 'H', 'Hf']",Al-As-H-Hf,Hf4AlAsH2
mp-3201565,KAlAsH,2.6845,-0.6023399937499999,0.0,False,True,4,2.7489070205197312,4,"['Al', 'As', 'H', 'K']",Al-As-H-K,KAlAsH
mp-1203129,MgAl2As2(HO)18,3.9949,-1.7082578805487811,0.014994202886179,False,False,41,2.440196348269868,5,"['Al', 'As', 'H', 'Mg', 'O']",Al-As-H-Mg-O,MgAl2As2(HO)18
mp-3202786,NaAlAsH,2.3701,-0.533258565312499,0.0,False,True,4,2.7873157613498343,4,"['Al', 'As', 'H', 'Na']",Al-As-H-Na,NaAlAsH
mp-542678,AlAs(H2O3)2,3.8112,-1.855451977604166,0.012592816354166,False,False,96,2.972305036748802,4,"['Al', 'As', 'H', 'O']",Al-As-H-O,AlAs(H2O3)2
mp-3211346,Hf6AlAsN2,0.0,-1.236745934000009,0.0,True,True,10,12.31768815416508,4,"['Al', 'As', 'Hf', 'N']",Al-As-Hf-N,Hf6AlAsN2
mp-3222383,HfAlAsPt8,0.0,-0.8057725293181811,0.0,True,True,11,17.575962145950896,4,"['Al', 'As', 'Hf', 'Pt']",Al-As-Hf-Pt,HfAlAsPt8
mp-3209953,Hf3AlAs2Ru3,0.0,-0.921270622777778,0.0,True,True,18,11.65449827552285,4,"['Al', 'As', 'Hf', 'Ru']",Al-As-Hf-Ru,Hf3AlAs2Ru3
mp-3212018,Hf6AlTc6As5,0.0,-0.8525776045833371,0.0,True,True,18,11.72652671077094,4,"['Al', 'As', 'Hf', 'Tc']",Al-As-Hf-Tc,Hf6AlTc6As5
mp-3212353,AlAsI6,2.195,-0.499925380937501,0.0,False,True,16,4.034010511583996,3,"['Al', 'As', 'I']",Al-As-I,AlAsI6
mp-3208259,Rb12AlInAs6,0.5986,-0.545076859999997,0.0,False,True,20,3.738145028180607,4,"['Al', 'As', 'In', 'Rb']",Al-As-In-Rb,Rb12AlInAs6
mp-3212943,Sc5Al16AsIr7,0.0,-1.007822756120692,0.0,True,True,29,7.432650685970631,4,"['Al', 'As', 'Ir', 'Sc']",Al-As-Ir-Sc,Sc5Al16AsIr7
mp-3207422,Ti8Al14AsIr7,0.048399999999999,-0.968547242527775,0.0,False,True,30,8.042764870953798,4,"['Al', 'As', 'Ir', 'Ti']",Al-As-Ir-Ti,Ti8Al14AsIr7
mp-541682,K3AlAs2,0.4517,-0.496511515708332,0.0,False,True,48,2.575740855213499,3,"['Al', 'As', 'K']",Al-As-K,K3AlAs2
mp-28347,K3Al2As3,1.1862,-0.5576802861562501,0.0,False,True,16,2.931152546592913,3,"['Al', 'As', 'K']",Al-As-K,K3Al2As3
mp-3208283,K6LuAlAs4,1.0131,-0.788924154097221,0.0,False,True,12,3.066012846798912,4,"['Al', 'As', 'K', 'Lu']",Al-As-K-Lu,K6LuAlAs4
mp-3260163,K5Na(Al2As3)2,1.855499999999999,-0.7185462727343731,0.0,False,True,16,2.90002450396096,4,"['Al', 'As', 'K', 'Na']",Al-As-K-Na,K5Na(Al2As3)2
mp-9069,K2NaAlAs2,1.026,-0.554715968479885,0.0,False,True,12,2.831964108496172,4,"['Al', 'As', 'K', 'Na']",Al-As-K-Na,K2NaAlAs2
mp-1203514,KNaAl2As2O9,3.4455,-2.448242912741954,0.000317222049023,False,False,60,3.335094098959855,5,"['Al', 'As', 'K', 'Na', 'O']",Al-As-K-Na-O,KNaAl2As2O9
mp-9230,KAlAs2O7,3.042799999999999,-2.218596720204545,0.00242115454545,False,False,22,3.494650114333216,4,"['Al', 'As', 'K', 'O']",Al-As-K-O,KAlAs2O7
mp-1197125,K3Al2(AsO4)3,3.2748,-2.3430949453375,0.0,False,True,80,2.762732293562466,4,"['Al', 'As', 'K', 'O']",Al-As-K-O,K3Al2(AsO4)3
mp-3207830,K12Al2As5P,0.9488,-0.587767262273808,0.0,False,True,20,2.30994277365508,4,"['Al', 'As', 'K', 'P']",Al-As-K-P,K12Al2As5P
mp-3210244,K3Al2As2P,1.9625,-0.7370070611532721,0.0,False,True,16,2.7025679927618,4,"['Al', 'As', 'K', 'P']",Al-As-K-P,K3Al2As2P
mp-3210724,K6ScAlAs4,1.068,-0.7817133406250001,0.0,False,True,12,2.578361254400075,4,"['Al', 'As', 'K', 'Sc']",Al-As-K-Sc,K6ScAlAs4
mp-3210177,K3Sr3AlAs4,1.215099999999999,-1.006285267386364,0.0,False,True,22,3.432831100714809,4,"['Al', 'As', 'K', 'Sr']",Al-As-K-Sr,K3Sr3AlAs4
mp-3291014,Li3AlAs2,1.5072,-0.812125885,0.0,False,True,12,3.124619369318375,3,"['Al', 'As', 'Li']",Al-As-Li,Li3AlAs2
mp-1201040,LiAlAs2,0.0143,-0.368084459375001,0.246992741874999,False,False,32,3.822555314574916,3,"['Al', 'As', 'Li']",Al-As-Li,LiAlAs2
mp-560164,Li3AlMo2(AsO7)2,2.8901,-2.17892747340909,0.015887175795458,False,False,22,3.94744781476165,5,"['Al', 'As', 'Li', 'Mo', 'O']",Al-As-Li-Mo-O,Li3AlMo2(AsO7)2
mp-1235027,LiAlAsO4,0.0,-2.237526955833333,0.289804884029017,True,False,7,3.062508715419664,4,"['Al', 'As', 'Li', 'O']",Al-As-Li-O,LiAlAsO4
mp-547017,LiAlAs2O7,3.049699999999999,-2.214197438484848,0.027592806818174,False,False,11,3.952491097517418,4,"['Al', 'As', 'Li', 'O']",Al-As-Li-O,LiAlAs2O7
mp-3201009,RbMgAlAs2,1.614199999999999,-0.75987834425,0.0,False,True,5,3.593233170824557,4,"['Al', 'As', 'Mg', 'Rb']",Al-As-Mg-Rb,RbMgAlAs2
mp-3201671,Mn2AlAsRu4,0.0,-0.429678835183189,0.0,True,True,8,9.604600536542504,4,"['Al', 'As', 'Mn', 'Ru']",Al-As-Mn-Ru,Mn2AlAsRu4
mp-3201288,Zr6AlAsN2,0.0,-1.303019609999998,0.0,True,True,10,6.580901453383669,4,"['Al', 'As', 'N', 'Zr']",Al-As-N-Zr,Zr6AlAsN2
mp-8543,Na3AlAs2,0.8472000000000001,-0.6638637349999991,0.0,False,True,12,2.825843373926701,3,"['Al', 'As', 'Na']",Al-As-Na,Na3AlAs2
mp-17473,Na2Al2As3,1.531799999999999,-0.6375267442857141,0.0,False,True,56,3.401518031240159,3,"['Al', 'As', 'Na']",Al-As-Na,Na2Al2As3
mp-3323303,Na3Al2As3,1.648499999999999,-0.6598362375000001,0.0,False,True,32,3.148392519935237,3,"['Al', 'As', 'Na']",Al-As-Na,Na3Al2As3
mp-556676,Na3Al2(AsO4)3,3.386,-2.304288524956897,0.004764052624998,False,False,80,3.639781243783796,4,"['Al', 'As', 'Na', 'O']",Al-As-Na-O,Na3Al2(AsO4)3
mp-560921,NaAlAs2O7,2.7304,-2.194514815352665,0.002316997383446,False,False,44,3.847281551168888,4,"['Al', 'As', 'Na', 'O']",Al-As-Na-O,NaAlAs2O7
mp-1197957,Na3Al(AsO4)2,3.3791,-2.246037998866995,0.0,False,True,56,3.225975026569468,4,"['Al', 'As', 'Na', 'O']",Al-As-Na-O,Na3Al(AsO4)2
mp-1221481,Na2Al3As9O28,1.9093,-2.017086365720443,0.012862467743759,False,False,42,3.825456756353224,4,"['Al', 'As', 'Na', 'O']",Al-As-Na-O,Na2Al3As9O28
mp-3215055,NaSr2AlAs3,0.2656,-1.062486336428571,0.0,False,True,28,4.09682791851314,4,"['Al', 'As', 'Na', 'Sr']",Al-As-Na-Sr,NaSr2AlAs3
mp-3203572,Nb10(AlAs)3,0.0,-0.523479992968752,0.0,True,True,16,7.55940778077892,3,"['Al', 'As', 'Nb']",Al-As-Nb,Nb10(AlAs)3
mp-3205824,Nb5AlAs2,0.0,-0.575356821874997,0.0,True,True,16,7.910030626880897,3,"['Al', 'As', 'Nb']",Al-As-Nb,Nb5AlAs2
mp-3212090,Nb3Al(AsO4)6,3.4947,-1.8922471239705871,0.0,False,True,34,3.693903124655641,4,"['Al', 'As', 'Nb', 'O']",Al-As-Nb-O,Nb3Al(AsO4)6
mp-1228845,AlNi4As3,0.0,-0.338277886049107,0.0573830297321399,True,False,8,7.082197406310816,3,"['Al', 'As', 'Ni']",Al-As-Ni,AlNi4As3
mp-1228849,AlNi2As,0.0,-0.372717294866074,0.119357032321424,True,False,4,6.48053315730131,3,"['Al', 'As', 'Ni']",Al-As-Ni,AlNi2As
mp-5189,AlAsO4,3.865,-2.456086594583332,0.0,False,True,18,3.350112372244154,3,"['Al', 'As', 'O']",Al-As-O,AlAsO4
mp-1193623,Al4As3O23,0.0,-1.077140784916667,0.6820570891666631,True,False,30,2.574682859973518,3,"['Al', 'As', 'O']",Al-As-O,Al4As3O23
mp-1196667,Al16As9O76,0.0,-1.0832948389851491,0.8235697030693071,True,False,101,2.205458642393722,3,"['Al', 'As', 'O']",Al-As-O,Al16As9O76
mp-1215024,AlAsO6,0.4377,-1.3591405301562491,0.482924415781249,False,False,64,2.9364008087341023,3,"['Al', 'As', 'O']",Al-As-O,AlAsO6
mp-556630,RbAlAs2O7,3.0281,-2.213547571590915,0.0,False,True,22,4.058007182060039,4,"['Al', 'As', 'O', 'Rb']",Al-As-O-Rb,RbAlAs2O7
mp-3207329,AlAs(SeO3)4,3.4484,-1.24358374548611,0.0,False,True,36,4.309446863187663,4,"['Al', 'As', 'O', 'Se']",Al-As-O-Se,AlAs(SeO3)4
mp-3204909,Ti8Al14AsOs7,0.0,-0.696108412527776,0.0,True,True,30,7.944413059040913,4,"['Al', 'As', 'Os', 'Ti']",Al-As-Os-Ti,Ti8Al14AsOs7
mp-3214098,Rb3Al2As2P,1.890399999999999,-0.719365608340774,0.0,False,True,16,3.520485554234929,4,"['Al', 'As', 'P', 'Rb']",Al-As-P-Rb,Rb3Al2As2P
mp-3223056,Zr6AlAsP,0.0,-0.9138347000529072,0.0,True,True,9,6.306558445272911,4,"['Al', 'As', 'P', 'Zr']",Al-As-P-Zr,Zr6AlAsP
mp-3229834,Al(AsPd3)2,0.0,-0.5526891394444431,0.0,True,True,9,9.897147506640374,3,"['Al', 'As', 'Pd']",Al-As-Pd,Al(AsPd3)2
mp-3239957,AlAsPd4Pt,0.0,-0.6039370417857121,0.0,True,True,7,11.125689014647987,4,"['Al', 'As', 'Pd', 'Pt']",Al-As-Pd-Pt,AlAsPd4Pt
mp-1025306,AlAsPt5,0.0,-0.568372223214282,0.0,True,True,7,16.321434805431004,3,"['Al', 'As', 'Pt']",Al-As-Pt,AlAsPt5
mp-3208322,Rb3Al2As3,1.7071999999999992,-0.7096566039062501,0.0,False,True,16,3.706841365960584,3,"['Al', 'As', 'Rb']",Al-As-Rb,Rb3Al2As3
mp-3215487,Rb3Al2Sb2As,1.519699999999999,-0.6007717932812481,0.0,False,True,16,3.852168467320849,4,"['Al', 'As', 'Rb', 'Sb']",Al-As-Rb-Sb,Rb3Al2Sb2As
mp-3208442,Rb6ScAlAs4,0.7339999999999991,-0.7340805035416641,0.0,False,True,12,3.421469739756672,4,"['Al', 'As', 'Rb', 'Sc']",Al-As-Rb-Sc,Rb6ScAlAs4
mp-3214583,Rb2AlZn3As4,0.0,-0.528353659749998,0.0,True,True,10,4.683032844059464,4,"['Al', 'As', 'Rb', 'Zn']",Al-As-Rb-Zn,Rb2AlZn3As4
mp-3215188,AlRe6As13,1.306599999999999,-0.183343189875,0.0,False,True,20,10.451572966358093,3,"['Al', 'As', 'Re']",Al-As-Re,AlRe6As13
mp-3213884,Ti5Al16AsRh7,0.0,-0.858731046752872,0.0,True,True,29,5.560756557571424,4,"['Al', 'As', 'Rh', 'Ti']",Al-As-Rh-Ti,Ti5Al16AsRh7
mp-3170426,Ti4AlAsRh10,0.0,-0.8625246211979131,0.0,True,True,16,9.785258795783829,4,"['Al', 'As', 'Rh', 'Ti']",Al-As-Rh-Ti,Ti4AlAsRh10
mp-3205580,Ti8Al14AsRh7,0.0317,-0.888600156527777,0.0,False,True,30,5.76808165413439,4,"['Al', 'As', 'Rh', 'Ti']",Al-As-Rh-Ti,Ti8Al14AsRh7
mp-3231830,Sc3AlAs2Ru3,0.0,-1.032246642777775,0.0,True,True,9,7.023508043197401,4,"['Al', 'As', 'Ru', 'Sc']",Al-As-Ru-Sc,Sc3AlAs2Ru3
mp-3204504,Sc6AlAs5Ru6,0.0,-1.052827430138889,0.0,True,True,18,7.281911062823793,4,"['Al', 'As', 'Ru', 'Sc']",Al-As-Ru-Sc,Sc6AlAs5Ru6
mp-3204085,Ti8Al14AsRu7,0.0,-0.726797484361109,0.0,True,True,30,5.704769009960316,4,"['Al', 'As', 'Ru', 'Ti']",Al-As-Ru-Ti,Ti8Al14AsRu7
mp-3214103,Sr3Al2(SbAs)2,1.416499999999999,-1.045240121666669,0.0,False,True,18,4.38657166219985,4,"['Al', 'As', 'Sb', 'Sr']",Al-As-Sb-Sr,Sr3Al2(SbAs)2
mp-1189305,Sr3(AlAs2)2,1.1456,-1.154644779999999,0.0,False,True,18,4.209386597607899,3,"['Al', 'As', 'Sr']",Al-As-Sr,Sr3(AlAs2)2
mp-1192533,Sr3AlAs3,0.9824,-1.2562482685714271,0.0,False,True,28,4.228025340831158,3,"['Al', 'As', 'Sr']",Al-As-Sr,Sr3AlAs3
mp-3222227,Zr3AlAs,0.0,-0.863377729499998,0.0,True,True,10,6.333474104421411,3,"['Al', 'As', 'Zr']",Al-As-Zr,Zr3AlAs
mp-569558,AlAu2,0.0,-0.333313270833334,0.0,True,True,12,14.150474368271912,2,"['Al', 'Au']",Al-Au,AlAu2
mp-1183189,Al3Au,0.0,-0.168010847500003,0.203309632499998,True,False,4,6.933301201630009,2,"['Al', 'Au']",Al-Au,Al3Au
mp-1183223,AlAu3,0.0,-0.199118088749997,0.066089891875002,True,False,8,15.307869129254913,2,"['Al', 'Au']",Al-Au,AlAu3
mp-10871,AlAu,0.0,-0.2707863125,0.152194900000001,True,False,2,11.097747367525407,2,"['Al', 'Au']",Al-Au,AlAu
mp-1490,AlAu4,0.0,-0.224344806499999,0.0,True,True,20,15.9273314880959,2,"['Al', 'Au']",Al-Au,AlAu4
mp-16480,Al3Au8,0.0,-0.281784943409098,0.001997207272729,True,False,44,14.44468003278309,2,"['Al', 'Au']",Al-Au,Al3Au8
mp-2647,Al2Au,0.0,-0.495093973333335,0.0,True,True,3,7.698281279708587,2,"['Al', 'Au']",Al-Au,Al2Au
mp-3211613,Ta3Al2BAu,0.0,-0.536460488499999,0.0,True,True,28,12.565973341338042,4,"['Al', 'Au', 'B', 'Ta']",Al-Au-B-Ta,Ta3Al2BAu
mp-3221925,Ba2Al7Au,0.0,-0.370356268,0.0,True,True,10,4.715542845165061,3,"['Al', 'Au', 'Ba']",Al-Au-Ba,Ba2Al7Au
mp-3215633,Ba2AlCu3Au22,0.0,-0.272410862857149,0.0,True,True,28,14.785184219195672,4,"['Al', 'Au', 'Ba', 'Cu']",Al-Au-Ba-Cu,Ba2AlCu3Au22
mp-3223418,Ba2Al5Ga2Au,0.0,-0.456437590000001,0.0,True,True,10,5.451959347970254,4,"['Al', 'Au', 'Ba', 'Ga']",Al-Au-Ba-Ga,Ba2Al5Ga2Au
mp-3231876,BaAl4Ga2Au,0.0,-0.453681253125001,0.0,True,True,8,5.8949500913869874,4,"['Al', 'Au', 'Ba', 'Ga']",Al-Au-Ba-Ga,BaAl4Ga2Au
mp-3201770,BaAl2GeAu,0.0,-0.586721417000001,0.0,True,True,5,6.7773828725766725,4,"['Al', 'Au', 'Ba', 'Ge']",Al-Au-Ba-Ge,BaAl2GeAu
mp-3231002,BaAl4PtAu2,0.0,-0.7799602868749991,0.0,True,True,8,8.364726869376645,4,"['Al', 'Au', 'Ba', 'Pt']",Al-Au-Ba-Pt,BaAl4PtAu2
mp-3217382,BaAl4SiAu2,0.0,-0.539138189374998,0.0,True,True,16,6.807207189587562,4,"['Al', 'Au', 'Ba', 'Si']",Al-Au-Ba-Si,BaAl4SiAu2
mp-1113424,Cs2AlAuBr6,0.0,-1.439757383931034,0.158050155749999,True,False,10,4.940937034008949,4,"['Al', 'Au', 'Br', 'Cs']",Al-Au-Br-Cs,Cs2AlAuBr6
mp-1111999,K2AlAuBr6,0.0,-1.378608272449999,0.169757722149996,True,False,10,4.162218972004203,4,"['Al', 'Au', 'Br', 'K']",Al-Au-Br-K,K2AlAuBr6
mp-1111722,Rb2AlAuBr6,0.0,-1.413173199499999,0.153436783249999,True,False,10,4.580730633648736,4,"['Al', 'Au', 'Br', 'Rb']",Al-Au-Br-Rb,Rb2AlAuBr6
mp-3209331,Hf3Al2AuC,0.0,-0.8135254671428561,0.0,True,True,28,11.754489771998076,4,"['Al', 'Au', 'C', 'Hf']",Al-Au-C-Hf,Hf3Al2AuC
mp-3211474,Nb3Al2AuC,0.0,-0.586342956428568,0.0,True,True,28,8.4947556693496,4,"['Al', 'Au', 'C', 'Nb']",Al-Au-C-Nb,Nb3Al2AuC
mp-3206506,Nb3AlAu2C,0.0,-0.482582188571427,0.0,True,True,28,10.83155147360733,4,"['Al', 'Au', 'C', 'Nb']",Al-Au-C-Nb,Nb3AlAu2C
mp-3208606,Ta3Al2AuC,0.0,-0.5565589224285721,0.0,True,True,28,12.903561788419813,4,"['Al', 'Au', 'C', 'Ta']",Al-Au-C-Ta,Ta3Al2AuC
mp-3203872,Ti3Al2AuC,0.0,-0.738655732499998,0.0,True,True,28,6.756007966068867,4,"['Al', 'Au', 'C', 'Ti']",Al-Au-C-Ti,Ti3Al2AuC
mp-3207499,Zr3AlAu2C,0.0,-0.829946834285716,0.0,True,True,28,9.84208678380499,4,"['Al', 'Au', 'C', 'Zr']",Al-Au-C-Zr,Zr3AlAu2C
mp-3206139,Zr3Al2AuC,0.0,-0.8431472557142851,0.0,True,True,28,7.6002860214595,4,"['Al', 'Au', 'C', 'Zr']",Al-Au-C-Zr,Zr3Al2AuC
mp-3277354,Ca2(AlAu2)3,0.0,-0.697442287727271,0.0,True,True,22,10.29571451236933,3,"['Al', 'Au', 'Ca']",Al-Au-Ca,Ca2(AlAu2)3
mp-568424,CaAlAu,0.0,-0.758781767500001,0.0,True,True,12,6.87251347294794,3,"['Al', 'Au', 'Ca']",Al-Au-Ca,CaAlAu
mp-3192105,Ca2Al7Au,0.0,-0.403661452,0.0,True,True,10,3.7872888682734143,3,"['Al', 'Au', 'Ca']",Al-Au-Ca,Ca2Al7Au
mp-3312683,Ca2Al4Au3,0.0,-0.6988526097222231,0.0,True,True,36,7.179582925442925,3,"['Al', 'Au', 'Ca']",Al-Au-Ca,Ca2Al4Au3
mp-3328009,CaAlAu5,0.0,-0.527531914285711,0.0,True,True,7,13.179620134578595,3,"['Al', 'Au', 'Ca']",Al-Au-Ca,CaAlAu5
mp-3334059,CaAl4Au3,0.0,-0.626401637499999,0.0,True,True,8,7.922893711053521,3,"['Al', 'Au', 'Ca']",Al-Au-Ca,CaAl4Au3
mp-1226791,CaAl3Au,0.0,-0.550265749999997,0.0,True,True,5,5.252778173235526,3,"['Al', 'Au', 'Ca']",Al-Au-Ca,CaAl3Au
mp-3222921,Ca2Al4Ga3Au,0.0,-0.535341398999999,0.0,True,True,10,5.029128714067961,4,"['Al', 'Au', 'Ca', 'Ga']",Al-Au-Ca-Ga,Ca2Al4Ga3Au
mp-3200984,CaAl2GaAu,0.0,-0.621900336000001,0.0,True,True,5,6.112041280274643,4,"['Al', 'Au', 'Ca', 'Ga']",Al-Au-Ca-Ga,CaAl2GaAu
mp-3240468,CaAl2GeAu,0.0,-0.628257547999999,0.0,True,True,5,6.126347398490854,4,"['Al', 'Au', 'Ca', 'Ge']",Al-Au-Ca-Ge,CaAl2GeAu
mp-3223008,CaNd(AlAu)4,0.0,-0.769152565749999,0.0,True,True,10,8.909453289903222,4,"['Al', 'Au', 'Ca', 'Nd']",Al-Au-Ca-Nd,CaNd(AlAu)4
mp-3201811,CaAl2SiAu,0.0,-0.610193831,0.0,True,True,5,5.542373525845217,4,"['Al', 'Au', 'Ca', 'Si']",Al-Au-Ca-Si,CaAl2SiAu
mp-3211684,Ca2Al2ZnAu9,0.0,-0.5455315874999981,0.0,True,True,14,12.602398411495557,4,"['Al', 'Au', 'Ca', 'Zn']",Al-Au-Ca-Zn,Ca2Al2ZnAu9
mp-3230431,Lu3AlCd2Au3,0.0,-0.773022676666667,0.0,True,True,9,12.12802002490724,4,"['Al', 'Au', 'Cd', 'Lu']",Al-Au-Cd-Lu,Lu3AlCd2Au3
mp-3282363,Ce2(AlAu2)3,0.0,-0.762560772272727,0.0,True,True,22,11.652026024809713,3,"['Al', 'Au', 'Ce']",Al-Au-Ce,Ce2(AlAu2)3
mp-1070063,CeAl3Au,0.0,-0.579720583999998,0.0,True,True,5,6.8267201710026,3,"['Al', 'Au', 'Ce']",Al-Au-Ce,CeAl3Au
mp-1077768,CeAlAu,0.0,-0.614245584999999,0.046035145833334,True,False,6,9.023372786540392,3,"['Al', 'Au', 'Ce']",Al-Au-Ce,CeAlAu
mp-1078886,Ce(AlAu)2,0.0,-0.6961185989999961,0.0,True,True,10,9.588848040377004,3,"['Al', 'Au', 'Ce']",Al-Au-Ce,Ce(AlAu)2
mp-11031,CeAl7Au3,0.0,-0.492241790454544,0.002025036818183,True,False,22,7.48292400571063,3,"['Al', 'Au', 'Ce']",Al-Au-Ce,CeAl7Au3
mp-1226991,Ce2Al6CuAu,0.0,-0.543583871999998,0.0,True,True,10,5.934048279999643,4,"['Al', 'Au', 'Ce', 'Cu']",Al-Au-Ce-Cu,Ce2Al6CuAu
mp-3223855,Ce2Al4GaAu3,0.0,-0.7391905360000011,0.00656414616666,True,False,10,8.659005194596363,4,"['Al', 'Au', 'Ce', 'Ga']",Al-Au-Ce-Ga,Ce2Al4GaAu3
mp-3265006,CeAl4GeAu2,0.0,-0.6415853837499981,0.0,True,True,16,7.698940320367634,4,"['Al', 'Au', 'Ce', 'Ge']",Al-Au-Ce-Ge,CeAl4GeAu2
mp-12017,CeAl4Ge2Au,0.0,-0.421497389999999,0.0,True,True,8,5.933236371457156,4,"['Al', 'Au', 'Ce', 'Ge']",Al-Au-Ce-Ge,CeAl4Ge2Au
mp-1113220,Cs2AlAuCl6,0.8686,-1.553849828750002,0.16604793474999,False,False,10,4.182687644657916,4,"['Al', 'Au', 'Cl', 'Cs']",Al-Au-Cl-Cs,Cs2AlAuCl6
mp-1112440,K2AlAuCl6,0.8600000000000001,-1.6952945814499991,0.166995382666667,False,False,10,3.251609562390886,4,"['Al', 'Au', 'Cl', 'K']",Al-Au-Cl-K,K2AlAuCl6
mp-1111467,Rb2AlAuCl6,0.8409000000000001,-1.724260328499999,0.156401215599998,False,False,10,3.763277674582523,4,"['Al', 'Au', 'Cl', 'Rb']",Al-Au-Cl-Rb,Rb2AlAuCl6
mp-3170422,Hf3Al3Co2Au,0.0,-0.599081531666668,0.0,True,True,18,10.688744602985023,4,"['Al', 'Au', 'Co', 'Hf']",Al-Au-Co-Hf,Hf3Al3Co2Au
mp-3331714,Hf3Al3CoAu2,0.0,-0.6417465855555581,0.0,True,True,9,11.536552871887489,4,"['Al', 'Au', 'Co', 'Hf']",Al-Au-Co-Hf,Hf3Al3CoAu2
mp-3222682,Nb4Al6CoAu,0.0,-0.522727618333332,0.0,True,True,12,7.105502563853621,4,"['Al', 'Au', 'Co', 'Nb']",Al-Au-Co-Nb,Nb4Al6CoAu
mp-3222422,Zr3Al3CoAu2,0.0,-0.689658452777776,0.0,True,True,9,8.481012315399205,4,"['Al', 'Au', 'Co', 'Zr']",Al-Au-Co-Zr,Zr3Al3CoAu2
mp-1113113,Cs2AlAuF6,1.5293,-2.830555843222217,0.139918991055566,False,False,10,5.653365016426181,4,"['Al', 'Au', 'Cs', 'F']",Al-Au-Cs-F,Cs2AlAuF6
mp-1112932,Cs2AlAuI6,0.0,-1.033702755931034,0.103604116249997,True,False,10,5.164712929083883,4,"['Al', 'Au', 'Cs', 'I']",Al-Au-Cs-I,Cs2AlAuI6
mp-3262470,Al3Cu9Au4,0.0,-0.198173168750003,0.0,True,True,16,11.088700468862047,3,"['Al', 'Au', 'Cu']",Al-Au-Cu,Al3Cu9Au4
mp-867306,AlCuAu2,0.0,-0.25772352,0.0,True,True,4,13.31686605655958,3,"['Al', 'Au', 'Cu']",Al-Au-Cu,AlCuAu2
mp-3334896,AlCu5Au2,0.0,-0.152190655000001,0.0,True,True,8,11.514806741910306,3,"['Al', 'Au', 'Cu']",Al-Au-Cu,AlCu5Au2
mp-3248961,ErAlCu3Au,0.0,-0.484404865555556,0.0,True,True,6,10.796448175622556,4,"['Al', 'Au', 'Cu', 'Er']",Al-Au-Cu-Er,ErAlCu3Au
mp-3248235,HoAlCu3Au,0.1511,-0.479376337499999,0.0,False,True,6,10.6837651714532,4,"['Al', 'Au', 'Cu', 'Ho']",Al-Au-Cu-Ho,HoAlCu3Au
mp-1223196,La5Al15Cu4Au,0.0,-0.511970521799999,0.004621460400007,True,False,25,5.11098094921365,4,"['Al', 'Au', 'Cu', 'La']",Al-Au-Cu-La,La5Al15Cu4Au
mp-1225911,La5Al15Cu2Au3,0.0,-0.5903970446,0.0,True,True,25,5.855566435622386,4,"['Al', 'Au', 'Cu', 'La']",Al-Au-Cu-La,La5Al15Cu2Au3
mp-1225915,La2Al6CuAu,0.0,-0.5685734290000001,0.003372349999998,True,False,10,5.674951437302426,4,"['Al', 'Au', 'Cu', 'La']",Al-Au-Cu-La,La2Al6CuAu
mp-3240309,ScAlCu3Au,0.0,-0.465314624166666,0.0,True,True,6,8.998099007952503,4,"['Al', 'Au', 'Cu', 'Sc']",Al-Au-Cu-Sc,ScAlCu3Au
mp-3239797,SmAlCuAu4,0.0,-0.58244259857143,0.0,True,True,7,13.509204962916224,4,"['Al', 'Au', 'Cu', 'Sm']",Al-Au-Cu-Sm,SmAlCuAu4
mp-3247726,TbAl2(Cu2Au3)2,0.0,-0.417509119230767,0.0,True,True,13,13.161444067062211,4,"['Al', 'Au', 'Cu', 'Tb']",Al-Au-Cu-Tb,TbAl2(Cu2Au3)2
mp-3231646,Y3Al3CuAu2,0.0,-0.7677332711111131,0.0,True,True,9,7.33051487242675,4,"['Al', 'Au', 'Cu', 'Y']",Al-Au-Cu-Y,Y3Al3CuAu2
mp-3239921,YbAlCuAu4,0.0,-0.565630427857148,0.017558674285709,True,False,7,14.197198139567162,4,"['Al', 'Au', 'Cu', 'Yb']",Al-Au-Cu-Yb,YbAlCuAu4
mp-3273946,Dy4Al13Au9,0.0,-0.7194403438461531,0.0,True,True,26,9.565721621660249,3,"['Al', 'Au', 'Dy']",Al-Au-Dy,Dy4Al13Au9
mp-1102191,DyAlAu,0.0,-0.7907927347222211,0.0,True,True,12,10.40292692899387,3,"['Al', 'Au', 'Dy']",Al-Au-Dy,DyAlAu
mp-16623,DyAl7Au3,0.0,-0.509775461969698,0.0,True,True,22,8.008202653276744,3,"['Al', 'Au', 'Dy']",Al-Au-Dy,DyAl7Au3
mp-3241108,DyAl3Au,0.0,-0.656726666999998,0.0,True,True,5,7.580625670214437,3,"['Al', 'Au', 'Dy']",Al-Au-Dy,DyAl3Au
mp-3309881,Dy2Al4Au3,0.0,-0.801918121944443,0.0,True,True,36,9.69826548124058,3,"['Al', 'Au', 'Dy']",Al-Au-Dy,Dy2Al4Au3
mp-3316002,Dy3AlAu5,0.0,-0.9395690049999972,0.0,True,True,36,13.444309765500249,3,"['Al', 'Au', 'Dy']",Al-Au-Dy,Dy3AlAu5
mp-3319441,Dy2(AlAu3)3,0.0,-0.667809254642853,0.0,True,True,28,13.949985747200865,3,"['Al', 'Au', 'Dy']",Al-Au-Dy,Dy2(AlAu3)3
mp-3252428,Dy3Al3Hg2Au,0.0,-0.6807848966666681,0.0,True,True,9,10.01061420419854,4,"['Al', 'Au', 'Dy', 'Hg']",Al-Au-Dy-Hg,Dy3Al3Hg2Au
mp-3222311,Dy3Al3SiAu2,0.0,-0.8446426399999981,0.0,True,True,9,9.08489633973973,4,"['Al', 'Au', 'Dy', 'Si']",Al-Au-Dy-Si,Dy3Al3SiAu2
mp-11631,Dy2Al6Si4Au,0.0,-0.386588383333332,0.0,True,True,13,5.136893365766658,4,"['Al', 'Au', 'Dy', 'Si']",Al-Au-Dy-Si,Dy2Al6Si4Au
mp-3316610,Dy2Al3Si2Au3,0.0,-0.737522165000001,0.0,True,True,20,9.418475674050912,4,"['Al', 'Au', 'Dy', 'Si']",Al-Au-Dy-Si,Dy2Al3Si2Au3
mp-3240996,DyTi2AlAu3,0.0,-0.691192945476193,0.0,True,True,7,11.483690588241846,4,"['Al', 'Au', 'Dy', 'Ti']",Al-Au-Dy-Ti,DyTi2AlAu3
mp-3222065,Er2Al5Au3,0.0,-0.715166711666665,0.0,True,True,10,9.283255963957092,3,"['Al', 'Au', 'Er']",Al-Au-Er,Er2Al5Au3
mp-1102155,ErAlAu,0.0,-0.890246577777773,0.0,True,True,12,10.74668252944971,3,"['Al', 'Au', 'Er']",Al-Au-Er,ErAlAu
mp-16624,ErAl7Au3,0.0,-0.562638111666666,0.0,True,True,22,8.087828042213918,3,"['Al', 'Au', 'Er']",Al-Au-Er,ErAl7Au3
mp-3319366,Er6Al7Au16,0.0,-0.791151233793102,0.0,True,True,29,13.309342646370776,3,"['Al', 'Au', 'Er']",Al-Au-Er,Er6Al7Au16
mp-3334159,ErAl4Au3,0.0,-0.6613299179166631,0.001419928124992,True,False,8,9.538459887354248,3,"['Al', 'Au', 'Er']",Al-Au-Er,ErAl4Au3
mp-3342283,Er(AlAu)2,0.0,-0.763343369666665,0.0,True,True,10,10.65916055574909,3,"['Al', 'Au', 'Er']",Al-Au-Er,Er(AlAu)2
mp-12020,ErAl4Ge2Au,0.0,-0.415212449999999,0.0,True,True,8,6.404755141112664,4,"['Al', 'Au', 'Er', 'Ge']",Al-Au-Er-Ge,ErAl4Ge2Au
mp-3295976,Er6Al6GeAu5,0.0,-0.8854330716666631,0.0,True,True,18,10.222602597955513,4,"['Al', 'Au', 'Er', 'Ge']",Al-Au-Er-Ge,Er6Al6GeAu5
mp-3342492,Er3AlGe2Au3,0.0,-0.896457556666664,0.0,True,True,9,11.822586748788996,4,"['Al', 'Au', 'Er', 'Ge']",Al-Au-Er-Ge,Er3AlGe2Au3
mp-3231449,Er3AlHg2Au3,0.0,-0.7943070994444381,0.0,True,True,9,13.1763062585145,4,"['Al', 'Au', 'Er', 'Hg']",Al-Au-Er-Hg,Er3AlHg2Au3
mp-3251825,LiErAlAu,0.443699999999999,-0.6959010325,0.0,False,True,4,9.227637589756744,4,"['Al', 'Au', 'Er', 'Li']",Al-Au-Er-Li,LiErAlAu
mp-3231634,Er3Al3SnAu2,0.0,-0.8100027133333311,0.0,True,True,9,9.686145993255863,4,"['Al', 'Au', 'Er', 'Sn']",Al-Au-Er-Sn,Er3Al3SnAu2
mp-3267602,Eu(AlAu)3,0.0,-0.6787310971428561,0.0,True,True,14,10.155782961974108,3,"['Al', 'Au', 'Eu']",Al-Au-Eu,Eu(AlAu)3
mp-13485,Eu(AlAu)2,0.0,-0.677896774000002,0.0,True,True,10,9.676626546563329,3,"['Al', 'Au', 'Eu']",Al-Au-Eu,Eu(AlAu)2
mp-1190659,Eu2(AlAu2)3,0.0,-0.66169265409091,0.0,True,True,22,11.34870523390242,3,"['Al', 'Au', 'Eu']",Al-Au-Eu,Eu2(AlAu2)3
mp-1103193,EuAlAu,0.0,-0.6672081458333371,0.0,True,True,12,9.292255506303755,3,"['Al', 'Au', 'Eu']",Al-Au-Eu,EuAlAu
mp-3327657,EuAlAu5,0.0,-0.55443354357143,0.0,True,True,7,14.284245749061729,3,"['Al', 'Au', 'Eu']",Al-Au-Eu,EuAlAu5
mp-3327987,EuAl3Au,0.0,-0.6057403370000001,0.0,True,True,5,6.926164348694799,3,"['Al', 'Au', 'Eu']",Al-Au-Eu,EuAl3Au
mp-3335257,EuAl4Au3,0.0,-0.658507180625001,0.0,True,True,8,8.958346098721108,3,"['Al', 'Au', 'Eu']",Al-Au-Eu,EuAl4Au3
mp-1225219,EuAl8SiAu4,0.0,-0.481843253214285,0.0,True,True,14,7.363252558620808,4,"['Al', 'Au', 'Eu', 'Si']",Al-Au-Eu-Si,EuAl8SiAu4
mp-1225642,Eu2Al6Si3Au2,0.0,-0.447779401538462,0.0,True,True,13,6.115329284634196,4,"['Al', 'Au', 'Eu', 'Si']",Al-Au-Eu-Si,Eu2Al6Si3Au2
mp-1112269,K2AlAuF6,1.3271,-2.853184825449999,0.162097967,False,False,10,4.311038546288581,4,"['Al', 'Au', 'F', 'K']",Al-Au-F-K,K2AlAuF6
mp-1111088,Na2AlAuF6,0.905099999999999,-2.675296087166669,0.280685186333331,False,False,10,4.152466985187246,4,"['Al', 'Au', 'F', 'Na']",Al-Au-F-Na,Na2AlAuF6
mp-1110596,Rb2AlAuF6,1.4095,-2.8644463885,0.136318261066668,False,False,10,5.075609006877942,4,"['Al', 'Au', 'F', 'Rb']",Al-Au-F-Rb,Rb2AlAuF6
mp-3205356,Ti13Al9(Fe3Au)2,0.0,-0.406237624555554,0.0,True,True,30,5.960880623187817,4,"['Al', 'Au', 'Fe', 'Ti']",Al-Au-Fe-Ti,Ti13Al9(Fe3Au)2
mp-3244877,HoAl2GaAu,0.0,-0.694084107,0.0,True,True,5,8.536002548433457,4,"['Al', 'Au', 'Ga', 'Ho']",Al-Au-Ga-Ho,HoAl2GaAu
mp-3250520,La2Al6GaAu,0.011099999999999,-0.6067732139999971,0.0,False,True,10,5.661846432160469,4,"['Al', 'Au', 'Ga', 'La']",Al-Au-Ga-La,La2Al6GaAu
mp-3203629,Al2Ga2Pd7Au,0.0,-0.692490268333332,0.0,True,True,12,10.655537686980455,4,"['Al', 'Au', 'Ga', 'Pd']",Al-Au-Ga-Pd,Al2Ga2Pd7Au
mp-3221929,Pr2Al2(GaAu)3,0.0,-0.780877417333329,0.0,True,True,10,9.337263828994,4,"['Al', 'Au', 'Ga', 'Pr']",Al-Au-Ga-Pr,Pr2Al2(GaAu)3
mp-3223321,Pr2Al3GaAu4,0.0,-0.8127808013333321,0.0,True,True,10,9.9623542709827,4,"['Al', 'Au', 'Ga', 'Pr']",Al-Au-Ga-Pr,Pr2Al3GaAu4
mp-3239822,PrAl2GaAu,0.0,-0.758997508333331,0.0,True,True,5,7.62642956037782,4,"['Al', 'Au', 'Ga', 'Pr']",Al-Au-Ga-Pr,PrAl2GaAu
mp-3221933,Pu2Al2(GaAu)3,0.0,-0.627379148749997,0.0,True,True,10,11.29903535933145,4,"['Al', 'Au', 'Ga', 'Pu']",Al-Au-Ga-Pu,Pu2Al2(GaAu)3
mp-3222232,Pu2Al4GaAu3,0.0,-0.6429774437499981,0.0,True,True,10,10.58436595383422,4,"['Al', 'Au', 'Ga', 'Pu']",Al-Au-Ga-Pu,Pu2Al4GaAu3
mp-3223273,PuAlGaAu2,0.0,-0.628179819749999,0.0,True,True,10,12.185309957001689,4,"['Al', 'Au', 'Ga', 'Pu']",Al-Au-Ga-Pu,PuAlGaAu2
mp-3240639,Pu2AlGa2Au,0.0,-0.609821786249999,0.0,True,True,6,11.942902373791195,4,"['Al', 'Au', 'Ga', 'Pu']",Al-Au-Ga-Pu,Pu2AlGa2Au
mp-3222405,Sr2Al6GaAu,0.0,-0.458399145000001,0.0,True,True,10,4.697974207958356,4,"['Al', 'Au', 'Ga', 'Sr']",Al-Au-Ga-Sr,Sr2Al6GaAu
mp-3222775,Sr2Al5Ga2Au,0.0,-0.501306160000001,0.0,True,True,10,5.097169989655804,4,"['Al', 'Au', 'Ga', 'Sr']",Al-Au-Ga-Sr,Sr2Al5Ga2Au
mp-3201058,SrAl2GaAu,0.0,-0.619544564,0.0,True,True,5,6.481713509886854,4,"['Al', 'Au', 'Ga', 'Sr']",Al-Au-Ga-Sr,SrAl2GaAu
mp-3223103,Tb2Al2(GaAu)3,0.0,-0.7461244290000021,0.0,True,True,10,10.12465239733498,4,"['Al', 'Au', 'Ga', 'Tb']",Al-Au-Ga-Tb,Tb2Al2(GaAu)3
mp-3240656,Th2AlGaAu2,0.0,-0.760148865,0.0,True,True,6,11.54485944293613,4,"['Al', 'Au', 'Ga', 'Th']",Al-Au-Ga-Th,Th2AlGaAu2
mp-3202584,YAl2GaAu,0.0,-0.7123049879999991,0.0,True,True,5,7.127635745288468,4,"['Al', 'Au', 'Ga', 'Y']",Al-Au-Ga-Y,YAl2GaAu
mp-22711,GdAl7Au3,0.0,-0.5655467863636361,0.0,True,True,22,7.899332146312017,3,"['Al', 'Au', 'Gd']",Al-Au-Gd,GdAl7Au3
mp-672244,GdAl4Ge2Au,0.0,-0.273641834999999,0.157150699999999,True,False,8,5.088146033610042,4,"['Al', 'Au', 'Gd', 'Ge']",Al-Au-Gd-Ge,GdAl4Ge2Au
mp-638442,Gd2Al6Si4Au,0.0,-0.401158314615384,0.0,True,True,13,5.010362632400163,4,"['Al', 'Au', 'Gd', 'Si']",Al-Au-Gd-Si,Gd2Al6Si4Au
mp-12018,NdAl4Ge2Au,0.0,-0.4444772496875,0.0,True,True,8,5.933157800600139,4,"['Al', 'Au', 'Ge', 'Nd']",Al-Au-Ge-Nd,NdAl4Ge2Au
mp-3314338,NdAl8GeAu4,0.0,-0.5981024176785711,0.0,True,True,28,7.753160619536491,4,"['Al', 'Au', 'Ge', 'Nd']",Al-Au-Ge-Nd,NdAl8GeAu4
mp-3343107,NdAlGeAu2,0.0,-0.7660049734999971,0.0,True,True,10,10.482549909138854,4,"['Al', 'Au', 'Ge', 'Nd']",Al-Au-Ge-Nd,NdAlGeAu2
mp-3223633,Pr2Al3GeAu4,0.0,-0.798936238333328,0.0,True,True,10,9.97044403977267,4,"['Al', 'Au', 'Ge', 'Pr']",Al-Au-Ge-Pr,Pr2Al3GeAu4
mp-3246707,PrAlGeAu,0.0,-0.8519914154166661,0.0,True,True,8,8.532816641068445,4,"['Al', 'Au', 'Ge', 'Pr']",Al-Au-Ge-Pr,PrAlGeAu
mp-3210572,Rb8AlGeAu16,0.0,-0.381219559615383,0.0,True,True,26,9.39596139018402,4,"['Al', 'Au', 'Ge', 'Rb']",Al-Au-Ge-Rb,Rb8AlGeAu16
mp-1191450,Hf3AlAu2,0.0,-0.479493637546302,0.084211792731487,True,False,24,13.624078087436818,3,"['Al', 'Au', 'Hf']",Al-Au-Hf,Hf3AlAu2
mp-10872,HfAlAu2,0.0,-0.564644290555548,0.018337413333334,True,False,4,13.698361966870792,3,"['Al', 'Au', 'Hf']",Al-Au-Hf,HfAlAu2
mp-1224327,Hf2Al3Au,0.0,-0.5988095116666631,0.0,True,True,6,10.234002951508584,3,"['Al', 'Au', 'Hf']",Al-Au-Hf,Hf2Al3Au
mp-3212113,Hf6Al16Ir5Au2,0.0,-0.83605693275862,0.0,True,True,29,10.215469487404844,4,"['Al', 'Au', 'Hf', 'Ir']",Al-Au-Hf-Ir,Hf6Al16Ir5Au2
mp-3212343,Hf6Al16Ir6Au,0.0,-0.8823417455172411,0.0,True,True,29,10.283758358490184,4,"['Al', 'Au', 'Hf', 'Ir']",Al-Au-Hf-Ir,Hf6Al16Ir6Au
mp-3223497,Hf4Al4Mo3Au,0.0,-0.460498462500003,0.0,True,True,12,10.384658120346105,4,"['Al', 'Au', 'Hf', 'Mo']",Al-Au-Hf-Mo,Hf4Al4Mo3Au
mp-3240235,Hf3NbAl2Au,0.0,-0.515844744285719,0.0,True,True,7,11.360599357006178,4,"['Al', 'Au', 'Hf', 'Nb']",Al-Au-Hf-Nb,Hf3NbAl2Au
mp-3216128,Hf3Al3OsAu2,0.0,-0.689688232777781,0.0,True,True,18,12.50560946919394,4,"['Al', 'Au', 'Hf', 'Os']",Al-Au-Hf-Os,Hf3Al3OsAu2
mp-3204347,Hf10AlSn6Au,0.0,-0.47139421833333,0.0,True,True,18,12.050930727184683,4,"['Al', 'Au', 'Hf', 'Sn']",Al-Au-Hf-Sn,Hf10AlSn6Au
mp-3249036,HfTh(AlAu)2,0.0,-0.7049925233333311,0.0,True,True,6,11.570436625388922,4,"['Al', 'Au', 'Hf', 'Th']",Al-Au-Hf-Th,HfTh(AlAu)2
mp-3239875,Hf2Ti2Al2Au,0.0,-0.48989641333333,0.0,True,True,7,9.52793959236283,4,"['Al', 'Au', 'Hf', 'Ti']",Al-Au-Hf-Ti,Hf2Ti2Al2Au
mp-3231679,HfZr2(AlAu)3,0.0,-0.69058629666667,0.0,True,True,9,10.368375320933833,4,"['Al', 'Au', 'Hf', 'Zr']",Al-Au-Hf-Zr,HfZr2(AlAu)3
mp-3201406,Hf2Zr(AlAu)3,0.0,-0.6682284016666681,0.0,True,True,9,11.344605960913803,4,"['Al', 'Au', 'Hf', 'Zr']",Al-Au-Hf-Zr,Hf2Zr(AlAu)3
mp-3230860,Lu3Al3Hg2Au,0.0,-0.658536680555553,0.0,True,True,9,10.847269650904986,4,"['Al', 'Au', 'Hg', 'Lu']",Al-Au-Hg-Lu,Lu3Al3Hg2Au
mp-3223057,Tb3AlHg2Au3,0.0,-0.808600324999998,0.0,True,True,9,12.579462094927656,4,"['Al', 'Au', 'Hg', 'Tb']",Al-Au-Hg-Tb,Tb3AlHg2Au3
mp-3273450,Ho4Al13Au9,0.0,-0.709582252692305,0.0,True,True,26,9.623195322764762,3,"['Al', 'Au', 'Ho']",Al-Au-Ho,Ho4Al13Au9
mp-1102992,HoAlAu,0.0,-0.893311231666667,0.0,True,True,12,10.563608560165292,3,"['Al', 'Au', 'Ho']",Al-Au-Ho,HoAlAu
mp-982559,HoAlAu2,0.0,-0.8148339622321281,0.025230499374998,True,False,4,12.297969710650689,3,"['Al', 'Au', 'Ho']",Al-Au-Ho,HoAlAu2
mp-16621,HoAl7Au3,0.0,-0.568672183181816,0.0,True,True,22,8.047069315282128,3,"['Al', 'Au', 'Ho']",Al-Au-Ho,HoAl7Au3
mp-3325410,Ho6Al7Au16,0.0,-0.793734034482754,0.0,True,True,29,13.186282162157587,3,"['Al', 'Au', 'Ho']",Al-Au-Ho,Ho6Al7Au16
mp-3328625,HoAl3Au,0.0,-0.6423642349999991,0.0,True,True,5,7.667637044726953,3,"['Al', 'Au', 'Ho']",Al-Au-Ho,HoAl3Au
mp-3287147,Ho4Al4Rh3Au,0.0,-0.9747046666666672,0.0,True,True,12,9.21737270140764,4,"['Al', 'Au', 'Ho', 'Rh']",Al-Au-Ho-Rh,Ho4Al4Rh3Au
mp-3223019,Ho3Al3SiAu2,0.0,-0.8462864277777771,0.0,True,True,9,9.247402552905552,4,"['Al', 'Au', 'Ho', 'Si']",Al-Au-Ho-Si,Ho3Al3SiAu2
mp-1112438,K2AlAuI6,0.0,-0.95561923845,0.149166805999998,True,False,10,4.528019407559023,4,"['Al', 'Au', 'I', 'K']",Al-Au-I-K,K2AlAuI6
mp-1111797,Rb2AlAuI6,0.0,-0.9959750515,0.122378404499998,True,False,10,4.86089550035493,4,"['Al', 'Au', 'I', 'Rb']",Al-Au-I-Rb,Rb2AlAuI6
mp-3211342,Sr2AlAuI,0.0,-1.0578043285,0.0,True,True,10,5.4064348959048845,4,"['Al', 'Au', 'I', 'Sr']",Al-Au-I-Sr,Sr2AlAuI
mp-3223107,LaAlInAu2,0.0,-0.7977113729999981,0.0,True,True,10,10.0326441064099,4,"['Al', 'Au', 'In', 'La']",Al-Au-In-La,LaAlInAu2
mp-3221942,PrAlInAu2,0.0,-0.764421123333329,0.0,True,True,10,10.250222068837951,4,"['Al', 'Au', 'In', 'Pr']",Al-Au-In-Pr,PrAlInAu2
mp-3214459,Sc6AlIn5Au6,0.0,-0.7618160244444421,0.0,True,True,18,9.433322907600704,4,"['Al', 'Au', 'In', 'Sc']",Al-Au-In-Sc,Sc6AlIn5Au6
mp-3222906,SrAlInAu2,0.0,-0.686819222000002,0.0,True,True,10,9.02083491902407,4,"['Al', 'Au', 'In', 'Sr']",Al-Au-In-Sr,SrAlInAu2
mp-3231124,Tb3AlIn2Au3,0.0,-0.8855715000000001,0.0,True,True,9,11.005187899555027,4,"['Al', 'Au', 'In', 'Tb']",Al-Au-In-Tb,Tb3AlIn2Au3
mp-3229994,Tm3AlIn2Au3,0.0,-0.8714395855555621,0.0,True,True,9,11.68476115215389,4,"['Al', 'Au', 'In', 'Tm']",Al-Au-In-Tm,Tm3AlIn2Au3
mp-3211577,Sr2Al9Ir2Au,0.0,-0.669371407857143,0.0,True,True,28,6.650934106370887,4,"['Al', 'Au', 'Ir', 'Sr']",Al-Au-Ir-Sr,Sr2Al9Ir2Au
mp-3211250,Ti8Al15Ir6Au,0.0,-0.8641052411111141,0.0,True,True,30,7.810428068451622,4,"['Al', 'Au', 'Ir', 'Ti']",Al-Au-Ir-Ti,Ti8Al15Ir6Au
mp-3205929,K4AlAuO5,2.4151,-1.756680150795454,0.0,False,True,22,4.337159244927327,4,"['Al', 'Au', 'K', 'O']",Al-Au-K-O,K4AlAuO5
mp-3274922,La4Al13Au9,0.0,-0.76538710423077,0.0,True,True,26,8.736957601282356,3,"['Al', 'Au', 'La']",Al-Au-La,La4Al13Au9
mp-3281823,La2(AlAu2)3,0.0,-0.807944879545454,0.0,True,True,22,11.506254542331565,3,"['Al', 'Au', 'La']",Al-Au-La,La2(AlAu2)3
mp-1069603,LaAl3Au,0.0,-0.6605854510000011,0.0,True,True,5,6.658445000751,3,"['Al', 'Au', 'La']",Al-Au-La,LaAl3Au
mp-1101778,LaAlAu,0.0,-0.7351872008333361,0.0,True,True,12,8.740301086348323,3,"['Al', 'Au', 'La']",Al-Au-La,LaAlAu
mp-3314879,LaAl2Au5,0.0,-0.688936430000005,0.0,True,True,32,12.574429410803232,3,"['Al', 'Au', 'La']",Al-Au-La,LaAl2Au5
mp-3341803,La2Al5Au3,0.0,-0.794492764,0.0,True,True,10,8.057251670702595,3,"['Al', 'Au', 'La']",Al-Au-La,La2Al5Au3
mp-3230500,La3AlPt3Au2,0.0,-1.151506937222222,0.0,True,True,9,11.725198846870612,4,"['Al', 'Au', 'La', 'Pt']",Al-Au-La-Pt,La3AlPt3Au2
mp-3245630,LaAl2SiAu,0.0,-0.746244232,0.0,True,True,5,6.964718035222832,4,"['Al', 'Au', 'La', 'Si']",Al-Au-La-Si,LaAl2SiAu
mp-3246590,La2Al6Si4Au,0.0,-0.478904376923076,0.0,True,True,13,4.576748738914719,4,"['Al', 'Au', 'La', 'Si']",Al-Au-La-Si,La2Al6Si4Au
mp-3221947,La2Al3SnAu4,0.0,-0.8217693489999981,0.0,True,True,10,9.708908817850768,4,"['Al', 'Au', 'La', 'Sn']",Al-Au-La-Sn,La2Al3SnAu4
mp-3221952,LaThAl5Au3,0.0,-0.764908328499996,0.0,True,True,10,8.960537716962444,4,"['Al', 'Au', 'La', 'Th']",Al-Au-La-Th,LaThAl5Au3
mp-862717,LiAlAu2,0.0,-0.581746309166668,0.0,True,True,4,11.723711600574845,3,"['Al', 'Au', 'Li']",Al-Au-Li,LiAlAu2
mp-1185321,LiAl2Au,0.0,-0.404253921666665,0.062091590833333,True,False,4,7.220895521779266,3,"['Al', 'Au', 'Li']",Al-Au-Li,LiAl2Au
mp-1096348,Li2AlAu,0.7462999999999991,0.8842873438357881,1.337001014374999,False,False,4,0.475288997170066,3,"['Al', 'Au', 'Li']",Al-Au-Li,Li2AlAu
mp-1206281,LiAlAu,0.0,-0.435558561587302,0.099911162857143,True,False,6,8.37778632494679,3,"['Al', 'Au', 'Li']",Al-Au-Li,LiAlAu
mp-3240968,Li2Al3Au2,0.0,-0.527700950476189,0.0,True,True,7,7.231340667261214,3,"['Al', 'Au', 'Li']",Al-Au-Li,Li2Al3Au2
mp-3306142,LiAl4Au15,0.0,-0.292790559333332,0.0,True,True,20,15.13129397953771,3,"['Al', 'Au', 'Li']",Al-Au-Li,LiAl4Au15
mp-1087480,LuAlAu,0.0,-0.889870854444438,0.0,True,True,9,11.204490147434443,3,"['Al', 'Au', 'Lu']",Al-Au-Lu,LuAlAu
mp-16620,LuAl7Au3,0.0,-0.5441324846969681,0.0,True,True,22,8.203008582090499,3,"['Al', 'Au', 'Lu']",Al-Au-Lu,LuAl7Au3
mp-3231000,Lu3Al3NiAu2,0.0,-0.843718481111109,0.0,True,True,9,10.376386853544284,4,"['Al', 'Au', 'Lu', 'Ni']",Al-Au-Lu-Ni,Lu3Al3NiAu2
mp-3202191,LuAl2Pd4Au,0.0,-0.9618866345833332,0.0,True,True,8,11.252203300507317,4,"['Al', 'Au', 'Lu', 'Pd']",Al-Au-Lu-Pd,LuAl2Pd4Au
mp-3213154,Lu5Sc(AlAu)6,0.0,-0.8801176454629611,0.000205925185188,True,False,18,10.704494849094326,4,"['Al', 'Au', 'Lu', 'Sc']",Al-Au-Lu-Sc,Lu5Sc(AlAu)6
mp-3230158,Lu3Al3SnAu2,0.0,-0.7964401799999961,0.0,True,True,9,10.143266744448384,4,"['Al', 'Au', 'Lu', 'Sn']",Al-Au-Lu-Sn,Lu3Al3SnAu2
mp-3292754,Mg(Al2Au5)2,0.0,-0.369410823666665,0.0,True,True,30,13.98392227599238,3,"['Al', 'Au', 'Mg']",Al-Au-Mg,Mg(Al2Au5)2
mp-1185645,Mg16Al12Au,0.0,-0.033270498275862,0.029505097126437,True,False,29,2.605328293528521,3,"['Al', 'Au', 'Mg']",Al-Au-Mg,Mg16Al12Au
mp-1185738,Mg17Al11Au,0.0,-0.050480548448275,0.011945876522988,True,False,29,2.6058317898387973,3,"['Al', 'Au', 'Mg']",Al-Au-Mg,Mg17Al11Au
mp-1185826,MgAlAu2,0.0,-0.47838773125,0.015376279999998,True,False,4,11.08022488268565,3,"['Al', 'Au', 'Mg']",Al-Au-Mg,MgAlAu2
mp-3296208,Mg6Al7Au16,0.0,-0.513422533448274,0.0,True,True,29,11.445390923461956,3,"['Al', 'Au', 'Mg']",Al-Au-Mg,Mg6Al7Au16
mp-3213584,MgSc2AlAu2,0.0,-0.753266351944445,0.0,True,True,18,7.707477932922526,4,"['Al', 'Au', 'Mg', 'Sc']",Al-Au-Mg-Sc,MgSc2AlAu2
mp-3231613,Th3Mg2AlAu3,0.0,-0.640136199999997,0.0,True,True,9,10.708704777357529,4,"['Al', 'Au', 'Mg', 'Th']",Al-Au-Mg-Th,Th3Mg2AlAu3
mp-5491,MnAlAu2,0.0,-0.247918254482758,0.0,True,True,4,12.26171384079477,3,"['Al', 'Au', 'Mn']",Al-Au-Mn,MnAlAu2
mp-3196627,Nb19Al8MoAu2,0.0,-0.35253784833333,0.0,True,True,30,7.9642661250507265,4,"['Al', 'Au', 'Mo', 'Nb']",Al-Au-Mo-Nb,Nb19Al8MoAu2
mp-3206758,Ti3Al2AuN,0.0,-0.997451494821427,0.0,True,True,28,6.907960582813479,4,"['Al', 'Au', 'N', 'Ti']",Al-Au-N-Ti,Ti3Al2AuN
mp-3210422,Zr12Al9Au3N4,0.0,-1.069291038750001,0.0,True,True,28,7.158272508902212,4,"['Al', 'Au', 'N', 'Zr']",Al-Au-N-Zr,Zr12Al9Au3N4
mp-3211546,Zr3AlAu2N,0.0,-1.095924895892855,0.0,True,True,28,10.08112496868132,4,"['Al', 'Au', 'N', 'Zr']",Al-Au-N-Zr,Zr3AlAu2N
mp-3201530,NaAl2SiAu,0.0,-0.342222630999998,0.0,True,True,5,5.395725444097857,4,"['Al', 'Au', 'Na', 'Si']",Al-Au-Na-Si,NaAl2SiAu
mp-3221771,Ta3Nb(Al3Au)2,0.0,-0.461242493499999,0.0,True,True,12,10.418253665900464,4,"['Al', 'Au', 'Nb', 'Ta']",Al-Au-Nb-Ta,Ta3Nb(Al3Au)2
mp-3280124,Nd2(AlAu2)3,0.0,-0.7758282959090881,0.0,True,True,22,11.85856598899696,3,"['Al', 'Au', 'Nd']",Al-Au-Nd,Nd2(AlAu2)3
mp-1078947,Nd(AlAu)2,0.0,-0.7472108595000001,0.0,True,True,10,9.760477658956503,3,"['Al', 'Au', 'Nd']",Al-Au-Nd,Nd(AlAu)2
mp-1101773,NdAlAu,0.0,-0.739335882499997,0.0,True,True,12,9.196494222211395,3,"['Al', 'Au', 'Nd']",Al-Au-Nd,NdAlAu
mp-16622,NdAl7Au3,0.0,-0.5195107870454531,0.0,True,True,22,7.677745255351897,3,"['Al', 'Au', 'Nd']",Al-Au-Nd,NdAl7Au3
mp-3223880,Nd2Al5Au3,0.0,-0.7778449254999991,0.0,True,True,10,8.395266095524063,3,"['Al', 'Au', 'Nd']",Al-Au-Nd,Nd2Al5Au3
mp-3240069,NdAl3Au,0.0,-0.707991485499997,0.0,True,True,5,6.952743235310762,3,"['Al', 'Au', 'Nd']",Al-Au-Nd,NdAl3Au
mp-3307375,NdAl2Au5,0.0,-0.648002259687501,0.0,True,True,32,12.813586828434843,3,"['Al', 'Au', 'Nd']",Al-Au-Nd,NdAl2Au5
mp-3312456,Nd3AlAu5,0.0,-0.8820806130555511,0.0,True,True,36,11.999583745744284,3,"['Al', 'Au', 'Nd']",Al-Au-Nd,Nd3AlAu5
mp-3223757,NdAlSiAu2,0.0,-0.790820403499998,0.0,True,True,10,10.073135082376696,4,"['Al', 'Au', 'Nd', 'Si']",Al-Au-Nd-Si,NdAlSiAu2
mp-3222975,Nd2Al4ZnAu3,0.0,-0.7642047239999981,0.0,True,True,10,8.775351660203892,4,"['Al', 'Au', 'Nd', 'Zn']",Al-Au-Nd-Zn,Nd2Al4ZnAu3
mp-1183159,AlAuO3,0.0,-1.400460893,0.541741308499998,True,False,5,8.486096191787198,3,"['Al', 'Au', 'O']",Al-Au-O,AlAuO3
mp-16613,AlAuO2,0.5888,-2.224651209999999,0.012329293958334,False,False,8,9.567555064145138,3,"['Al', 'Au', 'O']",Al-Au-O,AlAuO2
mp-559984,Rb8AlAu3O4,1.4024,-1.310884286406249,0.0,False,True,64,4.816508364767265,4,"['Al', 'Au', 'O', 'Rb']",Al-Au-O-Rb,Rb8AlAu3O4
mp-3211630,Zr3Al2AuO,0.0,-1.317461607678577,0.0,True,True,28,7.830836399532781,4,"['Al', 'Au', 'O', 'Zr']",Al-Au-O-Zr,Zr3Al2AuO
mp-3212240,Zr3AlAuO,0.0,-1.386279055208334,0.0,True,True,24,8.57821614654174,4,"['Al', 'Au', 'O', 'Zr']",Al-Au-O-Zr,Zr3AlAuO
mp-3211767,Y6Al24Os7Au,0.0,-0.6899500836842121,0.0,True,True,38,7.02524366290924,4,"['Al', 'Au', 'Os', 'Y']",Al-Au-Os-Y,Y6Al24Os7Au
mp-864780,PaAlAu2,0.0,-0.458836192499994,0.110685996874963,True,False,4,13.353813648702706,3,"['Al', 'Au', 'Pa']",Al-Au-Pa,PaAlAu2
mp-3223279,Pa(AlAu)2,0.0,-0.5481312029999971,0.0,True,True,10,11.69322353377026,3,"['Al', 'Au', 'Pa']",Al-Au-Pa,Pa(AlAu)2
mp-3327846,Pa2Al3Au,0.0,-0.457404274999997,0.0,True,True,6,10.415502053508126,3,"['Al', 'Au', 'Pa']",Al-Au-Pa,Pa2Al3Au
mp-3223661,Ta4Al6PdAu,0.0,-0.513662255777774,0.0,True,True,12,10.557734701456134,4,"['Al', 'Au', 'Pd', 'Ta']",Al-Au-Pd-Ta,Ta4Al6PdAu
mp-3231372,Y3Al3PdAu2,0.0,-0.9064528377777772,0.0,True,True,9,7.615422769701596,4,"['Al', 'Au', 'Pd', 'Y']",Al-Au-Pd-Y,Y3Al3PdAu2
mp-862836,PmAlAu2,0.0,-0.7121874918749991,0.012212182857147,True,False,4,11.41050342561503,3,"['Al', 'Au', 'Pm']",Al-Au-Pm,PmAlAu2
mp-3327870,Pm2Al3Au,0.0,-0.677955495833335,0.0,True,True,6,7.544150726761155,3,"['Al', 'Au', 'Pm']",Al-Au-Pm,Pm2Al3Au
mp-3328154,Pm(AlAu)2,0.0,-0.7391683295000001,0.0,True,True,5,9.73149300795293,3,"['Al', 'Au', 'Pm']",Al-Au-Pm,Pm(AlAu)2
mp-3221980,Pr2Al5Au3,0.0,-0.7749330493333331,0.0,True,True,10,8.255261964234531,3,"['Al', 'Au', 'Pr']",Al-Au-Pr,Pr2Al5Au3
mp-3273926,Pr4Al13Au9,0.0,-0.7462924429487161,0.0,True,True,26,8.894642159062048,3,"['Al', 'Au', 'Pr']",Al-Au-Pr,Pr4Al13Au9
mp-3285091,Pr2(AlAu2)3,0.0,-0.7744801807575741,0.0,True,True,22,11.70750432632782,3,"['Al', 'Au', 'Pr']",Al-Au-Pr,Pr2(AlAu2)3
mp-1091396,Pr(AlAu)2,0.0,-0.746220310333332,0.0,True,True,10,9.616014586681423,3,"['Al', 'Au', 'Pr']",Al-Au-Pr,Pr(AlAu)2
mp-1101978,PrAlAu,0.0,-0.7212290588888941,0.0,True,True,12,8.954419115024981,3,"['Al', 'Au', 'Pr']",Al-Au-Pr,PrAlAu
mp-11034,PrAl7Au3,0.0,-0.515776057424242,0.0,True,True,22,7.441864520644253,3,"['Al', 'Au', 'Pr']",Al-Au-Pr,PrAl7Au3
mp-3307885,Pr3AlAu5,0.0,-0.859644689444444,0.0,True,True,36,11.706998262613482,3,"['Al', 'Au', 'Pr']",Al-Au-Pr,Pr3AlAu5
mp-3311236,PrAl2Au5,0.0,-0.6535034498958291,0.0,True,True,32,12.717145783166057,3,"['Al', 'Au', 'Pr']",Al-Au-Pr,PrAl2Au5
mp-3327891,PrAl3Au,0.0,-0.7072987563333321,0.0,True,True,5,6.8290757821307775,3,"['Al', 'Au', 'Pr']",Al-Au-Pr,PrAl3Au
mp-3222021,Pr2Al4Pt3Au,0.0,-1.101845661333328,0.0,True,True,10,10.00816912165097,4,"['Al', 'Au', 'Pr', 'Pt']",Al-Au-Pr-Pt,Pr2Al4Pt3Au
mp-3223154,Pr2Al4PtAu3,0.0,-0.930964931333329,0.0,True,True,10,9.723179255352122,4,"['Al', 'Au', 'Pr', 'Pt']",Al-Au-Pr-Pt,Pr2Al4PtAu3
mp-3223092,PrAlSiAu2,0.0,-0.788052451333334,0.0,True,True,10,9.920537696469124,4,"['Al', 'Au', 'Pr', 'Si']",Al-Au-Pr-Si,PrAlSiAu2
mp-3222802,PrThAl5Au3,0.0,-0.7556379901666611,0.0,True,True,10,9.0702398253757,4,"['Al', 'Au', 'Pr', 'Th']",Al-Au-Pr-Th,PrThAl5Au3
mp-3207048,Sc6Al6PtAu5,0.0,-0.909748240000002,0.0,True,True,18,8.150772794397842,4,"['Al', 'Au', 'Pt', 'Sc']",Al-Au-Pt-Sc,Sc6Al6PtAu5
mp-3223879,Th2Al4PtAu3,0.0,-0.905171430999996,0.0,True,True,10,11.364666734687765,4,"['Al', 'Au', 'Pt', 'Th']",Al-Au-Pt-Th,Th2Al4PtAu3
mp-3206737,Rb4AlAu8,0.0,-0.382367622692308,0.0,True,True,26,9.448301662380748,3,"['Al', 'Au', 'Rb']",Al-Au-Rb,Rb4AlAu8
mp-3213011,Sc3Al3RhAu2,0.0,-0.8860032638888871,0.0,True,True,18,7.31312312652662,4,"['Al', 'Au', 'Rh', 'Sc']",Al-Au-Rh-Sc,Sc3Al3RhAu2
mp-3230666,Th3Al3RhAu2,0.0,-0.817692468888885,0.0,True,True,9,10.745387415144782,4,"['Al', 'Au', 'Rh', 'Th']",Al-Au-Rh-Th,Th3Al3RhAu2
mp-3210898,Ti8Al15Rh6Au,0.0,-0.795705334777778,0.0,True,True,30,5.874066152770087,4,"['Al', 'Au', 'Rh', 'Ti']",Al-Au-Rh-Ti,Ti8Al15Rh6Au
mp-3276242,Tb16Al4Ru3Au,0.0,-0.433503994374997,0.0,True,True,24,8.459380259653512,4,"['Al', 'Au', 'Ru', 'Tb']",Al-Au-Ru-Tb,Tb16Al4Ru3Au
mp-3292787,Tb2Al9Ru2Au,0.0,-0.713031102499998,0.0,True,True,28,6.722527117311558,4,"['Al', 'Au', 'Ru', 'Tb']",Al-Au-Ru-Tb,Tb2Al9Ru2Au
mp-3313687,Tb6Al24Ru7Au,0.0,-0.7333415672368431,0.0,True,True,38,6.520007730467695,4,"['Al', 'Au', 'Ru', 'Tb']",Al-Au-Ru-Tb,Tb6Al24Ru7Au
mp-3213303,Ti8Al15Ru5Au2,0.0,-0.6448595192777771,0.0,True,True,30,6.108223815239083,4,"['Al', 'Au', 'Ru', 'Ti']",Al-Au-Ru-Ti,Ti8Al15Ru5Au2
mp-3210094,Y20Al3Ru2Au3,0.0,-0.430530580357144,0.0,True,True,28,5.802128170426544,4,"['Al', 'Au', 'Ru', 'Y']",Al-Au-Ru-Y,Y20Al3Ru2Au3
mp-10873,ScAlAu2,0.0,-0.7050440287499999,0.000244816527778,True,False,4,11.011252621452815,3,"['Al', 'Au', 'Sc']",Al-Au-Sc,ScAlAu2
mp-1097575,Sc2AlAu,0.0,1.9451679,2.586021980416667,True,False,4,0.513152213731724,3,"['Al', 'Au', 'Sc']",Al-Au-Sc,Sc2AlAu
mp-1105210,ScAlAu,0.0,-0.76051166111111,0.0,True,True,18,7.887993942476919,3,"['Al', 'Au', 'Sc']",Al-Au-Sc,ScAlAu
mp-3345404,SmAlSiAu2,0.0,-0.782662456999997,0.0,True,True,10,10.342425359656582,4,"['Al', 'Au', 'Si', 'Sm']",Al-Au-Si-Sm,SmAlSiAu2
mp-1208872,SmAl8SiAu4,0.0,-0.517982155000009,0.0,True,True,28,7.6392591205928975,4,"['Al', 'Au', 'Si', 'Sm']",Al-Au-Si-Sm,SmAl8SiAu4
mp-3213020,Sr4Al5SiAu12,0.0,-0.679292627954546,0.0,True,True,22,10.626947977195774,4,"['Al', 'Au', 'Si', 'Sr']",Al-Au-Si-Sr,Sr4Al5SiAu12
mp-3285792,TbAl8SiAu4,0.0,-0.581298274642855,0.0,True,True,28,7.746280363748956,4,"['Al', 'Au', 'Si', 'Tb']",Al-Au-Si-Tb,TbAl8SiAu4
mp-3291706,Tb2Al3Si2Au3,0.0,-0.749223298499998,0.0,True,True,20,9.3042410948074,4,"['Al', 'Au', 'Si', 'Tb']",Al-Au-Si-Tb,Tb2Al3Si2Au3
mp-11629,Tb2Al6Si4Au,0.0,-0.392796674102567,0.0,True,True,13,5.134262946664565,4,"['Al', 'Au', 'Si', 'Tb']",Al-Au-Si-Tb,Tb2Al6Si4Au
mp-3343093,TbAlSiAu2,0.0,-0.7610266959999931,0.0,True,True,10,10.702073952422856,4,"['Al', 'Au', 'Si', 'Tb']",Al-Au-Si-Tb,TbAlSiAu2
mp-3343798,Tb3Al3SiAu2,0.0,-0.840519991666667,0.0,True,True,9,8.890487722397271,4,"['Al', 'Au', 'Si', 'Tb']",Al-Au-Si-Tb,Tb3Al3SiAu2
mp-3222024,ThAlSiAu2,0.0,-0.731527129999994,0.0,True,True,10,11.530150353139742,4,"['Al', 'Au', 'Si', 'Th']",Al-Au-Si-Th,ThAlSiAu2
mp-1208226,Th2Al4Si2Au3,0.0,-0.674321373636362,0.0,True,True,11,9.197392226006464,4,"['Al', 'Au', 'Si', 'Th']",Al-Au-Si-Th,Th2Al4Si2Au3
mp-1208229,Th2Al8Si2Au5,0.0,-0.5644704047058811,0.021168847647059,True,False,17,8.652894209549569,4,"['Al', 'Au', 'Si', 'Th']",Al-Au-Si-Th,Th2Al8Si2Au5
mp-3230595,Th2Al3SiAu2,0.0,-0.7900236068750031,0.0,True,True,8,9.655131278178636,4,"['Al', 'Au', 'Si', 'Th']",Al-Au-Si-Th,Th2Al3SiAu2
mp-3304587,ThAl8SiAu4,0.0,-0.5685804646428531,0.0,True,True,28,8.126744863585811,4,"['Al', 'Au', 'Si', 'Th']",Al-Au-Si-Th,ThAl8SiAu4
mp-3230506,Tm3AlSi2Au3,0.0,-0.8782538900000021,0.0,True,True,9,11.418985913827443,4,"['Al', 'Au', 'Si', 'Tm']",Al-Au-Si-Tm,Tm3AlSi2Au3
mp-3230825,Y3Al3SiAu2,0.0,-0.838182272777781,0.0,True,True,9,7.01235023969492,4,"['Al', 'Au', 'Si', 'Y']",Al-Au-Si-Y,Y3Al3SiAu2
mp-3206512,YAl8SiAu4,0.0,-0.576936445714283,0.0,True,True,28,7.289026867709418,4,"['Al', 'Au', 'Si', 'Y']",Al-Au-Si-Y,YAl8SiAu4
mp-3281862,Sm4Al13Au9,0.0,-0.7430901957692281,0.0,True,True,26,9.204589232046896,3,"['Al', 'Au', 'Sm']",Al-Au-Sm,Sm4Al13Au9
mp-3288593,Sm2(AlAu2)3,0.0,-0.767656513181815,0.0,True,True,22,12.105173889600389,3,"['Al', 'Au', 'Sm']",Al-Au-Sm,Sm2(AlAu2)3
mp-1078787,Sm(AlAu)2,0.0,-0.7379393630000001,0.0,True,True,10,10.022798337206954,3,"['Al', 'Au', 'Sm']",Al-Au-Sm,Sm(AlAu)2
mp-1102449,SmAlAu,0.0,-0.7636010991666651,0.0,True,True,12,9.599634186520529,3,"['Al', 'Au', 'Sm']",Al-Au-Sm,SmAlAu
mp-16626,SmAl7Au3,0.0,-0.5201712418181801,0.0,True,True,22,7.800104662753501,3,"['Al', 'Au', 'Sm']",Al-Au-Sm,SmAl7Au3
mp-3223790,Sm2Al5Au3,0.0,-0.770623534,0.0,True,True,10,8.636367920424942,3,"['Al', 'Au', 'Sm']",Al-Au-Sm,Sm2Al5Au3
mp-3322521,SmAl2Au5,0.0,-0.630925313749997,0.0,True,True,32,12.979824070002596,3,"['Al', 'Au', 'Sm']",Al-Au-Sm,SmAl2Au5
mp-3327695,SmAl3Au,0.0,-0.6961176399999971,0.0,True,True,5,7.175770726362342,3,"['Al', 'Au', 'Sm']",Al-Au-Sm,SmAl3Au
mp-3223769,SmThAl5Au3,0.0,-0.753501791999997,0.0,True,True,10,9.264570334311331,4,"['Al', 'Au', 'Sm', 'Th']",Al-Au-Sm-Th,SmThAl5Au3
mp-3240508,SmTi2AlAu3,0.0,-0.680420371904761,0.0,True,True,7,11.095320681346667,4,"['Al', 'Au', 'Sm', 'Ti']",Al-Au-Sm-Ti,SmTi2AlAu3
mp-3274538,Sr4AlAu17,0.0,-0.56077041272727,0.0,True,True,22,12.84385774964984,3,"['Al', 'Au', 'Sr']",Al-Au-Sr,Sr4AlAu17
mp-3274941,Sr4Al13Au9,0.0,-0.644769248076924,0.0,True,True,26,7.960574766640584,3,"['Al', 'Au', 'Sr']",Al-Au-Sr,Sr4Al13Au9
mp-3291753,Sr2Al3Au14,0.0,-0.481146808421056,0.0,True,True,19,13.788976922193328,3,"['Al', 'Au', 'Sr']",Al-Au-Sr,Sr2Al3Au14
mp-1190136,SrAl2Au3,0.0,-0.642451484999999,0.0,True,True,24,9.458566190442363,3,"['Al', 'Au', 'Sr']",Al-Au-Sr,SrAl2Au3
mp-1079278,Sr(AlAu)2,0.0,-0.6513960159999991,0.0,True,True,10,8.37845226956125,3,"['Al', 'Au', 'Sr']",Al-Au-Sr,Sr(AlAu)2
mp-3223149,Sr2Al7Au,0.0,-0.407890533999997,0.0,True,True,10,4.298713302748414,3,"['Al', 'Au', 'Sr']",Al-Au-Sr,Sr2Al7Au
mp-3318228,SrAl2Au5,0.0,-0.626173024374999,0.0,True,True,32,11.813902075926029,3,"['Al', 'Au', 'Sr']",Al-Au-Sr,SrAl2Au5
mp-3328081,SrAl4Au3,0.0,-0.6292198012500021,0.0,True,True,8,8.109174243147786,3,"['Al', 'Au', 'Sr']",Al-Au-Sr,SrAl4Au3
mp-3202550,Ta2Al3Au,0.0045,-0.422991887444444,0.0,False,True,6,11.212646923413518,3,"['Al', 'Au', 'Ta']",Al-Au-Ta,Ta2Al3Au
mp-3285770,Tb4Al13Au9,0.0,-0.728660388846151,0.0,True,True,26,9.464889424083202,3,"['Al', 'Au', 'Tb']",Al-Au-Tb,Tb4Al13Au9
mp-1078833,Tb(AlAu)2,0.0,-0.715287821333335,0.0,True,True,10,10.36961365200506,3,"['Al', 'Au', 'Tb']",Al-Au-Tb,Tb(AlAu)2
mp-1095572,TbAlAu,0.0,-0.789351933888886,0.0,True,True,12,10.198895525394416,3,"['Al', 'Au', 'Tb']",Al-Au-Tb,TbAlAu
mp-11033,TbAl7Au3,0.0,-0.5144454565151511,0.0,True,True,22,7.763328862675826,3,"['Al', 'Au', 'Tb']",Al-Au-Tb,TbAl7Au3
mp-3304647,Tb2Al4Au3,0.0,-0.806291136111111,0.0,True,True,36,9.574456539354316,3,"['Al', 'Au', 'Tb']",Al-Au-Tb,Tb2Al4Au3
mp-3309785,Tb3AlAu5,0.0,-0.939361896666671,0.0,True,True,36,13.209207792753762,3,"['Al', 'Au', 'Tb']",Al-Au-Tb,Tb3AlAu5
mp-3328244,TbAl3Au,0.0,-0.6704261959999991,0.0,True,True,5,7.480417927117854,3,"['Al', 'Au', 'Tb']",Al-Au-Tb,TbAl3Au
mp-3344264,Tb2Al5Au3,0.0,-0.754268397000001,0.0,True,True,10,8.98039406113231,3,"['Al', 'Au', 'Tb']",Al-Au-Tb,Tb2Al5Au3
mp-3240934,TbTi2AlAu3,0.0,-0.693046719047617,0.0,True,True,7,11.386943796385744,4,"['Al', 'Au', 'Tb', 'Ti']",Al-Au-Tb-Ti,TbTi2AlAu3
mp-3221708,TbAl2ZnAu,0.0,-0.650011453999999,0.0,True,True,10,8.308373942025948,4,"['Al', 'Au', 'Tb', 'Zn']",Al-Au-Tb-Zn,TbAl2ZnAu
mp-1097381,Al2TcAu,0.0,1.8995658543750007,2.366326140000001,True,False,4,0.744117578443185,3,"['Al', 'Au', 'Tc']",Al-Au-Tc,Al2TcAu
mp-3231460,Th3Al3Tc2Au,0.0,-0.544529879999995,0.0,True,True,9,10.352542609614774,4,"['Al', 'Au', 'Tc', 'Th']",Al-Au-Tc-Th,Th3Al3Tc2Au
mp-1078533,Th(AlAu)2,0.0,-0.709222360000003,0.0,True,True,10,11.240070986759005,3,"['Al', 'Au', 'Th']",Al-Au-Th,Th(AlAu)2
mp-3328249,Th4AlAu,0.0,-0.392544366666669,0.0,True,True,6,11.48616593946715,3,"['Al', 'Au', 'Th']",Al-Au-Th,Th4AlAu
mp-3328761,ThAl3Au,0.0,-0.634316095999997,0.0,True,True,5,8.42165648432566,3,"['Al', 'Au', 'Th']",Al-Au-Th,ThAl3Au
mp-3331801,Th3AlAu5,0.0,-0.774196139999996,0.0,True,True,9,13.742094295011992,3,"['Al', 'Au', 'Th']",Al-Au-Th,Th3AlAu5
mp-3342959,Th2Al5Au3,0.0,-0.732471858999997,0.0,True,True,10,9.878990488174118,3,"['Al', 'Au', 'Th']",Al-Au-Th,Th2Al5Au3
mp-3344852,Th3(AlAu2)2,0.0,-0.7556433266666681,0.0,True,True,9,12.592561168763286,3,"['Al', 'Au', 'Th']",Al-Au-Th,Th3(AlAu2)2
mp-3231409,Th3AlZn2Au3,0.0,-0.6443132799999991,0.0,True,True,9,11.98359103538304,4,"['Al', 'Au', 'Th', 'Zn']",Al-Au-Th-Zn,Th3AlZn2Au3
mp-3247304,ThZr(AlAu)2,0.0,-0.740013582499997,0.0,True,True,6,10.2707850818049,4,"['Al', 'Au', 'Th', 'Zr']",Al-Au-Th-Zr,ThZr(AlAu)2
mp-16481,TiAlAu,0.0,-0.558657072222222,0.0,True,True,6,9.21440484976642,3,"['Al', 'Au', 'Ti']",Al-Au-Ti,TiAlAu
mp-16482,TiAlAu2,0.0,-0.476786744166666,0.028322346666666,True,False,4,11.812168566643388,3,"['Al', 'Au', 'Ti']",Al-Au-Ti,TiAlAu2
mp-3241435,Ti2Al3Au,0.0,-0.524451675555556,0.0,True,True,6,6.527541024172527,3,"['Al', 'Au', 'Ti']",Al-Au-Ti,Ti2Al3Au
mp-3333689,Ti2Al5Au,0.0,-0.516800599166664,0.0,True,True,8,5.709971930483355,3,"['Al', 'Au', 'Ti']",Al-Au-Ti,Ti2Al5Au
mp-3202214,Ti2AlZnAu2,0.0,-0.489188379722222,0.0,True,True,6,9.953122048655642,4,"['Al', 'Au', 'Ti', 'Zn']",Al-Au-Ti-Zn,Ti2AlZnAu2
mp-3270700,Tm4Al13Au9,0.0,-0.6894264399999981,0.0,True,True,26,9.738893879873444,3,"['Al', 'Au', 'Tm']",Al-Au-Tm,Tm4Al13Au9
mp-1102248,TmAlAu,0.0,-0.8928906191666681,0.0,True,True,12,10.882330554550562,3,"['Al', 'Au', 'Tm']",Al-Au-Tm,TmAlAu
mp-972272,TmAlAu2,0.0,-0.8127059820981941,0.024627360000003,True,False,4,12.582693229885226,3,"['Al', 'Au', 'Tm']",Al-Au-Tm,TmAlAu2
mp-16627,TmAl7Au3,0.0,-0.558152500454543,0.0,True,True,22,8.119744412996468,3,"['Al', 'Au', 'Tm']",Al-Au-Tm,TmAl7Au3
mp-3316890,Tm6Al7Au16,0.0,-0.7921319131034561,0.0,True,True,29,13.40263678505006,3,"['Al', 'Au', 'Tm']",Al-Au-Tm,Tm6Al7Au16
mp-3252601,Tm3Al3Zn2Au,0.0,-0.653219501111111,0.0,True,True,9,8.670750376479324,4,"['Al', 'Au', 'Tm', 'Zn']",Al-Au-Tm-Zn,Tm3Al3Zn2Au
mp-1189519,UAlAu2,0.0,-0.404343656874999,0.074265268958335,True,False,16,13.290051171667749,3,"['Al', 'Au', 'U']",Al-Au-U,UAlAu2
mp-1080079,U(AlAu)2,0.0,-0.450530465999997,0.022888824333328,True,False,10,11.61087113819842,3,"['Al', 'Au', 'U']",Al-Au-U,U(AlAu)2
mp-3293926,U2Al3Au,0.0,-0.413072442499995,0.0,True,True,12,10.904946069798154,3,"['Al', 'Au', 'U']",Al-Au-U,U2Al3Au
mp-3327872,U2AlAu3,0.0,-0.334170376666672,0.131871329166664,True,False,6,14.845618564825283,3,"['Al', 'Au', 'U']",Al-Au-U,U2AlAu3
mp-1216345,UAlAu,0.0,-0.44482509333333,0.0,True,True,6,13.053632507544402,3,"['Al', 'Au', 'U']",Al-Au-U,UAlAu
mp-3247772,U2AlZnAu2,0.0,-0.405115585833328,0.0,True,True,6,13.587077218057678,4,"['Al', 'Au', 'U', 'Zn']",Al-Au-U-Zn,U2AlZnAu2
mp-3300761,Al4V10Au,0.0,-0.225581836666664,0.0,True,True,30,6.44060853631799,3,"['Al', 'Au', 'V']",Al-Au-V,Al4V10Au
mp-1228971,AlV9Au2,0.0,-0.133480057083332,0.0,True,True,24,8.585665911238529,3,"['Al', 'Au', 'V']",Al-Au-V,AlV9Au2
mp-3282070,YAl7Au3,0.0,-0.574614609999997,0.0,True,True,22,7.366735245991276,3,"['Al', 'Au', 'Y']",Al-Au-Y,YAl7Au3
mp-3282880,Y4Al13Au9,0.0,-0.7225329800000001,0.0,True,True,26,8.51020105376271,3,"['Al', 'Au', 'Y']",Al-Au-Y,Y4Al13Au9
mp-1187809,YAlAu2,0.0,-0.806032865552545,0.031697315208333,True,False,4,10.599709000556764,3,"['Al', 'Au', 'Y']",Al-Au-Y,YAlAu2
mp-1102840,YAlAu,0.0,-0.896976113333333,0.0,True,True,12,8.362865449003841,3,"['Al', 'Au', 'Y']",Al-Au-Y,YAlAu
mp-3300643,Y2Al4Au3,0.0,-0.8038744899999981,0.0,True,True,36,8.271088604045413,3,"['Al', 'Au', 'Y']",Al-Au-Y,Y2Al4Au3
mp-3312364,Y6Al7Au16,0.0,-0.7909570365517231,0.0,True,True,29,11.685532052644698,3,"['Al', 'Au', 'Y']",Al-Au-Y,Y6Al7Au16
mp-3314349,Y2(AlAu3)3,0.0,-0.66473898535714,0.0,True,True,28,12.965453682009196,3,"['Al', 'Au', 'Y']",Al-Au-Y,Y2(AlAu3)3
mp-3342595,Y2Al5Au3,0.0,-0.7474626479999981,0.0,True,True,10,7.781446038258849,3,"['Al', 'Au', 'Y']",Al-Au-Y,Y2Al5Au3
mp-3287883,Yb2(AlAu2)3,0.0,-0.6886099518181781,0.025841023522708,True,False,22,12.572743857319145,3,"['Al', 'Au', 'Yb']",Al-Au-Yb,Yb2(AlAu2)3
mp-3328156,YbAlAu5,0.0,-0.545161116428565,0.052943861071327,True,False,7,15.113985198888049,3,"['Al', 'Au', 'Yb']",Al-Au-Yb,YbAlAu5
mp-3331914,YbAl4Au3,0.0,-0.645911156874998,0.0,True,True,8,9.45345015233966,3,"['Al', 'Au', 'Yb']",Al-Au-Yb,YbAl4Au3
mp-1215459,YbAl3Au,0.0,-0.6037967909999991,0.0,True,True,5,7.923806035746338,3,"['Al', 'Au', 'Yb']",Al-Au-Yb,YbAl3Au
mp-1095717,AlZnAu2,0.0,0.759267865416671,1.088416332499999,True,False,4,0.9882242500721772,3,"['Al', 'Au', 'Zn']",Al-Au-Zn,AlZnAu2
mp-3311926,Al3Zn7Au20,0.0,-0.230042798833339,0.0,True,True,30,15.167185660061977,3,"['Al', 'Au', 'Zn']",Al-Au-Zn,Al3Zn7Au20
mp-3333370,Al3ZnAu4,0.0,-0.382782046875,0.0,True,True,8,11.396245291143044,3,"['Al', 'Au', 'Zn']",Al-Au-Zn,Al3ZnAu4
mp-3285346,Zr4Al7Au,0.0,-0.6555852200000011,0.0,True,True,12,5.897584422106178,3,"['Al', 'Au', 'Zr']",Al-Au-Zr,Zr4Al7Au
mp-864878,ZrAlAu2,0.0,-0.594448286249999,0.025075315555547,True,False,4,11.792074361304309,3,"['Al', 'Au', 'Zr']",Al-Au-Zr,ZrAlAu2
mp-1191176,Zr3AlAu2,0.0,-0.5780230589725951,0.024258662500002,True,False,24,9.57695522895989,3,"['Al', 'Au', 'Zr']",Al-Au-Zr,Zr3AlAu2
mp-3329144,Zr4Al2Au,0.0,-0.55007581714286,0.0,True,True,7,7.479653030109794,3,"['Al', 'Au', 'Zr']",Al-Au-Zr,Zr4Al2Au
mp-3329514,Zr2Al3Au,0.0,-0.6946638083333331,0.0,True,True,6,7.212126907203769,3,"['Al', 'Au', 'Zr']",Al-Au-Zr,Zr2Al3Au
mp-3337673,Zr2Al5Au,0.0,-0.6070554675000001,0.0,True,True,8,6.227495230364327,3,"['Al', 'Au', 'Zr']",Al-Au-Zr,Zr2Al5Au
mp-530274,Al23B50,0.0,-0.069090475136986,0.0,True,True,73,3.097637346739446,2,"['Al', 'B']",Al-B,Al23B50
mp-944,AlB2,0.0,-0.050413121666666,0.016834940799999,True,False,3,3.192131293916214,2,"['Al', 'B']",Al-B,AlB2
mp-3315580,Al3B28,0.0,-0.02901397032258,0.0,True,True,31,2.630374013853239,2,"['Al', 'B']",Al-B,Al3B28
mp-1197875,Ba4NaAl2B8(BrO6)3,3.8869,-3.032328896519797,0.0,False,True,72,3.880072369660363,6,"['Al', 'B', 'Ba', 'Br', 'Na', 'O']",Al-B-Ba-Br-Na-O,Ba4NaAl2B8(BrO6)3
mp-1204585,Ba4NaAl2B8(ClO6)3,4.673,-3.080735715408685,0.0,False,True,72,3.55333372434181,6,"['Al', 'B', 'Ba', 'Cl', 'Na', 'O']",Al-B-Ba-Cl-Na-O,Ba4NaAl2B8(ClO6)3
mp-1195057,K3Ba3Li2Al4B6O20F,4.1017,-3.070058654446633,0.0,False,True,78,3.194050959352677,7,"['Al', 'B', 'Ba', 'F', 'K', 'Li', 'O']",Al-B-Ba-F-K-Li-O,K3Ba3Li2Al4B6O20F
mp-558491,BaAlBO3F2,6.0642,-3.542473959895833,0.0,False,True,16,4.479093089788436,5,"['Al', 'B', 'Ba', 'F', 'O']",Al-B-Ba-F-O,BaAlBO3F2
mp-1195235,BaAlB4H3O10,5.3921,-2.67428859870614,0.0,False,True,76,3.049042318235734,5,"['Al', 'B', 'Ba', 'H', 'O']",Al-B-Ba-H-O,BaAlB4H3O10
mp-1201953,Ba3Al2B10H4O23,4.970899999999999,-2.846680474087301,0.0,False,True,84,3.018354495985767,5,"['Al', 'B', 'Ba', 'H', 'O']",Al-B-Ba-H-O,Ba3Al2B10H4O23
mp-1202625,Ba2Nd2Al3(B4O9)3,0.0,-2.885191818043477,0.272543107258684,True,False,46,4.058232283526988,5,"['Al', 'B', 'Ba', 'Nd', 'O']",Al-B-Ba-Nd-O,Ba2Nd2Al3(B4O9)3
mp-1019529,Ba8Al10B12O41,4.4373000000000005,-3.24796155359155,0.0,False,True,71,3.718468323782962,4,"['Al', 'B', 'Ba', 'O']",Al-B-Ba-O,Ba8Al10B12O41
mp-9844,BaAl2B2O7,4.6477,-3.252279562777777,0.0,False,True,12,2.934278466072675,4,"['Al', 'B', 'Ba', 'O']",Al-B-Ba-O,BaAl2B2O7
mp-4262,BeAlB,0.0,-0.052399171388889,0.0,True,True,3,2.5673893024408843,3,"['Al', 'B', 'Be']",Al-B-Be,BeAlB
mp-540725,CsBe4Al4(B3O7)4,0.0,-2.91210030468684,0.07468291401541,True,False,49,3.476246701251209,5,"['Al', 'B', 'Be', 'Cs', 'O']",Al-B-Be-Cs-O,CsBe4Al4(B3O7)4
mp-1247751,BeAlBO3F2,5.5792,-3.164293077395832,0.186285039312496,False,False,8,0.23969680240187,5,"['Al', 'B', 'Be', 'F', 'O']",Al-B-Be-F-O,BeAlBO3F2
mp-3203099,Be3AlFeB,0.898999999999999,-0.207121951666666,0.0,False,True,6,4.112132659286148,4,"['Al', 'B', 'Be', 'Fe']",Al-B-Be-Fe,Be3AlFeB
mp-686689,Y2BeAlBO7,4.340400000000001,-3.261103549513889,0.278344558333332,False,False,48,3.989464078247517,5,"['Al', 'B', 'Be', 'O', 'Y']",Al-B-Be-O-Y,Y2BeAlBO7
mp-3201697,Be3AlBRu,0.9871999999999992,-0.428675515833333,0.0,False,True,6,5.155815027950225,4,"['Al', 'B', 'Be', 'Ru']",Al-B-Be-Ru,Be3AlBRu
mp-3201979,BeAl2BW2,0.0,-0.315486149166664,0.0,True,True,6,10.188960461277649,4,"['Al', 'B', 'Be', 'W']",Al-B-Be-W,BeAl2BW2
mp-1228994,AlGa2Bi(BO3)4,3.9445,-2.626392900583334,0.021704576038433,False,False,20,5.130332409401208,5,"['Al', 'B', 'Bi', 'Ga', 'O']",Al-B-Bi-Ga-O,AlGa2Bi(BO3)4
mp-1214839,Al3Bi(BO3)4,9.999999999976698e-05,-2.936361278833333,0.013364509519222,False,False,20,4.618512200731865,4,"['Al', 'B', 'Bi', 'O']",Al-B-Bi-O,Al3Bi(BO3)4
mp-1247832,Al17(BC3)6,0.0,-0.081390237098575,0.149358701451561,True,False,41,2.589108796535471,3,"['Al', 'B', 'C']",Al-B-C,Al17(BC3)6
mp-1228130,Al8BC5,0.0,-0.180800887127973,0.046143204122023,True,False,14,2.844998709346211,3,"['Al', 'B', 'C']",Al-B-C,Al8BC5
mp-1228446,Al3BC,0.453,-0.202281617499998,0.0,False,True,10,2.863195325500271,3,"['Al', 'B', 'C']",Al-B-C,Al3BC
mp-1228599,Al3BC3,1.8202999999999991,-0.237133643928572,0.0,False,True,42,2.670926387522258,3,"['Al', 'B', 'C']",Al-B-C,Al3BC3
mp-1205009,AlB6H6(CCl3)2,3.3489,-0.751517804166666,0.015050124557384,False,False,84,1.50655184738742,5,"['Al', 'B', 'C', 'Cl', 'H']",Al-B-C-Cl-H,AlB6H6(CCl3)2
mp-1194655,AlB2H18C4N,5.5447,-0.178987686282051,0.168006388438331,False,False,104,0.8016778071062951,5,"['Al', 'B', 'C', 'H', 'N']",Al-B-C-H-N,AlB2H18C4N
mp-1195007,AlZnB5H16C4(N2O5)2,4.4996,-1.343222935691057,0.035058534939024,False,False,328,1.7887419757077692,7,"['Al', 'B', 'C', 'H', 'N', 'O', 'Zn']",Al-B-C-H-N-O-Zn,AlZnB5H16C4(N2O5)2
mp-1195233,AlZnB5H20C5(NO2)5,4.5107,-1.206286373528369,0.038524605664893,False,False,94,1.728750584831575,7,"['Al', 'B', 'C', 'H', 'N', 'O', 'Zn']",Al-B-C-H-N-O-Zn,AlZnB5H20C5(NO2)5
mp-1195904,AlZnB5H21C6(NO2)5,4.6496,-1.159467276062925,0.040962723214287,False,False,98,1.751516539292193,7,"['Al', 'B', 'C', 'H', 'N', 'O', 'Zn']",Al-B-C-H-N-O-Zn,AlZnB5H21C6(NO2)5
mp-3214671,Ca(AlB14)2,0.541399999999999,-0.137778962258065,0.0,False,True,31,2.669669653078508,3,"['Al', 'B', 'Ca']",Al-B-Ca,Ca(AlB14)2
mp-1227719,Ca4Al3CrSiBO14,2.519799999999999,-3.224635318506944,0.042586816649304,False,False,48,3.076495009411295,6,"['Al', 'B', 'Ca', 'Cr', 'O', 'Si']",Al-B-Ca-Cr-O-Si,Ca4Al3CrSiBO14
mp-24392,Ca2Al2FeSi4BHO16,1.7853,-3.105086537608023,0.002976208148152,False,False,54,3.214532810697874,7,"['Al', 'B', 'Ca', 'Fe', 'H', 'O', 'Si']",Al-B-Ca-Fe-H-O-Si,Ca2Al2FeSi4BHO16
mp-734098,Ca2Al2FeSi4BO16,1.0825,-3.132356512467948,0.064573386404912,False,False,52,3.248470016741976,6,"['Al', 'B', 'Ca', 'Fe', 'O', 'Si']",Al-B-Ca-Fe-O-Si,Ca2Al2FeSi4BO16
mp-727393,Ca2MnAl2Si4BO15,1.1151,-3.087395360083908,0.150865275923813,False,False,50,3.149705492726549,6,"['Al', 'B', 'Ca', 'Mn', 'O', 'Si']",Al-B-Ca-Mn-O-Si,Ca2MnAl2Si4BO15
mp-1204491,Ca2MnAl2Si4BO16,0.0,-3.151682768926834,0.075971679973282,True,False,52,3.223689324736305,6,"['Al', 'B', 'Ca', 'Mn', 'O', 'Si']",Al-B-Ca-Mn-O-Si,Ca2MnAl2Si4BO16
mp-556532,CaAlB3O7,5.376600000000001,-3.132661587708333,0.016416642410748,False,False,24,3.354839260177406,4,"['Al', 'B', 'Ca', 'O']",Al-B-Ca-O,CaAlB3O7
mp-557689,CaAl2B2O7,4.8228,-3.267489926111109,0.0,False,True,24,2.349305527270948,4,"['Al', 'B', 'Ca', 'O']",Al-B-Ca-O,CaAl2B2O7
mp-559759,CaAlBO4,4.6961,-3.322331291309524,0.0,False,True,28,2.522329125953243,4,"['Al', 'B', 'Ca', 'O']",Al-B-Ca-O,CaAlBO4
mp-694012,Ca3YAl3B4O15,4.442,-3.327550050544871,0.033229002532053,False,False,104,3.394012322897274,5,"['Al', 'B', 'Ca', 'O', 'Y']",Al-B-Ca-O-Y,Ca3YAl3B4O15
mp-559642,CaZrAl9BO18,4.8793,-3.447073039638889,0.003183011833334,False,False,60,3.884628877391494,5,"['Al', 'B', 'Ca', 'O', 'Zr']",Al-B-Ca-O-Zr,CaZrAl9BO18
mp-3249973,Ce4Al(FeB3)2,0.0,-0.492173693461534,0.0,True,True,13,6.9060612396594525,4,"['Al', 'B', 'Ce', 'Fe']",Al-B-Ce-Fe,Ce4Al(FeB3)2
mp-3250641,Ce4Mn2AlB6,0.0,-0.54400136415119,0.0,True,True,13,6.659812705398188,4,"['Al', 'B', 'Ce', 'Mn']",Al-B-Ce-Mn,Ce4Mn2AlB6
mp-1071272,CeAl2BRu2,0.0,-0.613060769861108,0.027826363437497,True,False,6,6.848580141772348,4,"['Al', 'B', 'Ce', 'Ru']",Al-B-Ce-Ru,CeAl2BRu2
mp-3307245,Ce2AlB2Ru5,0.0,-0.5977492765000021,0.0,True,True,20,9.71084747698933,4,"['Al', 'B', 'Ce', 'Ru']",Al-B-Ce-Ru,Ce2AlB2Ru5
mp-3247981,Ce4Al(TcB3)2,0.0,-0.578750599615382,0.0,True,True,13,7.133156366237824,4,"['Al', 'B', 'Ce', 'Tc']",Al-B-Ce-Tc,Ce4Al(TcB3)2
mp-1199737,K6Al4Si6BH4ClO24,4.5193,-2.865287828427535,0.004205976809772,False,False,92,2.379445704041611,7,"['Al', 'B', 'Cl', 'H', 'K', 'O', 'Si']",Al-B-Cl-H-K-O-Si,K6Al4Si6BH4ClO24
mp-505537,Al3(Co10B3)2,0.0,-0.232534195689656,0.005708143620688,True,False,29,7.679284600261892,3,"['Al', 'B', 'Co']",Al-B-Co,Al3(Co10B3)2
mp-1214905,Al20(CoB2)3,0.0,0.111161514779312,0.301031245544828,True,False,29,3.542455579454716,3,"['Al', 'B', 'Co']",Al-B-Co,Al20(CoB2)3
mp-19348,Al4Co(BO5)2,1.7495,-2.970759331078431,0.118388400422319,False,False,34,3.966743242583988,4,"['Al', 'B', 'Co', 'O']",Al-B-Co-O,Al4Co(BO5)2
mp-3210930,Ta2Al(Co10B3)2,0.0,-0.250801335160919,0.0,True,True,29,9.429009494360283,4,"['Al', 'B', 'Co', 'Ta']",Al-B-Co-Ta,Ta2Al(Co10B3)2
mp-3205955,Ta3Al2CoB,0.0,-0.548442639214284,0.0,True,True,28,11.237333117643864,4,"['Al', 'B', 'Co', 'Ta']",Al-B-Co-Ta,Ta3Al2CoB
mp-637575,AlCr3B4,0.0,-0.362877286249998,0.0,True,True,8,5.468390825826213,3,"['Al', 'B', 'Cr']",Al-B-Cr,AlCr3B4
mp-7692,Al(CrB)2,0.0,-0.381104271,0.0,True,True,5,5.452147327232025,3,"['Al', 'B', 'Cr']",Al-B-Cr,Al(CrB)2
mp-1228929,Al2CrB2Mo,0.0,-0.377522966485509,0.031676111123189,True,False,6,5.57491222041338,4,"['Al', 'B', 'Cr', 'Mo']",Al-B-Cr-Mo,Al2CrB2Mo
mp-1228622,Al9Cr(BO9)2,3.946599999999999,-3.271842929277777,0.003216583099995,False,False,30,2.923707147273764,4,"['Al', 'B', 'Cr', 'O']",Al-B-Cr-O,Al9Cr(BO9)2
mp-542129,CsAlBP2HO9,5.393000000000001,-2.763287353290504,0.0,False,True,60,3.390357459175536,6,"['Al', 'B', 'Cs', 'H', 'O', 'P']",Al-B-Cs-H-O-P,CsAlBP2HO9
mp-1019602,Cs2Al2B2O7,4.249,-2.9746650486648982,0.0,False,True,26,3.470986088472002,4,"['Al', 'B', 'Cs', 'O']",Al-B-Cs-O,Cs2Al2B2O7
mp-1215060,Al2Cu11B13,0.0,0.617689761057691,0.6798339241346141,True,False,52,5.959824483701867,3,"['Al', 'B', 'Cu']",Al-B-Cu,Al2Cu11B13
mp-3212924,Al2Cu(Ni10B3)2,0.0,-0.334026872241379,0.0,True,True,29,8.079827123486108,4,"['Al', 'B', 'Cu', 'Ni']",Al-B-Cu-Ni,Al2Cu(Ni10B3)2
mp-1228556,Al6Cu2B4O17,0.488099999999999,-2.892894589022988,0.010528744919533,False,False,29,3.075803102514361,4,"['Al', 'B', 'Cu', 'O']",Al-B-Cu-O,Al6Cu2B4O17
mp-1201129,DyAlB14,0.0,-0.178038491178666,0.050985186460595,True,False,32,4.429588035671672,3,"['Al', 'B', 'Dy']",Al-B-Dy,DyAlB14
mp-1212827,DyAl3(BO3)4,5.543100000000001,-3.250951523916666,0.004046434894229,False,False,20,4.298103465802257,4,"['Al', 'B', 'Dy', 'O']",Al-B-Dy-O,DyAl3(BO3)4
mp-1198758,ErAlB14,0.0,-0.195572355374203,0.052828240699714,True,False,32,4.5125675115272434,3,"['Al', 'B', 'Er']",Al-B-Er,ErAlB14
mp-3301594,Er(AlB14)2,0.0,-0.159077425913979,0.0,True,True,31,3.533092722653156,3,"['Al', 'B', 'Er']",Al-B-Er,Er(AlB14)2
mp-1213107,ErAlB4,0.0,-0.558038364722222,0.0,True,True,24,6.588057288231983,3,"['Al', 'B', 'Er']",Al-B-Er,ErAlB4
mp-1106277,ErAl3(BO3)4,5.616599999999999,-3.252176363833332,0.003915612144218,False,False,20,4.368645551373414,4,"['Al', 'B', 'Er', 'O']",Al-B-Er-O,ErAl3(BO3)4
mp-1216022,YErAl6(BO3)8,5.398100000000001,-3.247983375833333,0.002085490322118,False,False,40,4.012566875331651,5,"['Al', 'B', 'Er', 'O', 'Y']",Al-B-Er-O-Y,YErAl6(BO3)8
mp-1019731,EuAl3(BO3)4,0.0,-3.139404160583333,0.005616199538451,True,False,20,4.133217964932269,4,"['Al', 'B', 'Eu', 'O']",Al-B-Eu-O,EuAl3(BO3)4
mp-1225326,EuYAl6(BO3)8,0.0,-3.191239635458333,0.00329342276925,True,False,40,3.902696161360408,5,"['Al', 'B', 'Eu', 'O', 'Y']",Al-B-Eu-O-Y,EuYAl6(BO3)8
mp-863003,NaAl6Fe3Si6B3H3O30F,3.5914,-2.891713858257157,0.009142269766402,False,False,53,3.232390442334303,8,"['Al', 'B', 'F', 'Fe', 'H', 'Na', 'O', 'Si']",Al-B-F-Fe-H-Na-O-Si,NaAl6Fe3Si6B3H3O30F
mp-18401,NaAl6Fe3Si6B3O30F,2.562,-3.002951568077586,0.021170748504744,False,False,50,3.221776590875057,7,"['Al', 'B', 'F', 'Fe', 'Na', 'O', 'Si']",Al-B-F-Fe-Na-O-Si,NaAl6Fe3Si6B3O30F
mp-1173755,Na4Al3Si3B(O3F)4,0.532,-2.9896769259142197,0.217129381848316,False,False,54,2.298344426784869,6,"['Al', 'B', 'F', 'Na', 'O', 'Si']",Al-B-F-Na-O-Si,Na4Al3Si3B(O3F)4
mp-6738,Al6B5(O5F)3,6.1148,-3.272279260545977,0.0,False,True,58,3.181028378565869,4,"['Al', 'B', 'F', 'O']",Al-B-F-O,Al6B5(O5F)3
mp-1229224,AlB2Pb6(OF)7,2.963,-2.521819902318839,0.044999872699277,False,False,46,7.209136209951453,5,"['Al', 'B', 'F', 'O', 'Pb']",Al-B-F-O-Pb,AlB2Pb6(OF)7
mp-1206715,AlFe3B,0.0,-0.146577185833332,0.168673686999996,True,False,5,6.105405143121323,3,"['Al', 'B', 'Fe']",Al-B-Fe,AlFe3B
mp-3805,Al(FeB)2,0.0,-0.401183193666663,0.0,True,True,5,5.889954765931995,3,"['Al', 'B', 'Fe']",Al-B-Fe,Al(FeB)2
mp-1223878,K2AlFeB2P4(HO9)2,2.8099,-2.607766284796826,0.006358138680536,False,False,30,2.845622147164508,7,"['Al', 'B', 'Fe', 'H', 'K', 'O', 'P']",Al-B-Fe-H-K-O-P,K2AlFeB2P4(HO9)2
mp-1222184,MgAl6FeSi2(BO9)2,3.7273,-3.195869743444445,0.0,False,True,60,2.968929383796746,6,"['Al', 'B', 'Fe', 'Mg', 'O', 'Si']",Al-B-Fe-Mg-O-Si,MgAl6FeSi2(BO9)2
mp-1222235,Mg3Al12FeSi4(BO9)4,3.7922,-3.251357421861111,0.00010161091674,False,False,60,2.906198865097376,6,"['Al', 'B', 'Fe', 'Mg', 'O', 'Si']",Al-B-Fe-Mg-O-Si,Mg3Al12FeSi4(BO9)4
mp-818418,NaAl6Fe3Si6B3O31,0.0,-2.951927876477585,0.024505857992858,True,False,50,3.215684608227385,6,"['Al', 'B', 'Fe', 'Na', 'O', 'Si']",Al-B-Fe-Na-O-Si,NaAl6Fe3Si6B3O31
mp-1096865,AlFe2BO5,2.8114,-2.436238123796296,6.267550000060851e-05,False,False,36,4.330970193038454,4,"['Al', 'B', 'Fe', 'O']",Al-B-Fe-O,AlFe2BO5
mp-1229147,AlFeB2(PbO4)2,1.932,-2.398452381309523,0.00456174455357,False,False,28,6.101853549060856,5,"['Al', 'B', 'Fe', 'O', 'Pb']",Al-B-Fe-O-Pb,AlFeB2(PbO4)2
mp-1214903,Al3FeSiBO9,3.9052,-2.956474093444444,0.118057344811111,False,False,60,3.09622912228493,5,"['Al', 'B', 'Fe', 'O', 'Si']",Al-B-Fe-O-Si,Al3FeSiBO9
mp-3215539,AlGa2(Ni10B3)2,0.0,-0.345890771896551,0.0,True,True,29,8.311978525455398,4,"['Al', 'B', 'Ga', 'Ni']",Al-B-Ga-Ni,AlGa2(Ni10B3)2
mp-1216259,Y2Al3Ga3(BO3)8,5.099299999999999,-3.008589225395833,0.005108335729167,False,False,40,4.068536307215617,5,"['Al', 'B', 'Ga', 'O', 'Y']",Al-B-Ga-O-Y,Y2Al3Ga3(BO3)8
mp-560801,GdAl3(BO3)4,2.875,-3.239767968333333,0.004000545175488,False,False,60,4.21484221386939,4,"['Al', 'B', 'Gd', 'O']",Al-B-Gd-O,GdAl3(BO3)4
mp-535042,Na4Al3Ge3B(HO3)4,4.2134,-2.176103419988292,0.049812988981482,False,False,54,2.599699142847178,6,"['Al', 'B', 'Ge', 'H', 'Na', 'O']",Al-B-Ge-H-Na-O,Na4Al3Ge3B(HO3)4
mp-569787,Al(BH4)3,6.3335,-0.1035334578125,0.0,False,True,64,0.6835393907297661,3,"['Al', 'B', 'H']",Al-B-H,Al(BH4)3
mp-3315558,Al2B28H,0.0,-0.033814475443548,0.0,True,True,31,2.467401089603982,3,"['Al', 'B', 'H']",Al-B-H,Al2B28H
mp-1195284,KAl(BH4)4,6.646599999999999,-0.315427383814393,0.0,False,True,44,0.8394335879858351,4,"['Al', 'B', 'H', 'K']",Al-B-H-K,KAl(BH4)4
mp-1199564,Li2AlB5(H19N3)2,6.049300000000001,-0.36155390769231,0.03672314942308,False,False,104,0.8622618956513891,5,"['Al', 'B', 'H', 'Li', 'N']",Al-B-H-Li-N,Li2AlB5(H19N3)2
mp-1221055,NaMg2Al6VSi6B3H3O31,5.0784,-3.040559052596779,0.007555752525139,False,False,53,3.013734212533342,8,"['Al', 'B', 'H', 'Mg', 'Na', 'O', 'Si', 'V']",Al-B-H-Mg-Na-O-Si-V,NaMg2Al6VSi6B3H3O31
mp-706662,AlB3H14N,1.2182,0.010559028289473,0.24091718388158,False,False,152,0.762475950437632,4,"['Al', 'B', 'H', 'N']",Al-B-H-N,AlB3H14N
mp-1205240,AlB3(H5N)6,5.535500000000001,-0.3573405116875,0.00837372625,False,False,320,0.813992324692105,4,"['Al', 'B', 'H', 'N']",Al-B-H-N,AlB3(H5N)6
mp-1200079,AlB5H16(NO7)2,4.7254000000000005,-1.7590828648903511,0.020375199802642,False,False,76,1.604701407921787,5,"['Al', 'B', 'H', 'N', 'O']",Al-B-H-N-O,AlB5H16(NO7)2
mp-24757,AlBP2H5NO9,5.4268,-2.187111668931705,0.001511784396934,False,False,76,2.369024369912713,6,"['Al', 'B', 'H', 'N', 'O', 'P']",Al-B-H-N-O-P,AlBP2H5NO9
mp-24646,NaAlBP2H3O10,5.7883,-2.495116093532316,0.005887876799771,False,False,36,2.737484917914044,6,"['Al', 'B', 'H', 'Na', 'O', 'P']",Al-B-H-Na-O-P,NaAlBP2H3O10
mp-694981,Na4Al3Si3B(HO3)4,4.9487,-2.570640312951254,0.0,False,True,54,2.235013539142547,6,"['Al', 'B', 'H', 'Na', 'O', 'Si']",Al-B-H-Na-O-Si,Na4Al3Si3B(HO3)4
mp-534773,Na2Al17Si11B7(H3O31)2,4.273,-3.070061787470717,0.020735767045357,False,False,105,2.9998324202660123,6,"['Al', 'B', 'H', 'Na', 'O', 'Si']",Al-B-H-Na-O-Si,Na2Al17Si11B7(H3O31)2
mp-1199198,Al2B3HO8,5.5664,-2.916216542232143,0.0,False,True,56,2.064832603246919,4,"['Al', 'B', 'H', 'O']",Al-B-H-O,Al2B3HO8
mp-1200535,AlB2P2H7O13,2.5429,-2.010279687854762,0.230039046333352,False,False,50,1.9698259674827712,5,"['Al', 'B', 'H', 'O', 'P']",Al-B-H-O-P,AlB2P2H7O13
mp-542130,RbAlBP2HO9,5.4081,-2.764767015646826,0.0,False,True,60,2.9687924623632123,6,"['Al', 'B', 'H', 'O', 'P', 'Rb']",Al-B-H-O-P-Rb,RbAlBP2HO9
mp-1207887,Y3Al6Si6B3H3O31,0.0,-3.099765021274039,0.122839989751593,True,False,52,3.188908166372098,6,"['Al', 'B', 'H', 'O', 'Si', 'Y']",Al-B-H-O-Si-Y,Y3Al6Si6B3H3O31
mp-569726,HoAlB14,0.0,-0.198241396450697,0.051584410363448,True,False,32,4.47121760345398,3,"['Al', 'B', 'Ho']",Al-B-Ho,HoAlB14
mp-3324650,Ho(AlB14)2,0.0,-0.159174365,0.0,True,True,31,3.510359586662201,3,"['Al', 'B', 'Ho']",Al-B-Ho,Ho(AlB14)2
mp-1212096,HoAlB4,0.0,-0.5545350587500001,0.0,True,True,24,6.466608866150643,3,"['Al', 'B', 'Ho']",Al-B-Ho,HoAlB4
mp-1212105,HoAl3(BO3)4,5.5914,-3.251167033583333,0.003730806956728,False,False,20,4.33504761334646,4,"['Al', 'B', 'Ho', 'O']",Al-B-Ho-O,HoAl3(BO3)4
mp-631543,AlInB,0.0,1.047582126033333,1.081206157266667,True,False,3,4.63098618567449,3,"['Al', 'B', 'In']",Al-B-In,AlInB
mp-3212713,AlIn2(Ni10B3)2,0.0,-0.311760716379308,0.0,True,True,29,8.534938070131783,4,"['Al', 'B', 'In', 'Ni']",Al-B-In-Ni,AlIn2(Ni10B3)2
mp-865047,Mg2AlB2Ir5,0.0,-0.6077664178333331,0.0,True,True,20,13.351397635979344,4,"['Al', 'B', 'Ir', 'Mg']",Al-B-Ir-Mg,Mg2AlB2Ir5
mp-3314723,Sc4AlB12Ir,0.0,-0.742369376666666,0.0,True,True,36,5.092630157486558,4,"['Al', 'B', 'Ir', 'Sc']",Al-B-Ir-Sc,Sc4AlB12Ir
mp-3319268,Sc8Al(B8Ir)3,0.0,-0.766131222777777,0.0,True,True,36,5.873207630123125,4,"['Al', 'B', 'Ir', 'Sc']",Al-B-Ir-Sc,Sc8Al(B8Ir)3
mp-1209025,Sc2AlB2Ir5,0.0,-0.929119034333332,0.0,True,True,20,13.515041102534903,4,"['Al', 'B', 'Ir', 'Sc']",Al-B-Ir-Sc,Sc2AlB2Ir5
mp-3209183,Ta3Al2BIr,0.0,-0.7982252859999981,0.0,True,True,28,12.984278859414273,4,"['Al', 'B', 'Ir', 'Ta']",Al-B-Ir-Ta,Ta3Al2BIr
mp-3213300,KAlB14,2.2548,-0.113017288671875,0.0,False,True,32,2.775358044554978,3,"['Al', 'B', 'K']",Al-B-K,KAlB14
mp-560217,K2Al2B2O7,4.5949,-2.991123102910255,0.0,False,True,39,2.471826129617969,4,"['Al', 'B', 'K', 'O']",Al-B-K-O,K2Al2B2O7
mp-561447,K3AlB8O15,5.217,-2.873760734354937,0.0,False,True,108,2.021185096816508,4,"['Al', 'B', 'K', 'O']",Al-B-K-O,K3AlB8O15
mp-1197321,K2AlB5O14,0.9031999999999992,-1.91171977842424,0.459690322693603,False,False,44,1.922894248629096,4,"['Al', 'B', 'K', 'O']",Al-B-K-O,K2AlB5O14
mp-1204336,KAlBP2O9,0.2061,-2.7654341954073143,0.050856778224218,False,False,56,2.628013192017188,5,"['Al', 'B', 'K', 'O', 'P']",Al-B-K-O-P,KAlBP2O9
mp-3205370,K2ScAlB28,1.3905,-0.166347023515625,0.0,False,True,32,2.812818683992326,4,"['Al', 'B', 'K', 'Sc']",Al-B-K-Sc,K2ScAlB28
mp-997588,La8Al7BO24,3.7546999999999993,-3.577816958979166,0.119484477375001,False,False,40,6.47541676726943,4,"['Al', 'B', 'La', 'O']",Al-B-La-O,La8Al7BO24
mp-1192652,La2Al(BOs)2,0.0,-0.467463635119047,0.0,True,True,28,9.63055640798084,4,"['Al', 'B', 'La', 'Os']",Al-B-La-Os,La2Al(BOs)2
mp-1071208,LaAl2BOs2,0.0,-0.53497621236111,0.0,True,True,6,9.585187361515136,4,"['Al', 'B', 'La', 'Os']",Al-B-La-Os,LaAl2BOs2
mp-1018738,LaAl2BRu2,0.0,-0.642257339027779,0.0,True,True,6,6.632748981763597,4,"['Al', 'B', 'La', 'Ru']",Al-B-La-Ru,LaAl2BRu2
mp-8204,LiAlB14,0.0,-0.191039559791667,0.0,True,True,32,2.516777556552293,3,"['Al', 'B', 'Li']",Al-B-Li,LiAlB14
mp-995282,LiAlB4,0.0,-0.086125481603536,0.133235222916666,True,False,24,2.307794914342553,3,"['Al', 'B', 'Li']",Al-B-Li,LiAlB4
mp-6097,Li3Al(BO3)2,4.8248,-2.848371881527777,0.021378956041668,False,False,24,2.288395003153186,4,"['Al', 'B', 'Li', 'O']",Al-B-Li-O,Li3Al(BO3)2
mp-556655,Li2AlBO4,5.0344,-2.912557411354166,0.013991575624999,False,False,32,2.273446771067159,4,"['Al', 'B', 'Li', 'O']",Al-B-Li-O,Li2AlBO4
mp-557104,LiAlB2O5,5.5855000000000015,-2.988829571851851,0.000617109777794,False,False,36,2.1449947407173102,4,"['Al', 'B', 'Li', 'O']",Al-B-Li-O,LiAlB2O5
mp-557177,Li2Al(BO2)5,5.6317,-2.909059632222222,0.0,False,True,72,2.196273762894759,4,"['Al', 'B', 'Li', 'O']",Al-B-Li-O,Li2Al(BO2)5
mp-1235374,SrLiAl2B2O7,0.0,-2.932774057435897,0.181365402067309,True,False,13,2.71677311369253,5,"['Al', 'B', 'Li', 'O', 'Sr']",Al-B-Li-O-Sr,SrLiAl2B2O7
mp-8631,LuAlB4,0.0,-0.556593194444443,0.0,True,True,24,6.947463292984272,3,"['Al', 'B', 'Lu']",Al-B-Lu,LuAlB4
mp-1197767,LuAlB14,0.0,-0.170145344209402,0.054013013736653,True,False,32,4.648057382033219,3,"['Al', 'B', 'Lu']",Al-B-Lu,LuAlB14
mp-531611,Mg(AlB14)2,0.8259999999999991,-0.094887193924735,0.0,False,True,62,2.608405062546857,3,"['Al', 'B', 'Mg']",Al-B-Mg,Mg(AlB14)2
mp-1023279,Mg6AlB,0.0,0.383119460104167,0.411648904570313,True,False,16,1.97579055215466,3,"['Al', 'B', 'Mg']",Al-B-Mg,Mg6AlB
mp-1028227,Mg14AlB,0.0,0.199339302552083,0.213604024785156,True,False,16,1.831799327956256,3,"['Al', 'B', 'Mg']",Al-B-Mg,Mg14AlB
mp-1207086,MgAlB4,0.0,-0.140881208611113,0.0,True,True,6,2.9422431682087997,3,"['Al', 'B', 'Mg']",Al-B-Mg,MgAlB4
mp-1222150,Mg4AlB10,0.0,-0.131363380111109,0.0,True,True,15,2.77232189037563,3,"['Al', 'B', 'Mg']",Al-B-Mg,Mg4AlB10
mp-728227,NaMg3Al6Si6B3O31,0.097299999999999,-3.035102316777586,0.077253831061121,False,False,50,2.892325482317552,6,"['Al', 'B', 'Mg', 'Na', 'O', 'Si']",Al-B-Mg-Na-O-Si,NaMg3Al6Si6B3O31
mp-1221241,NaMg6Al3Si6(BO10)3,0.0,-2.844099041201618,0.184666944509633,True,False,49,2.234980333260643,6,"['Al', 'B', 'Mg', 'Na', 'O', 'Si']",Al-B-Mg-Na-O-Si,NaMg6Al3Si6(BO10)3
mp-3209440,MgAl(Ni7B2)3,0.0,-0.29984293275862,0.0,True,True,29,7.994521540462506,4,"['Al', 'B', 'Mg', 'Ni']",Al-B-Mg-Ni,MgAl(Ni7B2)3
mp-3204530,MgAl2(Ni10B3)2,0.0,-0.360789712758621,0.0,True,True,29,7.744358865935416,4,"['Al', 'B', 'Mg', 'Ni']",Al-B-Mg-Ni,MgAl2(Ni10B3)2
mp-8376,MgAlBO4,6.0077,-3.175152658452381,0.0,False,True,28,3.347501273221145,4,"['Al', 'B', 'Mg', 'O']",Al-B-Mg-O,MgAlBO4
mp-1032986,Mg6AlBO8,2.9701999999999997,-2.505731093072916,0.482167801093749,False,False,16,3.37139249443548,4,"['Al', 'B', 'Mg', 'O']",Al-B-Mg-O,Mg6AlBO8
mp-1036398,Mg14AlBO16,0.552099999999999,-2.783541372786458,0.229562659296874,False,False,32,3.530698711475358,4,"['Al', 'B', 'Mg', 'O']",Al-B-Mg-O,Mg14AlBO16
mp-1037955,Mg30AlBO32,2.470799999999999,-2.919215064205728,0.106491536835937,False,False,64,3.441513108465395,4,"['Al', 'B', 'Mg', 'O']",Al-B-Mg-O,Mg30AlBO32
mp-1210669,MgAl3SiBO9,4.841799999999999,-3.307048322111113,0.0,False,True,60,2.840427482118865,5,"['Al', 'B', 'Mg', 'O', 'Si']",Al-B-Mg-O-Si,MgAl3SiBO9
mp-7892,Mn2AlB2,0.0,-0.470417368839081,0.0,True,True,5,5.909460649833961,3,"['Al', 'B', 'Mn']",Al-B-Mn,Mn2AlB2
mp-1221830,MnAlB2(PbO4)2,0.2911,-2.46693785866174,0.001528861339286,False,False,28,6.131525704930011,5,"['Al', 'B', 'Mn', 'O', 'Pb']",Al-B-Mn-O-Pb,MnAlB2(PbO4)2
mp-7574,AlBMo,0.0,-0.486898272500001,0.0,True,True,6,6.405741254456994,3,"['Al', 'B', 'Mo']",Al-B-Mo,AlBMo
mp-3222798,Al2ReB4Mo3,0.0,-0.502347930250002,0.0,True,True,10,8.881038341334408,4,"['Al', 'B', 'Mo', 'Re']",Al-B-Mo-Re,Al2ReB4Mo3
mp-3202961,Ta2AlB6Mo,0.0,-0.5577470799666651,0.0,True,True,10,9.641714515943027,4,"['Al', 'B', 'Mo', 'Ta']",Al-B-Mo-Ta,Ta2AlB6Mo
mp-3222244,AlV(BMo)4,0.0,-0.5976638589999991,0.0,True,True,10,7.757519772018801,4,"['Al', 'B', 'Mo', 'V']",Al-B-Mo-V,AlV(BMo)4
mp-3201787,Al2B2MoW,0.0,-0.406225124166664,0.0,True,True,6,8.518010339832005,4,"['Al', 'B', 'Mo', 'W']",Al-B-Mo-W,Al2B2MoW
mp-1008557,AlBN2,3.0501,-1.161681334999999,0.3846442475,False,False,4,3.329718034442567,3,"['Al', 'B', 'N']",Al-B-N,AlBN2
mp-1019379,AlB3N4,3.5993,-1.118875966562502,0.360776321249998,False,False,8,3.382682590395833,3,"['Al', 'B', 'N']",Al-B-N,AlB3N4
mp-1019380,Al3BN4,3.3606,-1.361155477187498,0.2518434,False,False,8,3.267975538097841,3,"['Al', 'B', 'N']",Al-B-N,Al3BN4
mp-1215931,YAl2BN4,0.8799999999999991,-1.1449758234375,0.5480093431249999,False,False,8,3.979497667288426,4,"['Al', 'B', 'N', 'Y']",Al-B-N-Y,YAl2BN4
mp-34763,NaAlB14,1.584799999999999,-0.1772358134375,0.0,False,True,32,2.680424805107811,3,"['Al', 'B', 'Na']",Al-B-Na,NaAlB14
mp-554041,Na2Al2B2O7,4.3384,-2.946624387391688,0.0,False,True,26,2.419133080271955,4,"['Al', 'B', 'Na', 'O']",Al-B-Na-O,Na2Al2B2O7
mp-3312921,Na3AlB4O9,5.6871,-2.6432420040441182,0.0,False,True,34,2.650495838682821,4,"['Al', 'B', 'Na', 'O']",Al-B-Na-O,Na3AlB4O9
mp-1221313,Na2SrAl4(B2O7)2,2.4779,-3.07504025237701,0.0241035018,False,False,25,2.487022370766483,5,"['Al', 'B', 'Na', 'O', 'Sr']",Al-B-Na-O-Sr,Na2SrAl4(B2O7)2
mp-3204076,Na2ScAlB28,1.668599999999999,-0.22166642609375,0.0,False,True,32,2.721601343638507,4,"['Al', 'B', 'Na', 'Sc']",Al-B-Na-Sc,Na2ScAlB28
mp-1220697,Nb2AlB6,0.0,-0.481925657222223,0.010791776485259,True,False,9,5.639481049217167,3,"['Al', 'B', 'Nb']",Al-B-Nb,Nb2AlB6
mp-3213106,Nb3Al2BPt,0.0,-0.7813068750000001,0.0,True,True,28,8.470202699254424,4,"['Al', 'B', 'Nb', 'Pt']",Al-B-Nb-Pt,Nb3Al2BPt
mp-6535,NdAl3(BO3)4,5.1342,-3.235679775958333,0.008035563862952,False,False,40,4.043069143988275,4,"['Al', 'B', 'Nd', 'O']",Al-B-Nd-O,NdAl3(BO3)4
mp-1194505,AlNi9B8,0.0,-0.286195237129629,0.012936473560605,True,False,36,6.870483693970996,3,"['Al', 'B', 'Ni']",Al-B-Ni,AlNi9B8
mp-866315,Al(Ni3B2)4,0.0,-0.329018087777777,0.0,True,True,126,7.314375449935784,3,"['Al', 'B', 'Ni']",Al-B-Ni,Al(Ni3B2)4
mp-505472,Al3(Ni10B3)2,0.0,-0.402885581896529,0.0,True,True,29,7.838220766575421,3,"['Al', 'B', 'Ni']",Al-B-Ni,Al3(Ni10B3)2
mp-505473,Al(Ni10B7)2,0.0,-0.279680897666665,0.029769778,True,False,35,7.420498061713772,3,"['Al', 'B', 'Ni']",Al-B-Ni,Al(Ni10B7)2
mp-1228559,Al5Ni41B12,0.0,-0.374853701379308,0.000489042586197,True,False,58,7.744774394606728,3,"['Al', 'B', 'Ni']",Al-B-Ni,Al5Ni41B12
mp-1214897,Al2(Ni7B2)3,0.0,-0.347799906034481,0.0,True,True,29,8.08611075089316,3,"['Al', 'B', 'Ni']",Al-B-Ni,Al2(Ni7B2)3
mp-3300202,AlNiBO4,2.642100000000001,-2.486581789285715,0.0,False,True,28,4.454570493334625,4,"['Al', 'B', 'Ni', 'O']",Al-B-Ni-O,AlNiBO4
mp-1214877,AlNi2BO5,3.621100000000001,-2.320189297407406,0.0,False,True,36,4.759476785337869,4,"['Al', 'B', 'Ni', 'O']",Al-B-Ni-O,AlNi2BO5
mp-3213289,AlNi20(B3Sb)2,0.0,-0.298013326034483,0.0,True,True,29,8.627880957748763,4,"['Al', 'B', 'Ni', 'Sb']",Al-B-Ni-Sb,AlNi20(B3Sb)2
mp-3214531,Sc2Al(Ni10B3)2,0.0,-0.412630080172415,0.0,True,False,29,7.791080059221035,4,"['Al', 'B', 'Ni', 'Sc']",Al-B-Ni-Sc,Sc2Al(Ni10B3)2
mp-3294912,ScAl(Ni7B2)3,0.0,-0.347505929310343,0.0,True,True,29,8.05585664252812,4,"['Al', 'B', 'Ni', 'Sc']",Al-B-Ni-Sc,ScAl(Ni7B2)3
mp-3308250,Sc8Al3NiB24,0.0,-0.687747699722223,0.0,True,True,36,3.704471441108131,4,"['Al', 'B', 'Ni', 'Sc']",Al-B-Ni-Sc,Sc8Al3NiB24
mp-3309828,Sc8Al(NiB8)3,0.0,-0.6994081430555561,0.0,True,True,36,4.089124291231855,4,"['Al', 'B', 'Ni', 'Sc']",Al-B-Ni-Sc,Sc8Al(NiB8)3
mp-3312160,ScAl2(Ni10B3)2,0.0,-0.403565823448277,0.0,True,True,29,7.810637008093648,4,"['Al', 'B', 'Ni', 'Sc']",Al-B-Ni-Sc,ScAl2(Ni10B3)2
mp-3211242,AlV2(Ni10B3)2,0.0,-0.336898509482758,0.0,True,True,29,8.140323860592023,4,"['Al', 'B', 'Ni', 'V']",Al-B-Ni-V,AlV2(Ni10B3)2
mp-3212592,Al2V(Ni10B3)2,0.0,-0.370602519137931,0.0,True,True,29,7.975263691940847,4,"['Al', 'B', 'Ni', 'V']",Al-B-Ni-V,Al2V(Ni10B3)2
mp-3203990,Y3Al4Ni9B2,0.0,-0.615647705277777,0.0,True,True,18,6.348508270452824,4,"['Al', 'B', 'Ni', 'Y']",Al-B-Ni-Y,Y3Al4Ni9B2
mp-3207319,Al2Zn(Ni10B3)2,0.0,-0.35428972724138,0.0,True,True,29,8.049213199757416,4,"['Al', 'B', 'Ni', 'Zn']",Al-B-Ni-Zn,Al2Zn(Ni10B3)2
mp-3281,Al5BO9,4.9385,-3.366610787277777,0.0,False,True,30,2.9438567640114317,3,"['Al', 'B', 'O']",Al-B-O,Al5BO9
mp-1247834,Al4B2O9,3.2355,-2.982852432222223,0.274859226410256,False,False,15,2.97578325824867,3,"['Al', 'B', 'O']",Al-B-O,Al4B2O9
mp-8110,AlBO3,5.8392,-3.118357856833333,0.030454673153846,False,False,10,3.497216426150522,3,"['Al', 'B', 'O']",Al-B-O,AlBO3
mp-1182901,Al6B5O18,0.6976,-2.691190370545977,0.322916113574273,False,False,58,2.612199394480965,3,"['Al', 'B', 'O']",Al-B-O,Al6B5O18
mp-31408,Al4(B2O5)3,5.8173,-3.0834730528,0.0,False,True,25,2.810626707903408,3,"['Al', 'B', 'O']",Al-B-O,Al4(B2O5)3
mp-558137,AlBPbO4,2.940799999999999,-2.720201696845237,0.0,False,True,56,6.313764081542392,4,"['Al', 'B', 'O', 'Pb']",Al-B-O-Pb,AlBPbO4
mp-556804,PrAl3(BO3)4,5.076200000000001,-3.230309770166666,0.004962011269221,False,False,40,3.995057295456916,4,"['Al', 'B', 'O', 'Pr']",Al-B-O-Pr,PrAl3(BO3)4
mp-559284,Rb2Al2B2O7,4.1788,-2.9794121660256403,0.0,False,True,52,2.942743346932564,4,"['Al', 'B', 'O', 'Rb']",Al-B-O-Rb,Rb2Al2B2O7
mp-1019381,Al7Si3BO18,4.9414,-3.331376750488506,0.018661483304596,False,False,116,3.295833724788401,4,"['Al', 'B', 'O', 'Si']",Al-B-O-Si,Al7Si3BO18
mp-1229075,Al9Si2BO19,4.973700000000001,-3.357639062392473,0.014266731935483,False,False,31,3.02390493377953,4,"['Al', 'B', 'O', 'Si']",Al-B-O-Si,Al9Si2BO19
mp-1208860,SmAl3(BO3)4,5.4077,-3.242091434083332,0.005833299144203,False,False,20,4.259842026707282,4,"['Al', 'B', 'O', 'Sm']",Al-B-O-Sm,SmAl3(BO3)4
mp-3212724,AlSnBO4,3.064999999999999,-2.564959089285714,0.0,False,True,28,4.610857676521832,4,"['Al', 'B', 'O', 'Sn']",Al-B-O-Sn,AlSnBO4
mp-558669,SrAl2B2O7,4.687699999999999,-3.264373068194444,0.0,False,True,24,2.657331086935388,4,"['Al', 'B', 'O', 'Sr']",Al-B-O-Sr,SrAl2B2O7
mp-21563,SrAlBO4,4.5234,-3.227932575416666,0.069235422678575,False,False,56,3.313670707017933,4,"['Al', 'B', 'O', 'Sr']",Al-B-O-Sr,SrAlBO4
mp-1208321,TbAl3(BO3)4,5.5144,-3.250620470666665,0.004095639144207,False,False,20,4.253194171992635,4,"['Al', 'B', 'O', 'Tb']",Al-B-O-Tb,TbAl3(BO3)4
mp-13516,TmAl3(BO3)4,5.6716,-3.253034671833333,0.00428432542545,False,False,20,4.396930112622729,4,"['Al', 'B', 'O', 'Tm']",Al-B-O-Tm,TmAl3(BO3)4
mp-1202393,UAl4B3O14,0.367999999999999,-3.14721707306818,0.051404744868881,False,False,44,3.723575804492838,4,"['Al', 'B', 'O', 'U']",Al-B-O-U,UAl4B3O14
mp-6062,YAl3(BO3)4,5.359,-3.244045756333333,0.0,False,True,20,3.634070170248299,4,"['Al', 'B', 'O', 'Y']",Al-B-O-Y,YAl3(BO3)4
mp-3272888,YbAlB3O7,0.0,-2.819893531145835,0.215719614826396,True,False,24,5.744058447784991,4,"['Al', 'B', 'O', 'Yb']",Al-B-O-Yb,YbAlB3O7
mp-631514,AlB2Pb,0.0,1.762802246549995,1.813238293399997,True,False,4,6.498010018949916,3,"['Al', 'B', 'Pb']",Al-B-Pb,AlB2Pb
mp-1195438,AlB7Pd15,0.018499999999999,-0.262905729818844,0.078695695996376,False,False,184,9.810904754397855,3,"['Al', 'B', 'Pd']",Al-B-Pd,AlB7Pd15
mp-3215245,Ti3Al2BPt,0.056099999999999,-0.854324104642856,0.0,False,True,28,6.637310392732709,4,"['Al', 'B', 'Pt', 'Ti']",Al-B-Pt-Ti,Ti3Al2BPt
mp-18503,Al2Re3B,0.0,0.193116242916673,0.577135866666669,True,False,24,13.307277791243155,3,"['Al', 'B', 'Re']",Al-B-Re,Al2Re3B
mp-1215160,Al4Re12B,0.0104,4.159949887647064,4.438060745588238,False,False,34,1.549739086549208,3,"['Al', 'B', 'Re']",Al-B-Re,Al4Re12B
mp-3205796,Sc2AlB2RuRh4,0.0,-0.9795487975000012,0.0,True,True,20,8.268594150284379,5,"['Al', 'B', 'Rh', 'Ru', 'Sc']",Al-B-Rh-Ru-Sc,Sc2AlB2RuRh4
mp-3211458,Sc8Al(B8Rh)3,0.0,-0.759649296388887,0.0,True,True,36,4.606197812364264,4,"['Al', 'B', 'Rh', 'Sc']",Al-B-Rh-Sc,Sc8Al(B8Rh)3
mp-3205040,Ta3Al2BRh,0.0,-0.736833616714286,0.0,True,True,28,11.54015493350514,4,"['Al', 'B', 'Rh', 'Ta']",Al-B-Rh-Ta,Ta3Al2BRh
mp-1214951,AlZn10(B4Rh9)2,0.0,-0.456757475765765,0.005087341126121,True,False,74,9.438942741133244,4,"['Al', 'B', 'Rh', 'Zn']",Al-B-Rh-Zn,AlZn10(B4Rh9)2
mp-541849,Al3(BRu2)2,0.0,-0.6468797016666671,0.0,True,True,18,7.982020068828194,3,"['Al', 'B', 'Ru']",Al-B-Ru,Al3(BRu2)2
mp-29674,Al2B2Ru3,0.0,-0.5191039216666691,0.079412717857147,True,False,7,7.89156718664936,3,"['Al', 'B', 'Ru']",Al-B-Ru,Al2B2Ru3
mp-3201947,Al2Tc2B2Ru,0.0,-0.633112714285715,0.0,True,True,7,7.844327116165079,4,"['Al', 'B', 'Ru', 'Tc']",Al-B-Ru-Tc,Al2Tc2B2Ru
mp-3212529,Zr10AlB2Sb5,0.0,-0.8595859652777761,0.0,True,True,18,7.277256588502056,4,"['Al', 'B', 'Sb', 'Zr']",Al-B-Sb-Zr,Zr10AlB2Sb5
mp-3197572,Tm4Al(SiB4)2,0.0,-0.694766370666667,0.0,True,True,30,7.460064329266501,4,"['Al', 'B', 'Si', 'Tm']",Al-B-Si-Tm,Tm4Al(SiB4)2
mp-3198103,Tm9Al(SiB4)4,0.0,-0.7315563326666691,0.0,True,True,30,7.775884168064691,4,"['Al', 'B', 'Si', 'Tm']",Al-B-Si-Tm,Tm9Al(SiB4)4
mp-1217788,Ta10Al6B,0.0,-0.343240523649021,0.030300261952938,True,False,17,11.678620672481133,3,"['Al', 'B', 'Ta']",Al-B-Ta,Ta10Al6B
mp-1217997,Ta3AlB8,0.0,-0.507975304333333,0.005786159366664,True,False,12,10.068222872033044,3,"['Al', 'B', 'Ta']",Al-B-Ta,Ta3AlB8
mp-1201619,TbAlB14,0.0,-0.202470207160915,0.0497525105299,True,False,32,4.370056013938541,3,"['Al', 'B', 'Tb']",Al-B-Tb,TbAlB14
mp-3325689,Tb(AlB14)2,0.0,-0.159036130645161,0.0,True,True,31,3.456492254157827,3,"['Al', 'B', 'Tb']",Al-B-Tb,Tb(AlB14)2
mp-3201976,Al2Tc3B2,0.0,-0.487015577857142,0.0,True,True,7,7.6551331743686495,3,"['Al', 'B', 'Tc']",Al-B-Tc,Al2Tc3B2
mp-1191390,TmAlB4,0.0,-0.502544788194446,0.0,True,True,24,6.6354986220232295,3,"['Al', 'B', 'Tm']",Al-B-Tm,TmAlB4
mp-3315411,Tm2AlB6,0.0,-0.6365636813888891,0.0,True,True,36,7.627557067934515,3,"['Al', 'B', 'Tm']",Al-B-Tm,Tm2AlB6
mp-3316348,Tm(AlB14)2,0.0,-0.159219249032257,0.0,True,True,31,3.5501115170586437,3,"['Al', 'B', 'Tm']",Al-B-Tm,Tm(AlB14)2
mp-1070916,AlBW,0.0,-0.3211235025,0.0,True,True,6,10.627773968067226,3,"['Al', 'B', 'W']",Al-B-W,AlBW
mp-1198572,YbAlB14,0.0,-0.177660884687501,0.03698058392395,True,False,32,4.643831887862499,3,"['Al', 'B', 'Yb']",Al-B-Yb,YbAlB14
mp-3303598,Yb(AlB14)2,0.0,-0.153499466612903,0.0,True,True,31,3.584043021363642,3,"['Al', 'B', 'Yb']",Al-B-Yb,Yb(AlB14)2
mp-3206705,Zr(AlB14)2,0.3605,-0.126406872419355,0.0,False,True,31,3.047121420602881,3,"['Al', 'B', 'Zr']",Al-B-Zr,Zr(AlB14)2
mp-551,BaAl2,0.0,-0.198847718333334,0.04432060651515,True,False,6,4.094165427245203,2,"['Al', 'Ba']",Al-Ba,BaAl2
mp-567701,Ba21Al40,0.0,-0.243331176065574,0.0,True,True,61,3.874875107971079,2,"['Al', 'Ba']",Al-Ba,Ba21Al40
mp-570400,Ba7Al10,0.0,-0.23075273117647,0.0,True,True,17,3.881553567557542,2,"['Al', 'Ba']",Al-Ba,Ba7Al10
mp-1079984,BaAl,0.0,-0.12189161,0.077733473499999,True,False,8,3.6670590479711183,2,"['Al', 'Ba']",Al-Ba,BaAl
mp-261,Ba3Al5,0.0,-0.230206365624999,0.007397125714286,True,False,16,3.836286167377051,2,"['Al', 'Ba']",Al-Ba,Ba3Al5
mp-2631,Ba4Al5,0.0,-0.221805648333332,0.0,True,True,18,3.88752540867731,2,"['Al', 'Ba']",Al-Ba,Ba4Al5
mp-1903,BaAl4,0.0,-0.24118154,0.0,True,True,5,3.444669667803434,2,"['Al', 'Ba']",Al-Ba,BaAl4
mp-1952,Ba7Al13,0.0,-0.217451488499998,0.024810519750002,True,False,20,3.956883971440272,2,"['Al', 'Ba']",Al-Ba,Ba7Al13
mp-1214528,Ba4Al,0.0,0.303417706,0.383267739399999,True,False,10,3.090870755153268,2,"['Al', 'Ba']",Al-Ba,Ba4Al
mp-3209179,Ba3AlBi3,0.5566,-0.91973071821429,0.0,False,True,28,6.071898514622735,3,"['Al', 'Ba', 'Bi']",Al-Ba-Bi,Ba3AlBi3
mp-1042180,BaAlCuBiO5,0.0,-1.895034289444445,0.457377735763889,True,False,9,6.5533301461109215,5,"['Al', 'Ba', 'Bi', 'Cu', 'O']",Al-Ba-Bi-Cu-O,BaAlCuBiO5
mp-3203310,Ba5Al3Ga2Bi,0.025199999999999,-0.551057583636362,0.0,False,True,11,5.231939839150843,4,"['Al', 'Ba', 'Bi', 'Ga']",Al-Ba-Bi-Ga,Ba5Al3Ga2Bi
mp-3214392,K3Ba3AlBi4,0.547099999999999,-0.8041689419318241,0.0,False,True,22,4.946343691317099,4,"['Al', 'Ba', 'Bi', 'K']",Al-Ba-Bi-K,K3Ba3AlBi4
mp-1042329,Ba2AlBi3O8,0.0,-1.843993282857143,0.561140867500002,True,False,14,6.921669416850536,4,"['Al', 'Ba', 'Bi', 'O']",Al-Ba-Bi-O,Ba2AlBi3O8
mp-3209125,Rb3Ba3AlBi4,0.533999999999999,-0.7767861412500041,0.0,False,True,22,5.204891511773059,4,"['Al', 'Ba', 'Bi', 'Rb']",Al-Ba-Bi-Rb,Rb3Ba3AlBi4
mp-3208110,Ba2AlBiSe5,2.4284,-1.5198539514236131,0.0,False,True,36,5.366236448399633,4,"['Al', 'Ba', 'Bi', 'Se']",Al-Ba-Bi-Se,Ba2AlBiSe5
mp-3212714,Ba3AlS4Br,3.5288,-2.181924128194446,0.0,False,True,36,4.147963403158623,4,"['Al', 'Ba', 'Br', 'S']",Al-Ba-Br-S,Ba3AlS4Br
mp-3215573,Ba3AlSe4Br,3.199799999999999,-2.068955879861113,0.0,False,True,36,4.836777230459506,4,"['Al', 'Ba', 'Br', 'Se']",Al-Ba-Br-Se,Ba3AlSe4Br
mp-1238408,BaAl2H10C2O13,0.416299999999999,-1.567995157767858,0.407101518571419,False,False,56,1.9954517907010991,5,"['Al', 'Ba', 'C', 'H', 'O']",Al-Ba-C-H-O,BaAl2H10C2O13
mp-1197768,Ba2LiAl(CN2)4,4.1281,-0.870211854114583,0.0,False,True,64,3.091870741103231,5,"['Al', 'Ba', 'C', 'Li', 'N']",Al-Ba-C-Li-N,Ba2LiAl(CN2)4
mp-1195111,BaAl2C2O11,0.0,-1.787870118125,0.452931219375001,True,False,64,2.69587937140663,4,"['Al', 'Ba', 'C', 'O']",Al-Ba-C-O,BaAl2C2O11
mp-1228507,Ba2(CaAl3)3,0.0,-0.288931049285713,0.008165560153056,True,False,14,3.038951057095295,3,"['Al', 'Ba', 'Ca']",Al-Ba-Ca,Ba2(CaAl3)3
mp-18065,BaCaAlF7,7.1873,-4.1013565515,0.0,False,True,40,3.954239104766982,4,"['Al', 'Ba', 'Ca', 'F']",Al-Ba-Ca-F,BaCaAlF7
mp-540862,Ba2CaMgAl2F14,7.2303,-4.041768984500001,0.0,False,True,40,4.054001410143387,5,"['Al', 'Ba', 'Ca', 'F', 'Mg']",Al-Ba-Ca-F-Mg,Ba2CaMgAl2F14
mp-1234250,Ba2CaAl2(Fe4O7)2,1.2034,-1.984268626666666,0.251130980476189,False,False,27,4.866947694054387,5,"['Al', 'Ba', 'Ca', 'Fe', 'O']",Al-Ba-Ca-Fe-O,Ba2CaAl2(Fe4O7)2
mp-3213994,BaCa2(AlH6)2,2.681999999999999,-0.448162422941175,0.0,False,True,17,2.538419118401822,4,"['Al', 'Ba', 'Ca', 'H']",Al-Ba-Ca-H,BaCa2(AlH6)2
mp-1233113,BaCaAl3P2(HO7)2,0.117299999999999,-2.759302755295031,0.082662584427533,False,False,23,3.435712590670526,6,"['Al', 'Ba', 'Ca', 'H', 'O', 'P']",Al-Ba-Ca-H-O-P,BaCaAl3P2(HO7)2
mp-3212747,Ba2Ca(AlSb2)2,0.8426,-0.8962708022222231,0.0,False,True,18,4.619834593798293,4,"['Al', 'Ba', 'Ca', 'Sb']",Al-Ba-Ca-Sb,Ba2Ca(AlSb2)2
mp-3205022,Ba2Ca3(AlSb3)2,0.6009000000000001,-0.96593248076923,0.0,False,True,26,4.6592597435886765,4,"['Al', 'Ba', 'Ca', 'Sb']",Al-Ba-Ca-Sb,Ba2Ca3(AlSb3)2
mp-1214458,BaAlCdF7,5.0553,-3.569504678,0.00136625375001,False,False,40,4.787337439578326,4,"['Al', 'Ba', 'Cd', 'F']",Al-Ba-Cd-F,BaAlCdF7
mp-30023,Ba(AlCl4)2,5.3891,-2.295567081363635,0.0,False,True,22,2.24690424367491,3,"['Al', 'Ba', 'Cl']",Al-Ba-Cl,Ba(AlCl4)2
mp-559534,Ba5Al2In2IrClO13,0.0,-2.699298291388888,0.0,True,True,48,5.973794244102016,6,"['Al', 'Ba', 'Cl', 'In', 'Ir', 'O']",Al-Ba-Cl-In-Ir-O,Ba5Al2In2IrClO13
mp-3216106,Ba3Al2Cl2O5,4.8443000000000005,-3.145864925729169,0.0,False,True,24,4.376105987368859,4,"['Al', 'Ba', 'Cl', 'O']",Al-Ba-Cl-O,Ba3Al2Cl2O5
mp-1042494,BaAlCoCuO5,0.0,-1.898859220555555,0.369164673862851,True,False,9,5.423099355990557,5,"['Al', 'Ba', 'Co', 'Cu', 'O']",Al-Ba-Co-Cu-O,BaAlCoCuO5
mp-1044813,Ba2AlCo2F11,2.8514,-3.403479886770834,0.028522503776041,False,False,48,4.576151147382953,4,"['Al', 'Ba', 'Co', 'F']",Al-Ba-Co-F,Ba2AlCo2F11
mp-1214777,Ba2MnAl2CoF14,2.9722999999999997,-3.574526734396551,0.052614368875008,False,False,40,4.418833296803697,5,"['Al', 'Ba', 'Co', 'F', 'Mn']",Al-Ba-Co-F-Mn,Ba2MnAl2CoF14
mp-3257012,BaAl10CoO17,2.3449,-3.221704239094828,0.0,False,True,58,3.948447713768328,4,"['Al', 'Ba', 'Co', 'O']",Al-Ba-Co-O,BaAl10CoO17
mp-1048180,Ba2AlCo3O8,0.0,-1.915626185714285,0.316013585178566,True,False,14,5.568641865669804,4,"['Al', 'Ba', 'Co', 'O']",Al-Ba-Co-O,Ba2AlCo3O8
mp-1048382,BaAlCo4O7,0.187699999999999,-1.900414839615385,0.106584492499997,False,False,26,5.365962117561573,4,"['Al', 'Ba', 'Co', 'O']",Al-Ba-Co-O,BaAlCo4O7
mp-3302813,Ba3Al10CoO20,0.759599999999999,-3.158137835294117,0.0,False,True,34,4.230818472215279,4,"['Al', 'Ba', 'Co', 'O']",Al-Ba-Co-O,Ba3Al10CoO20
mp-1229173,Ba12Sm4Al3(CoO6)5,0.6442999999999991,-2.838163261666667,0.01745489385802,False,False,54,6.001433488872075,5,"['Al', 'Ba', 'Co', 'O', 'Sm']",Al-Ba-Co-O-Sm,Ba12Sm4Al3(CoO6)5
mp-1266279,Ba2AlTlCo2O7,0.0,-2.023826422948718,0.215186687067307,True,False,13,6.167886400317039,5,"['Al', 'Ba', 'Co', 'O', 'Tl']",Al-Ba-Co-O-Tl,Ba2AlTlCo2O7
mp-1042497,BaAlCrCuO5,0.0,-2.135838199444444,0.436832832824071,True,False,9,5.3831840741403765,5,"['Al', 'Ba', 'Cr', 'Cu', 'O']",Al-Ba-Cr-Cu-O,BaAlCrCuO5
mp-1044788,Ba2AlCr2F11,0.0,-3.601217216979167,0.011234603567715,True,False,48,4.375919981386567,4,"['Al', 'Ba', 'Cr', 'F']",Al-Ba-Cr-F,Ba2AlCr2F11
mp-3209339,Ba4Al3CrH20,2.7485999999999997,-0.4079198787499999,0.0,False,True,28,3.502680475899621,4,"['Al', 'Ba', 'Cr', 'H']",Al-Ba-Cr-H,Ba4Al3CrH20
mp-1048171,Ba2AlCr3O8,0.0,-2.433640662142856,0.380673916964286,True,False,14,5.497769796628769,4,"['Al', 'Ba', 'Cr', 'O']",Al-Ba-Cr-O,Ba2AlCr3O8
mp-1048330,Ba2AlCr3O7,0.0,-2.328945821153846,0.38240768412394,True,False,13,5.381239476350606,4,"['Al', 'Ba', 'Cr', 'O']",Al-Ba-Cr-O,Ba2AlCr3O7
mp-1048544,BaAlCr4O7,0.0,-2.107621928076923,0.431769794230774,True,False,26,4.754565297500663,4,"['Al', 'Ba', 'Cr', 'O']",Al-Ba-Cr-O,BaAlCr4O7
mp-3308878,Ba3Al8Cr3O20,0.2475,-3.118647638235295,0.0,False,True,34,4.257369186719154,4,"['Al', 'Ba', 'Cr', 'O']",Al-Ba-Cr-O,Ba3Al8Cr3O20
mp-3316373,Ba4AlCrO8,0.412799999999999,-2.8778065332142853,0.0,False,True,28,5.26899766304774,4,"['Al', 'Ba', 'Cr', 'O']",Al-Ba-Cr-O,Ba4AlCrO8
mp-1048438,Ba2AlTlCr2O7,0.0,-2.232931499871795,0.416408170747866,True,False,13,6.146988659264892,5,"['Al', 'Ba', 'Cr', 'O', 'Tl']",Al-Ba-Cr-O-Tl,Ba2AlTlCr2O7
mp-3277681,BaAl5Cu6,0.0,-0.258930417499999,0.0,True,True,24,5.863344410142733,3,"['Al', 'Ba', 'Cu']",Al-Ba-Cu,BaAl5Cu6
mp-1228359,Ba5Al3Cu2,0.0,0.109208046999999,0.2583918391,True,False,10,4.206592646325186,3,"['Al', 'Ba', 'Cu']",Al-Ba-Cu,Ba5Al3Cu2
mp-553943,Ba4Al3Cu2F21,0.6525000000000001,-3.613273952083333,0.003664034138858,False,False,120,4.525303450858873,4,"['Al', 'Ba', 'Cu', 'F']",Al-Ba-Cu-F,Ba4Al3Cu2F21
mp-556036,Ba3Al2Cu2F16,0.5940000000000001,-3.484928174130434,0.002015601485533,False,False,46,4.566735662130401,4,"['Al', 'Ba', 'Cu', 'F']",Al-Ba-Cu-F,Ba3Al2Cu2F16
mp-561318,Ba2AlCu2F11,0.843399999999999,-3.243204630729166,0.0,False,True,48,4.642080055490678,4,"['Al', 'Ba', 'Cu', 'F']",Al-Ba-Cu-F,Ba2AlCu2F11
mp-1228786,Ba2AlCuF9,0.146199999999999,-3.551207455384615,0.016621705384618,False,False,26,4.62305881932713,4,"['Al', 'Ba', 'Cu', 'F']",Al-Ba-Cu-F,Ba2AlCuF9
mp-1214705,Ba2MnAl2CuF14,0.8823000000000001,-3.5423848621465512,0.005207103625003,False,False,40,4.4454797215890585,5,"['Al', 'Ba', 'Cu', 'F', 'Mn']",Al-Ba-Cu-F-Mn,Ba2MnAl2CuF14
mp-1042464,BaAlFeCuO5,0.0,-2.006972187222222,0.357992357083342,True,False,9,5.325796829360474,5,"['Al', 'Ba', 'Cu', 'Fe', 'O']",Al-Ba-Cu-Fe-O,BaAlFeCuO5
mp-1042474,BaMnAlCuO5,0.0,-2.081436422547893,0.398079301157409,True,False,9,5.352197777537491,5,"['Al', 'Ba', 'Cu', 'Mn', 'O']",Al-Ba-Cu-Mn-O,BaMnAlCuO5
mp-1042504,BaAlCuMoO5,0.0,-1.9084245883333344,0.6542996143055521,True,False,9,5.505091991966533,5,"['Al', 'Ba', 'Cu', 'Mo', 'O']",Al-Ba-Cu-Mo-O,BaAlCuMoO5
mp-1042478,BaAlCuNiO5,0.0,-1.818531000555555,0.398789525388888,True,False,9,5.78394294035521,5,"['Al', 'Ba', 'Cu', 'Ni', 'O']",Al-Ba-Cu-Ni-O,BaAlCuNiO5
mp-1042186,BaAlCu2O5,0.0,-1.796899098333333,0.365735378784721,True,False,9,5.785502505518243,4,"['Al', 'Ba', 'Cu', 'O']",Al-Ba-Cu-O,BaAlCu2O5
mp-1042435,Ba2AlCu3O8,0.0,-1.745410530714285,0.284177098158485,True,False,14,6.127886273436372,4,"['Al', 'Ba', 'Cu', 'O']",Al-Ba-Cu-O,Ba2AlCu3O8
mp-1048073,Ba2AlCu3O7,0.0,-1.859185651153846,0.277926608750006,True,False,13,5.959778434598862,4,"['Al', 'Ba', 'Cu', 'O']",Al-Ba-Cu-O,Ba2AlCu3O7
mp-1048141,BaAlCu4O7,0.0,-1.6287711407692311,0.15852809492788,True,False,26,5.72663159719508,4,"['Al', 'Ba', 'Cu', 'O']",Al-Ba-Cu-O,BaAlCu4O7
mp-1266326,BaAlCuSbO5,0.0,-1.889367541666667,0.640019702083335,True,False,9,5.092601505654696,5,"['Al', 'Ba', 'Cu', 'O', 'Sb']",Al-Ba-Cu-O-Sb,BaAlCuSbO5
mp-1228395,Ba6Sm3Al(Cu2O5)4,0.0,-2.293286507236843,0.074992525899663,True,False,38,6.357803146303289,5,"['Al', 'Ba', 'Cu', 'O', 'Sm']",Al-Ba-Cu-O-Sm,Ba6Sm3Al(Cu2O5)4
mp-1042199,BaAlCuSnO5,0.0,-1.974052467777778,0.544300877638888,True,False,9,5.593986730427994,5,"['Al', 'Ba', 'Cu', 'O', 'Sn']",Al-Ba-Cu-O-Sn,BaAlCuSnO5
mp-1227989,BaSrAl20(CuO17)2,0.0,-3.260788074482758,0.011421842598502,True,False,58,3.750620888218123,5,"['Al', 'Ba', 'Cu', 'O', 'Sr']",Al-Ba-Cu-O-Sr,BaSrAl20(CuO17)2
mp-1446611,BaTiAlCuO5,0.0,-2.477046089814815,0.541145938472225,True,False,9,5.187154762700098,5,"['Al', 'Ba', 'Cu', 'O', 'Ti']",Al-Ba-Cu-O-Ti,BaTiAlCuO5
mp-1046001,Ba2AlTlCu2O7,0.0,-1.87232523448718,0.277160109887819,True,False,13,6.795378611045272,5,"['Al', 'Ba', 'Cu', 'O', 'Tl']",Al-Ba-Cu-O-Tl,Ba2AlTlCu2O7
mp-1042520,BaAlVCuO5,0.0,-2.206785785,0.531030626805594,True,False,9,5.233225100667928,5,"['Al', 'Ba', 'Cu', 'O', 'V']",Al-Ba-Cu-O-V,BaAlVCuO5
mp-1042519,BaAlCuWO5,0.0,-1.902644431666668,0.6989994348203681,True,False,9,5.752846106373439,5,"['Al', 'Ba', 'Cu', 'O', 'W']",Al-Ba-Cu-O-W,BaAlCuWO5
mp-3201555,BaAlCuP2,0.079499999999999,-0.8359310301904751,0.0,False,True,5,4.696624637578384,4,"['Al', 'Ba', 'Cu', 'P']",Al-Ba-Cu-P,BaAlCuP2
mp-1182176,BaAlCu3Se4,1.5043,-0.8277034954861101,0.174291747083332,False,False,9,4.670129309642913,4,"['Al', 'Ba', 'Cu', 'Se']",Al-Ba-Cu-Se,BaAlCu3Se4
mp-1228068,Ba6Dy2Al4O15,1.9634,-3.380322054012345,0.033519369444444,False,False,27,5.436789220262144,4,"['Al', 'Ba', 'Dy', 'O']",Al-Ba-Dy-O,Ba6Dy2Al4O15
mp-1214427,BaErAl3SiN4O3,2.611899999999999,-2.360687586923077,0.022519388437478,False,False,26,5.192500432560123,6,"['Al', 'Ba', 'Er', 'N', 'O', 'Si']",Al-Ba-Er-N-O-Si,BaErAl3SiN4O3
mp-558566,Ba5Er2ZrAl2O13,2.5871,-3.494424863043479,0.0,False,True,46,5.782774009085941,5,"['Al', 'Ba', 'Er', 'O', 'Zr']",Al-Ba-Er-O-Zr,Ba5Er2ZrAl2O13
mp-3303273,BaEu2AlO5,0.0,-3.230117389305557,0.0,True,True,18,7.029833858471979,4,"['Al', 'Ba', 'Eu', 'O']",Al-Ba-Eu-O,BaEu2AlO5
mp-555144,BaAlF5,7.0742,-4.039143896785715,0.004917924285708,False,False,56,4.293819274395049,3,"['Al', 'Ba', 'F']",Al-Ba-F,BaAlF5
mp-555438,Ba3AlF9,6.6536,-4.08460704125,0.019172446346157,False,False,104,4.733524180109437,3,"['Al', 'Ba', 'F']",Al-Ba-F,Ba3AlF9
mp-1197073,Ba5Al3F19,6.9003,-4.071338076481481,0.006387030787035,False,False,54,4.501925508478078,3,"['Al', 'Ba', 'F']",Al-Ba-F,Ba5Al3F19
mp-3361,Ba3Al2F12,6.7238,-4.072744122794116,0.0,False,True,68,4.809298153509262,3,"['Al', 'Ba', 'F']",Al-Ba-F,Ba3Al2F12
mp-1044845,Ba2AlFe2F11,3.8605,-3.498076629062499,0.027259363359379,False,False,48,4.437398456728892,4,"['Al', 'Ba', 'F', 'Fe']",Al-Ba-F-Fe,Ba2AlFe2F11
mp-1078453,BaAlGeF,0.0,-1.814644572499999,0.0,True,True,8,4.6641712282078345,4,"['Al', 'Ba', 'F', 'Ge']",Al-Ba-F-Ge,BaAlGeF
mp-543044,BaLiAlF6,7.4521,-3.860047451203703,0.0,False,True,36,3.912387309883819,4,"['Al', 'Ba', 'F', 'Li']",Al-Ba-F-Li,BaLiAlF6
mp-1227900,BaLiMg2AlSi3(O5F)2,0.0,-3.354285396666667,0.015826509895846,True,False,20,3.360602402724667,7,"['Al', 'Ba', 'F', 'Li', 'Mg', 'O', 'Si']",Al-Ba-F-Li-Mg-O-Si,BaLiMg2AlSi3(O5F)2
mp-1044811,Ba2Mn2AlF11,0.068799999999999,-3.627614539220546,0.038868617630208,False,False,48,4.393087095210922,4,"['Al', 'Ba', 'F', 'Mn']",Al-Ba-F-Mn,Ba2Mn2AlF11
mp-1214444,BaMnAlF7,4.6514,-3.714422612043102,0.006510797750004,False,False,40,4.336071775786835,4,"['Al', 'Ba', 'F', 'Mn']",Al-Ba-F-Mn,BaMnAlF7
mp-15515,BaNaAlF6,7.148199999999999,-3.827905487097701,0.0,False,True,72,3.808224170865677,4,"['Al', 'Ba', 'F', 'Na']",Al-Ba-F-Na,BaNaAlF6
mp-1227953,BaNa2Sr6Al6(OF16)2,0.8469000000000001,-3.811560327403238,0.067904336819726,False,False,49,3.801175778427905,6,"['Al', 'Ba', 'F', 'Na', 'O', 'Sr']",Al-Ba-F-Na-O-Sr,BaNa2Sr6Al6(OF16)2
mp-1204071,Ba2Na2SrAl4F20,7.1081,-3.888209056474436,0.0,False,True,58,3.778960766865613,5,"['Al', 'Ba', 'F', 'Na', 'Sr']",Al-Ba-F-Na-Sr,Ba2Na2SrAl4F20
mp-1044802,Ba2AlNi2F11,0.8179000000000001,-3.391203846354166,0.113597354895832,False,False,48,4.649830423147605,4,"['Al', 'Ba', 'F', 'Ni']",Al-Ba-F-Ni,Ba2AlNi2F11
mp-3211425,Ba3AlO4F,4.6744,-3.248389503611114,0.0,False,True,36,5.542038756904233,4,"['Al', 'Ba', 'F', 'O']",Al-Ba-F-O,Ba3AlO4F
mp-1214467,BaAlPO5F,0.3407,-3.123066507460318,0.078210859322611,False,False,36,4.213550916360918,5,"['Al', 'Ba', 'F', 'O', 'P']",Al-Ba-F-O-P,BaAlPO5F
mp-1228335,Ba4TiAl3P4(O5F)4,0.0,-3.185414177830688,0.07024621216984,True,False,36,4.238774706171495,6,"['Al', 'Ba', 'F', 'O', 'P', 'Ti']",Al-Ba-F-O-P-Ti,Ba4TiAl3P4(O5F)4
mp-1227818,BaSr11Al4(O4F)4,4.0628,-3.419791733888888,0.007768838441354,False,False,36,4.789409863796864,5,"['Al', 'Ba', 'F', 'O', 'Sr']",Al-Ba-F-O-Sr,BaSr11Al4(O4F)4
mp-1228149,Ba3Sr9Al4(O4F)4,4.282999999999999,-3.420801768611111,0.0,False,True,36,4.991676245573502,5,"['Al', 'Ba', 'F', 'O', 'Sr']",Al-Ba-F-O-Sr,Ba3Sr9Al4(O4F)4
mp-1044546,Ba2AlSn2F11,4.2139,-3.475678861354167,0.045273798059899,False,False,48,4.530801304289189,4,"['Al', 'Ba', 'F', 'Sn']",Al-Ba-F-Sn,Ba2AlSn2F11
mp-1044573,Ba2Ti2AlF11,0.3585,-3.658886314062499,0.118165627178822,False,False,48,4.424055444963607,4,"['Al', 'Ba', 'F', 'Ti']",Al-Ba-F-Ti,Ba2Ti2AlF11
mp-1044800,Ba2AlV2F11,2.4649,-3.634177167187501,0.044082263359373,False,False,48,4.320895477928155,4,"['Al', 'Ba', 'F', 'V']",Al-Ba-F-V,Ba2AlV2F11
mp-1044860,Ba2AlW2F11,1.4113,-3.1112445446875,0.274936750187506,False,False,48,5.586022388286919,4,"['Al', 'Ba', 'F', 'W']",Al-Ba-F-W,Ba2AlW2F11
mp-1228674,Ba2AlZnF9,5.658799999999999,-3.742510765576923,0.004847044134617,False,False,52,4.685269813014067,4,"['Al', 'Ba', 'F', 'Zn']",Al-Ba-F-Zn,Ba2AlZnF9
mp-16483,BaAl9Fe2,0.0,-0.316697639999999,0.0,True,True,12,3.78549225653646,3,"['Al', 'Ba', 'Fe']",Al-Ba-Fe,BaAl9Fe2
mp-1229132,Ba3Al2Ga2(FeO6)2,3.2184,-2.708888433095238,0.014656707023807,False,False,42,4.38196903940705,5,"['Al', 'Ba', 'Fe', 'Ga', 'O']",Al-Ba-Fe-Ga-O,Ba3Al2Ga2(FeO6)2
mp-1233567,Ba2MgAl2(Fe4O7)2,1.4333,-1.98987108648148,0.232712389365078,False,False,27,5.039109799079625,5,"['Al', 'Ba', 'Fe', 'Mg', 'O']",Al-Ba-Fe-Mg-O,Ba2MgAl2(Fe4O7)2
mp-1253719,Ba2AlFe3O7,1.2784,-2.269929637307692,0.137204193214287,False,False,13,4.991060835586974,4,"['Al', 'Ba', 'Fe', 'O']",Al-Ba-Fe-O,Ba2AlFe3O7
mp-1048153,Ba2AlFe3O8,0.0,-2.147870685714285,0.280990424196429,True,False,14,5.693858536062614,4,"['Al', 'Ba', 'Fe', 'O']",Al-Ba-Fe-O,Ba2AlFe3O8
mp-1048359,BaAlFe4O7,0.8155000000000001,-1.9745414019230767,0.200034522211538,False,False,26,5.344382837259402,4,"['Al', 'Ba', 'Fe', 'O']",Al-Ba-Fe-O,BaAlFe4O7
mp-1256846,Ba2AlTlFe2O7,0.0,-2.104918593717948,0.275731510508244,True,False,13,6.147309637010172,5,"['Al', 'Ba', 'Fe', 'O', 'Tl']",Al-Ba-Fe-O-Tl,Ba2AlTlFe2O7
mp-569218,Ba3Al3Ga2,0.0,-0.343171770624998,0.0,True,True,16,4.616962527333262,3,"['Al', 'Ba', 'Ga']",Al-Ba-Ga,Ba3Al3Ga2
mp-1207061,Ba(AlGa)2,0.0,-0.375139314999999,0.0,True,True,5,4.873487613753909,3,"['Al', 'Ba', 'Ga']",Al-Ba-Ga,Ba(AlGa)2
mp-3327855,BaAl3Ga,0.0,-0.335187530999999,0.0,True,True,5,4.151972861276757,3,"['Al', 'Ba', 'Ga']",Al-Ba-Ga,BaAl3Ga
mp-1228405,Ba2AlGa3,0.0,-0.399791602083333,0.014287971666665,True,False,6,5.305451549233519,3,"['Al', 'Ba', 'Ga']",Al-Ba-Ga,Ba2AlGa3
mp-3206240,Ba5Al3InGa2,0.0,-0.396434156818181,0.0,True,True,11,4.749870744523067,4,"['Al', 'Ba', 'Ga', 'In']",Al-Ba-Ga-In,Ba5Al3InGa2
mp-3215232,Ba4AlGa7Ir8,0.0,-0.6528521445000021,0.0,True,True,20,9.923436440425675,4,"['Al', 'Ba', 'Ga', 'Ir']",Al-Ba-Ga-Ir,Ba4AlGa7Ir8
mp-3202588,BaMgAlGa2,0.0,-0.399051774000001,0.0,True,True,5,4.560707357409582,4,"['Al', 'Ba', 'Ga', 'Mg']",Al-Ba-Ga-Mg,BaMgAlGa2
mp-1227987,BaAlGaO4,3.350099999999999,-3.015529935357142,0.015078975892857,False,False,14,4.416556292563088,4,"['Al', 'Ba', 'Ga', 'O']",Al-Ba-Ga-O,BaAlGaO4
mp-3210497,Ba5Al3Ga2Pb,0.0,-0.478809260454544,0.0,True,True,11,5.227500435719255,4,"['Al', 'Ba', 'Ga', 'Pb']",Al-Ba-Ga-Pb,Ba5Al3Ga2Pb
mp-3201905,Ba5Al3Ga2Sb,0.1109,-0.5777296195454551,0.0,False,True,11,4.916227479256124,4,"['Al', 'Ba', 'Ga', 'Sb']",Al-Ba-Ga-Sb,Ba5Al3Ga2Sb
mp-3241010,Ba3AlGaSi2,0.0,-0.462775063571431,0.0,True,True,7,4.292015564123252,4,"['Al', 'Ba', 'Ga', 'Si']",Al-Ba-Ga-Si,Ba3AlGaSi2
mp-3206817,Ba5Al3Ga2Sn,0.0,-0.485805455,0.0,True,True,11,4.84947843292841,4,"['Al', 'Ba', 'Ga', 'Sn']",Al-Ba-Ga-Sn,Ba5Al3Ga2Sn
mp-3213237,BaSr2Al3Ga2,0.0,-0.419912667500002,0.0,True,True,16,4.212903504579328,4,"['Al', 'Ba', 'Ga', 'Sr']",Al-Ba-Ga-Sr,BaSr2Al3Ga2
mp-3201781,BaAlZnGa2,0.0,-0.39610441,0.000712795615381,True,False,5,5.522809581726374,4,"['Al', 'Ba', 'Ga', 'Zn']",Al-Ba-Ga-Zn,BaAlZnGa2
mp-1214682,Ba6Gd2Al4O15,3.431899999999999,-3.39090210462963,0.0,False,True,54,5.539284731925078,4,"['Al', 'Ba', 'Gd', 'O']",Al-Ba-Gd-O,Ba6Gd2Al4O15
mp-1214525,Ba5Gd2ZrAl2O13,2.4626,-3.440172720217391,0.017714718586967,False,False,46,5.536451785172356,5,"['Al', 'Ba', 'Gd', 'O', 'Zr']",Al-Ba-Gd-O-Zr,Ba5Gd2ZrAl2O13
mp-13272,BaAlGe,0.0,-0.475891188333328,0.0,True,True,3,4.587281021346623,3,"['Al', 'Ba', 'Ge']",Al-Ba-Ge,BaAlGe
mp-567067,Ba7Al4Ge9,0.0,-0.5177075062499971,0.0,True,True,20,4.880561184266195,3,"['Al', 'Ba', 'Ge']",Al-Ba-Ge,Ba7Al4Ge9
mp-570390,Ba5Al2Ge7,0.0,-0.527330480714285,0.0,True,True,28,5.041980910184754,3,"['Al', 'Ba', 'Ge']",Al-Ba-Ge,Ba5Al2Ge7
mp-570482,Ba(AlGe)2,0.0,-0.396577814,0.0,True,True,20,4.623292157090168,3,"['Al', 'Ba', 'Ge']",Al-Ba-Ge,Ba(AlGe)2
mp-10669,Ba3(AlGe)2,0.0,-0.478304637142857,0.0,True,True,7,4.490334279409258,3,"['Al', 'Ba', 'Ge']",Al-Ba-Ge,Ba3(AlGe)2
mp-27568,Ba10Al3Ge7,0.0,-0.5052956942499991,0.0056085552499999,True,False,40,4.635057845002134,3,"['Al', 'Ba', 'Ge']",Al-Ba-Ge,Ba10Al3Ge7
mp-1207108,BaAlGeH,0.7492999999999991,-0.5559276915625,0.0,False,True,4,4.5252736413746,4,"['Al', 'Ba', 'Ge', 'H']",Al-Ba-Ge-H,BaAlGeH
mp-3213937,Ba2LiAlGe2,0.0,-0.588877158611111,0.0,True,True,12,4.607152521029995,4,"['Al', 'Ba', 'Ge', 'Li']",Al-Ba-Ge-Li,Ba2LiAlGe2
mp-556178,BaAl2(GeO4)2,4.0798,-2.900718550961538,0.0,False,True,52,3.87906432187883,4,"['Al', 'Ba', 'Ge', 'O']",Al-Ba-Ge-O,BaAl2(GeO4)2
mp-3201467,Ba4Al4Si3Ge,0.0,-0.459241418750001,0.0,True,True,12,4.007844581689453,4,"['Al', 'Ba', 'Ge', 'Si']",Al-Ba-Ge-Si,Ba4Al4Si3Ge
mp-644097,BaAlH5,2.7537000000000003,-0.450698718392857,0.0,False,True,28,3.382103234435417,3,"['Al', 'Ba', 'H']",Al-Ba-H,BaAlH5
mp-698114,Ba2AlH7,3.0237,-0.530188697624993,0.0,False,True,40,3.591654886579048,3,"['Al', 'Ba', 'H']",Al-Ba-H,Ba2AlH7
mp-3202140,KBaAlH6,3.5197,-0.444524729027777,0.0,False,True,9,2.796724771080542,4,"['Al', 'Ba', 'H', 'K']",Al-Ba-H-K,KBaAlH6
mp-1233007,BaLiAl3P2(HO7)2,3.133999999999999,-2.593113149787784,0.087936503217838,False,False,23,3.038734584677023,6,"['Al', 'Ba', 'H', 'Li', 'O', 'P']",Al-Ba-H-Li-O-P,BaLiAl3P2(HO7)2
mp-1233034,BaMgAl3P2(HO7)2,0.0,-2.660692932468944,0.131562706376808,True,False,23,3.484244003100701,6,"['Al', 'Ba', 'H', 'Mg', 'O', 'P']",Al-Ba-H-Mg-O-P,BaMgAl3P2(HO7)2
mp-1199471,BaNaAlMo6(H13O17)2,3.4128,-1.6850222570852071,0.012124159574273,False,False,138,2.831959916376174,6,"['Al', 'Ba', 'H', 'Mo', 'Na', 'O']",Al-Ba-H-Mo-Na-O,BaNaAlMo6(H13O17)2
mp-707218,Ba3AlHO4,4.0379,-2.760497843194445,0.0,False,True,36,5.18772349380992,4,"['Al', 'Ba', 'H', 'O']",Al-Ba-H-O,Ba3AlHO4
mp-696776,BaAl3P2(HO7)2,0.0,-2.517980785990258,0.105325813106055,True,False,22,3.167626672238859,5,"['Al', 'Ba', 'H', 'O', 'P']",Al-Ba-H-O-P,BaAl3P2(HO7)2
mp-691076,Ba2Al4Si6H14O27,0.608899999999999,-1.887409925896226,0.6848328179402481,False,False,53,2.747895785653866,5,"['Al', 'Ba', 'H', 'O', 'Si']",Al-Ba-H-O-Si,Ba2Al4Si6H14O27
mp-571093,BaAlSiH,0.709299999999999,-0.4598301253125,0.0,False,True,4,3.751107717406331,4,"['Al', 'Ba', 'H', 'Si']",Al-Ba-H-Si,BaAlSiH
mp-3201767,BaAlSnHg2,0.0,-0.409847144000002,0.0,True,True,5,8.255589785649248,4,"['Al', 'Ba', 'Hg', 'Sn']",Al-Ba-Hg-Sn,BaAlSnHg2
mp-684935,Ba2Ho2Al3Si5N11O3,0.0,-1.360979713076924,0.5521238182211521,True,False,26,4.575056063728946,6,"['Al', 'Ba', 'Ho', 'N', 'O', 'Si']",Al-Ba-Ho-N-O-Si,Ba2Ho2Al3Si5N11O3
mp-1228344,Ba6Ho2Al2Rh2O15,0.0,-2.937138739074074,0.025456861222208,True,False,27,6.024163081139,5,"['Al', 'Ba', 'Ho', 'O', 'Rh']",Al-Ba-Ho-O-Rh,Ba6Ho2Al2Rh2O15
mp-1214508,Ba5Ho2ZrAl2O13,2.5553,-3.484122804565217,0.0,False,True,46,5.728414549893321,5,"['Al', 'Ba', 'Ho', 'O', 'Zr']",Al-Ba-Ho-O-Zr,Ba5Ho2ZrAl2O13
mp-3210354,Ba(AlI4)2,3.527599999999999,-1.154326353181816,0.0,False,True,22,3.79371555440626,3,"['Al', 'Ba', 'I']",Al-Ba-I,Ba(AlI4)2
mp-3212159,BaAlIO6,3.5976,-1.9791837688888887,0.0,False,True,18,4.954498414040633,4,"['Al', 'Ba', 'I', 'O']",Al-Ba-I-O,BaAlIO6
mp-3202241,Ba2AlPtI,0.0,-1.174354693499998,0.0,True,True,10,6.041094812807692,4,"['Al', 'Ba', 'I', 'Pt']",Al-Ba-I-Pt,Ba2AlPtI
mp-3213799,Ba3AlS4I,3.3594,-2.08548255263889,0.0,False,True,36,4.246930742800899,4,"['Al', 'Ba', 'I', 'S']",Al-Ba-I-S,Ba3AlS4I
mp-3207699,Ba3AlSe4I,3.057,-1.9888968968055591,0.0,False,True,36,4.926173308204493,4,"['Al', 'Ba', 'I', 'Se']",Al-Ba-I-Se,Ba3AlSe4I
mp-3207881,Ba2AlSiI,0.0,-0.935308484499998,0.0,True,True,10,4.461303449081791,4,"['Al', 'Ba', 'I', 'Si']",Al-Ba-I-Si,Ba2AlSiI
mp-1228416,Ba2AlIn3,0.0,-0.401642341666666,0.016845140378787,True,False,6,5.577708933488105,3,"['Al', 'Ba', 'In']",Al-Ba-In,Ba2AlIn3
mp-556282,Ba2AlInO5,2.0183,-2.872980514907408,0.0,False,True,36,5.413376434001932,4,"['Al', 'Ba', 'In', 'O']",Al-Ba-In-O,Ba2AlInO5
mp-3201843,Ba5Al4InPb,0.0,-0.429884779545452,0.000902578409082,True,False,11,4.954199779523764,4,"['Al', 'Ba', 'In', 'Pb']",Al-Ba-In-Pb,Ba5Al4InPb
mp-3202845,BaAl5Ir2,0.0,-0.7504545031250021,0.0,True,True,8,6.50797754369461,3,"['Al', 'Ba', 'Ir']",Al-Ba-Ir,BaAl5Ir2
mp-21742,Ba5AlIr2O11,0.0,-2.553505045263157,0.0,True,True,76,6.789286072428465,4,"['Al', 'Ba', 'Ir', 'O']",Al-Ba-Ir-O,Ba5AlIr2O11
mp-1228412,Ba4Al(IrO5)2,0.0,-2.468470486764705,0.026954165025944,True,False,34,7.165946708113734,4,"['Al', 'Ba', 'Ir', 'O']",Al-Ba-Ir-O,Ba4Al(IrO5)2
mp-3207401,KBaAlO3,4.3331,-2.8306631783333343,0.0,False,True,24,4.041075656325318,4,"['Al', 'Ba', 'K', 'O']",Al-Ba-K-O,KBaAlO3
mp-677121,KBaAl3Si5O16,4.7146,-3.340123225278845,0.009502917307693,False,False,26,2.864304848019283,5,"['Al', 'Ba', 'K', 'O', 'Si']",Al-Ba-K-O-Si,KBaAl3Si5O16
mp-706815,KBa7Al15Si17O64,4.1533,-3.405372870838942,0.022759083076923,False,False,104,3.148321411721984,5,"['Al', 'Ba', 'K', 'O', 'Si']",Al-Ba-K-O-Si,KBa7Al15Si17O64
mp-3210803,K3Ba3AlP4,1.149,-0.9134358348322512,0.0,False,True,22,3.212924784086619,4,"['Al', 'Ba', 'K', 'P']",Al-Ba-K-P,K3Ba3AlP4
mp-3209880,K3Ba3AlSb4,0.9853,-0.929718955113638,0.0,False,True,22,3.897939595565611,4,"['Al', 'Ba', 'K', 'Sb']",Al-Ba-K-Sb,K3Ba3AlSb4
mp-3247563,Ba3La2Al9,0.0,-0.386752129642857,0.0,True,True,14,4.227963781098427,3,"['Al', 'Ba', 'La']",Al-Ba-La,Ba3La2Al9
mp-3253069,BaLi2La2Al7,0.0,-0.393139080694444,0.0,True,True,12,3.849637835728817,4,"['Al', 'Ba', 'La', 'Li']",Al-Ba-La-Li,BaLi2La2Al7
mp-16934,BaLaAlO4,4.4355,-3.516998215357143,0.010200409107143,False,False,28,5.689957755308701,4,"['Al', 'Ba', 'La', 'O']",Al-Ba-La-O,BaLaAlO4
mp-3250655,BaLi2Nd2Al7,0.0,-0.402867951111109,0.0,True,True,12,4.026753212829107,4,"['Al', 'Ba', 'Li', 'Nd']",Al-Ba-Li-Nd,BaLi2Nd2Al7
mp-3200860,BaLiAlP2,1.0013,-1.039481165523808,0.0,False,True,5,3.636495913792111,4,"['Al', 'Ba', 'Li', 'P']",Al-Ba-Li-P,BaLiAlP2
mp-3207754,Ba2LiAlS4,2.665599999999999,-1.942755208489584,0.0,False,True,32,3.6004185531752952,4,"['Al', 'Ba', 'Li', 'S']",Al-Ba-Li-S,Ba2LiAlS4
mp-3214445,Ba2LiAlSn2,0.0,-0.6244354336111111,0.0,True,True,12,4.765375495357142,4,"['Al', 'Ba', 'Li', 'Sn']",Al-Ba-Li-Sn,Ba2LiAlSn2
mp-3313323,Ba2LuAlO5,2.626,-3.386483575879628,0.0,False,True,36,6.122685842111524,4,"['Al', 'Ba', 'Lu', 'O']",Al-Ba-Lu-O,Ba2LuAlO5
mp-1214530,Ba6Lu2Al4O15,3.8537999999999992,-3.436350634567901,0.0,False,True,54,5.900475787388528,4,"['Al', 'Ba', 'Lu', 'O']",Al-Ba-Lu-O,Ba6Lu2Al4O15
mp-3215843,Ba5Lu2TaAl2O13,0.576299999999999,-3.376516025409419,0.0,False,True,46,6.665020570976058,5,"['Al', 'Ba', 'Lu', 'O', 'Ta']",Al-Ba-Lu-O-Ta,Ba5Lu2TaAl2O13
mp-1214534,Ba5Lu2ZrAl2O13,2.552899999999999,-3.517275125797103,0.0,False,True,46,5.989654567025948,5,"['Al', 'Ba', 'Lu', 'O', 'Zr']",Al-Ba-Lu-O-Zr,Ba5Lu2ZrAl2O13
mp-1023278,BaMg6Al,0.0,0.124955704375,0.18884771144719,True,False,16,2.378759303994579,3,"['Al', 'Ba', 'Mg']",Al-Ba-Mg,BaMg6Al
mp-1028249,BaMg14Al,0.0,0.106249501875,0.138272975898437,True,False,16,2.115266816233426,3,"['Al', 'Ba', 'Mg']",Al-Ba-Mg,BaMg14Al
mp-1033059,BaMg6AlO8,0.000799999999999,-2.55204061875,0.480974275234374,False,False,16,3.718604645475887,4,"['Al', 'Ba', 'Mg', 'O']",Al-Ba-Mg-O,BaMg6AlO8
mp-1036515,BaMg14AlO16,0.0,-2.7808653990625,0.254796632929688,True,False,32,3.628184831478435,4,"['Al', 'Ba', 'Mg', 'O']",Al-Ba-Mg-O,BaMg14AlO16
mp-1037958,BaMg30AlO32,0.0,-2.9304101403125,0.106575460683593,True,False,64,3.571082081189829,4,"['Al', 'Ba', 'Mg', 'O']",Al-Ba-Mg-O,BaMg30AlO32
mp-694056,BaMg2Al6(Si3O10)3,3.8662,-3.329089233125,0.028005826944445,False,False,96,2.711399862225001,5,"['Al', 'Ba', 'Mg', 'O', 'Si']",Al-Ba-Mg-O-Si,BaMg2Al6(Si3O10)3
mp-3202933,BaMg(Al2Pt)2,0.0,-0.838867198749998,0.0,True,True,8,6.461297046200307,4,"['Al', 'Ba', 'Mg', 'Pt']",Al-Ba-Mg-Pt,BaMg(Al2Pt)2
mp-3268624,BaMnAl10O17,2.850799999999999,-3.273336233387336,0.0,False,True,58,3.891864300213189,4,"['Al', 'Ba', 'Mn', 'O']",Al-Ba-Mn-O,BaMnAl10O17
mp-3282635,BaMn7AlO16,0.0531,-2.356135615055171,0.0,False,True,25,4.88212780432887,4,"['Al', 'Ba', 'Mn', 'O']",Al-Ba-Mn-O,BaMn7AlO16
mp-3284535,BaMn6Al2O16,1.6722,-2.478260959675862,0.0,False,True,25,4.798797728079547,4,"['Al', 'Ba', 'Mn', 'O']",Al-Ba-Mn-O,BaMn6Al2O16
mp-1048103,Ba2Mn3AlO8,0.0,-2.340782317413792,0.290705119732143,True,False,14,5.553442377075837,4,"['Al', 'Ba', 'Mn', 'O']",Al-Ba-Mn-O,Ba2Mn3AlO8
mp-1048319,Ba2Mn3AlO7,0.0,-2.272259519907161,0.363847830256411,True,False,13,5.357008020458242,4,"['Al', 'Ba', 'Mn', 'O']",Al-Ba-Mn-O,Ba2Mn3AlO7
mp-1048458,BaMn4AlO7,0.0,-2.285699286671086,0.215945237532052,True,False,26,4.760779295938652,4,"['Al', 'Ba', 'Mn', 'O']",Al-Ba-Mn-O,BaMn4AlO7
mp-3309454,Ba3MnAl10O20,3.016,-3.252259978367139,0.0,False,True,34,4.196388483883161,4,"['Al', 'Ba', 'Mn', 'O']",Al-Ba-Mn-O,Ba3MnAl10O20
mp-3315579,Ba4MnAlO8,1.922399999999999,-2.810864222820198,0.0,False,True,28,5.321080408724396,4,"['Al', 'Ba', 'Mn', 'O']",Al-Ba-Mn-O,Ba4MnAlO8
mp-3319072,BaMnAl4O9,2.5102,-3.116912611215517,0.0,False,True,30,4.015278459325872,4,"['Al', 'Ba', 'Mn', 'O']",Al-Ba-Mn-O,BaMnAl4O9
mp-1227545,BaSrMn2Al9PbO20,1.233,-3.09875275958418,0.0,False,True,34,4.407517106531955,6,"['Al', 'Ba', 'Mn', 'O', 'Pb', 'Sr']",Al-Ba-Mn-O-Pb-Sr,BaSrMn2Al9PbO20
mp-1048457,Ba2Mn2AlTlO7,0.0,-2.171155513399646,0.350148458685899,True,False,13,6.09809593576122,5,"['Al', 'Ba', 'Mn', 'O', 'Tl']",Al-Ba-Mn-O-Tl,Ba2Mn2AlTlO7
mp-1048236,Ba2AlMo3O8,0.0,-2.206583786428572,0.361951827589288,True,False,14,5.7696165029797735,4,"['Al', 'Ba', 'Mo', 'O']",Al-Ba-Mo-O,Ba2AlMo3O8
mp-1246710,Ba3AlN3,0.3069,-0.8091049957142851,0.059022259166667,False,False,14,4.676814041799825,3,"['Al', 'Ba', 'N']",Al-Ba-N,Ba3AlN3
mp-1247525,Ba3Al3N5,1.776499999999999,-1.091942301363637,0.041658692272728,False,False,22,5.079913128463904,3,"['Al', 'Ba', 'N']",Al-Ba-N,Ba3Al3N5
mp-17133,Ba3(AlN2)2,1.5661999999999991,-1.033622193333334,0.0,False,True,36,5.348608350006547,3,"['Al', 'Ba', 'N']",Al-Ba-N,Ba3(AlN2)2
mp-706268,BaAlSi5N7O2,1.533,-1.0741057928125,0.7304176643749991,False,False,32,3.589628898137882,5,"['Al', 'Ba', 'N', 'O', 'Si']",Al-Ba-N-O-Si,BaAlSi5N7O2
mp-1019531,BaAl2Si3(NO)4,3.5521000000000003,-2.3824693942857142,0.0,False,True,28,3.474880879403664,5,"['Al', 'Ba', 'N', 'O', 'Si']",Al-Ba-N-O-Si,BaAl2Si3(NO)4
mp-1019537,BaAlSi4N5O3,3.2165,-2.068949156071428,0.036810828046219,False,False,28,3.5358997657532623,5,"['Al', 'Ba', 'N', 'O', 'Si']",Al-Ba-N-O-Si,BaAlSi4N5O3
mp-684810,BaSm5Al3Si9N20O,2.765799999999999,-1.5619497020512811,0.036834542425211,False,False,39,5.152262165094041,6,"['Al', 'Ba', 'N', 'O', 'Si', 'Sm']",Al-Ba-N-O-Si-Sm,BaSm5Al3Si9N20O
mp-684728,Ba2Tm2Al3Si5N11O3,0.0,-0.371177769230771,1.553947581057698,True,False,26,4.279738145914759,6,"['Al', 'Ba', 'N', 'O', 'Si', 'Tm']",Al-Ba-N-O-Si-Tm,Ba2Tm2Al3Si5N11O3
